taxon,Genus,Species,Phylum,Class,Order,Family,Lineage,rep_gene,n_pairs_P,median_delta_P,p_P,p_P_adj,q80_rel_P,iqr_P,sd_P,p_PH,p_PH_adj,cliffs_delta_PH,HL_P_ok_adapt,prev_baseline_P,median_a_P,Cohort,Sex,Status
42123, g__Streptosporangium, s__unclassified, p__Actinobacteria, c__Actinobacteria, o__Actinomycetales, f__Streptosporangiaceae,k__Bacteria; p__Actinobacteria; c__Actinobacteria; o__Actinomycetales; f__Streptosporangiaceae; g__Streptosporangium; s__unclassified; 42123; AF191733.1 gg_id:12095 Streptosporangium sp. str. 11007, AF191733.1 gg_id:12095 Streptosporangium sp. str. 11007,10,-3.0,0.76953125,0.8836442490494296,0.04507152884866715,423.5,319.5441082420739,0.7750513736700824,0.9376534160753778,0.08888888888888889,True,1.0,9964.0,FMF,Male,Placebo-resistant (STRICT-ADAPTIVE)
4836, g__Salmonella, s__Salmonella enterica, p__Proteobacteria, c__Gammaproteobacteria, o__Enterobacteriales, f__Enterobacteriaceae,k__Bacteria; p__Proteobacteria; c__Gammaproteobacteria; o__Enterobacteriales; f__Enterobacteriaceae; g__Salmonella; s__Salmonella enterica; 4836; EF604237.1 gg_id:227737 Salmonella typhimurium Exploits Inflammation Compete Intestinal Microbiota mouse cecum clone 16saw14-01f08.w2k926r, EF604237.1 gg_id:227737 Salmonella typhimurium Exploits Inflammation Compete Intestinal Microbiota mouse cecum clone 16saw14-01f08.w2k926r,10,30.5,0.556640625,0.7914449891791329,0.05843019025792135,901.0,516.1846569946327,0.9025232501776794,0.9754023282151151,0.044444444444444446,True,1.0,12509.5,FMF,Male,Placebo-resistant (STRICT-ADAPTIVE)
26831, g__Ruminococcus, s__unclassified, p__Firmicutes, c__Clostridia, o__Clostridiales, f__Ruminococcaceae,k__Bacteria; p__Firmicutes; c__Clostridia; o__Clostridiales; f__Ruminococcaceae; g__Ruminococcus; s__unclassified; 26831; DQ801034.1 gg_id:182668 human fecal clone RL387_aao91c01, DQ801034.1 gg_id:182668 human fecal clone RL387_aao91c01,10,104.0,0.6953125,0.848255880244983,0.07100706647110504,499.25,1246.8889938514085,0.7750513736700824,0.9376534160753778,0.08888888888888889,True,1.0,13266.0,FMF,Male,Placebo-resistant (STRICT-ADAPTIVE)
30706, g__Corynebacterium, s__unclassified, p__Actinobacteria, c__Actinobacteria, o__Actinomycetales, f__Corynebacteriaceae,k__Bacteria; p__Actinobacteria; c__Actinobacteria; o__Actinomycetales; f__Corynebacteriaceae; g__Corynebacterium; s__unclassified; 30706; GQ029398.1 gg_id:452300 Topographical and Temporal Human Skin Microbiome skin occiput clone nbw925e11c1, GQ029398.1 gg_id:452300 Topographical and Temporal Human Skin Microbiome skin occiput clone nbw925e11c1,10,60.0,0.76953125,0.8836442490494296,0.015008340838751957,191.25,214.70324011424594,0.9025232501776794,0.9754023282151151,-0.044444444444444446,True,1.0,13081.0,FMF,Male,Placebo-resistant (STRICT-ADAPTIVE)
26317, g__Faecalibacterium, s__Faecalibacterium prausnitzii, p__Firmicutes, c__Clostridia, o__Clostridiales, f__Ruminococcaceae,k__Bacteria; p__Firmicutes; c__Clostridia; o__Clostridiales; f__Ruminococcaceae; g__Faecalibacterium; s__Faecalibacterium prausnitzii; 26317; DQ800929.1 gg_id:181459 human fecal clone RL387_aao89d11, DQ800929.1 gg_id:181459 human fecal clone RL387_aao89d11,10,126.5,0.6953125,0.848255880244983,0.02237787320308394,296.25,386.22810048093487,0.7750513736700824,0.9376534160753778,-0.08888888888888889,True,1.0,13990.0,FMF,Male,Placebo-resistant (STRICT-ADAPTIVE)
50107, g__Dialister, s__Dialister invisus, p__Firmicutes, c__Clostridia, o__Clostridiales, f__Veillonellaceae,k__Bacteria; p__Firmicutes; c__Clostridia; o__Clostridiales; f__Veillonellaceae; g__Dialister; s__Dialister invisus; 50107; GQ047238.1 gg_id:466398 Topographical and Temporal Human Skin Microbiome skin buttock clone nbw1010d04c1, GQ047238.1 gg_id:466398 Topographical and Temporal Human Skin Microbiome skin buttock clone nbw1010d04c1,10,-95.0,1.0,1.0,0.02736810974954809,456.75,431.5202145644834,0.967435545139537,0.9928887934220945,0.022222222222222223,True,1.0,11926.0,FMF,Male,Placebo-resistant (STRICT-ADAPTIVE)
37376, g__Corynebacterium, s__unclassified, p__Actinobacteria, c__Actinobacteria, o__Actinomycetales, f__Corynebacteriaceae,k__Bacteria; p__Actinobacteria; c__Actinobacteria; o__Actinomycetales; f__Corynebacteriaceae; g__Corynebacterium; s__unclassified; 37376; FM873770.1 gg_id:358127 occupant source house mattress dust clone MA04D05, FM873770.1 gg_id:358127 occupant source house mattress dust clone MA04D05,10,155.0,0.4921875,0.7635226801988401,0.04239965274409459,327.5,419.9981056518126,0.6533789106936937,0.9002109436224224,0.13333333333333333,True,1.0,13106.5,FMF,Male,Placebo-resistant (STRICT-ADAPTIVE)
25154, g__Faecalibacterium, s__unclassified, p__Firmicutes, c__Clostridia, o__Clostridiales, f__Ruminococcaceae,k__Bacteria; p__Firmicutes; c__Clostridia; o__Clostridiales; f__Ruminococcaceae; g__Faecalibacterium; s__unclassified; 25154; FJ684396.1 gg_id:531731 Synecology primary and secondary habitats Escherichia coli O157:H7 fecal MARC beef cattle feedlot animal #4228 pen 301; was negative STEC O157 clone 6-4L1, FJ684396.1 gg_id:531731 Synecology primary and secondary habitats Escherichia coli O157:H7 fecal MARC beef cattle feedlot animal #4228 pen 301 was negative STEC O157 clone 6-4L1,10,238.0,0.232421875,0.7315836036008729,0.06533990512522528,430.0,1002.3369718152563,0.8382564863858263,0.9581536201140475,0.06666666666666667,True,1.0,12869.5,FMF,Male,Placebo-resistant (STRICT-ADAPTIVE)
9117, g__Diaphorobacter, s__unclassified, p__Proteobacteria, c__Betaproteobacteria, o__Burkholderiales, f__Comamonadaceae,k__Bacteria; p__Proteobacteria; c__Betaproteobacteria; o__Burkholderiales; f__Comamonadaceae; g__Diaphorobacter; s__unclassified; 9117; GQ105786.1 gg_id:461385 Topographical and Temporal Human Skin Microbiome skin axillary vault clone nbw576c10c1, GQ105786.1 gg_id:461385 Topographical and Temporal Human Skin Microbiome skin axillary vault clone nbw576c10c1,10,97.5,0.322265625,0.7315836036008729,0.051073592896839916,192.5,501.8281935848829,0.9025232501776794,0.9754023282151151,0.044444444444444446,True,1.0,11175.0,FMF,Male,Placebo-resistant (STRICT-ADAPTIVE)
56360, g__Akkermansia, s__Akkermansia muciniphila, p__Verrucomicrobia, c__Verrucomicrobiae, o__Verrucomicrobiales, f__Verrucomicrobiaceae,k__Bacteria; p__Verrucomicrobia; c__Verrucomicrobiae; o__Verrucomicrobiales; f__Verrucomicrobiaceae; g__Akkermansia; s__Akkermansia muciniphila; 56360; DQ805361.1 gg_id:180315 human fecal clone RL203_aai61f09, DQ805361.1 gg_id:180315 human fecal clone RL203_aai61f09,10,133.5,0.431640625,0.7455067855825108,0.07503644215354037,737.0,707.3497766868164,0.9025232501776794,0.9754023282151151,0.044444444444444446,True,1.0,9069.5,FMF,Male,Placebo-resistant (STRICT-ADAPTIVE)
17742, g__Roseburia, s__Eubacterium rectale, p__Firmicutes, c__Clostridia, o__Clostridiales, f__Lachnospiraceae,k__Bacteria; p__Firmicutes; c__Clostridia; o__Clostridiales; f__Lachnospiraceae; g__Roseburia; s__Eubacterium rectale; 17742; FJ364641.1 gg_id:367198 feces adult twins and mothers; TS19 clone TS19_a01d01, FJ364641.1 gg_id:367198 feces adult twins and mothers TS19 clone TS19_a01d01,10,86.5,0.6953125,0.848255880244983,0.04578453909235223,607.75,468.57584850860115,0.8382564863858263,0.9581536201140475,0.06666666666666667,True,1.0,13874.0,FMF,Male,Placebo-resistant (STRICT-ADAPTIVE)
29861, g__Corynebacterium, s__unclassified, p__Actinobacteria, c__Actinobacteria, o__Actinomycetales, f__Corynebacteriaceae,k__Bacteria; p__Actinobacteria; c__Actinobacteria; o__Actinomycetales; f__Corynebacteriaceae; g__Corynebacterium; s__unclassified; 29861; GQ037107.1 gg_id:390130 Topographical and Temporal Human Skin Microbiome skin occiput clone nbu388h11c1, GQ037107.1 gg_id:390130 Topographical and Temporal Human Skin Microbiome skin occiput clone nbu388h11c1,10,-20.0,0.625,0.8184138750961605,0.016588687255717785,160.0,209.71647149849196,0.8382564863858263,0.9581536201140475,0.06666666666666667,True,1.0,13884.0,FMF,Male,Placebo-resistant (STRICT-ADAPTIVE)
15014, g__unclassified, s__unclassified, p__Proteobacteria, c__Betaproteobacteria, o__Burkholderiales, f__Alcaligenaceae,k__Bacteria; p__Proteobacteria; c__Betaproteobacteria; o__Burkholderiales; f__Alcaligenaceae; g__unclassified; s__unclassified; 15014; EF096018.1 gg_id:189188 mouse cecum clone lean2_aaa02b05, EF096018.1 gg_id:189188 mouse cecum clone lean2_aaa02b05,10,497.5,0.556640625,0.7914449891791329,0.09868043114759419,1277.0,1136.4111306291302,1.0,1.0,0.0,True,1.0,10839.5,FMF,Male,Placebo-resistant (STRICT-ADAPTIVE)
67207, g__Prevotella, s__unclassified, p__Bacteroidetes, c__Bacteroidia, o__Bacteroidales, f__Prevotellaceae,k__Bacteria; p__Bacteroidetes; c__Bacteroidia; o__Bacteroidales; f__Prevotellaceae; g__Prevotella; s__unclassified; 67207; GQ491487.1 gg_id:582564 Effect Diet on Human Gut Microbiome: Metagenomic Humanized Gnotobiotic Mice cecal contents Mus musculus strain C57BL/6J; PM3 clone PM3_a04e09, GQ491487.1 gg_id:582564 Effect Diet on Human Gut Microbiome: Metagenomic Humanized Gnotobiotic Mice cecal contents Mus musculus strain C57BL/6J PM3 clone PM3_a04e09,10,400.5,0.375,0.7328566955432627,0.07148981968740149,404.5,831.2339263749204,0.6533789106936937,0.9002109436224224,0.13333333333333333,True,1.0,13728.5,FMF,Male,Placebo-resistant (STRICT-ADAPTIVE)
71684, g__sfA, s__unclassified, p__Tenericutes, c__Mollicutes, o__RF39, f__unclassified,k__Bacteria; p__Tenericutes; c__Mollicutes; o__RF39; f__unclassified; g__sfA; s__unclassified; 71684; FJ440078.1 gg_id:567506 Megamonas hypermegale colonization correlates Campylobacter jejuni exclusion poultry cecal microbiota clone ABXD_V9, FJ440078.1 gg_id:567506 Megamonas hypermegale colonization correlates Campylobacter jejuni exclusion poultry cecal microbiota clone ABXD_V9,10,313.0,0.625,0.8184138750961605,0.10845910578578023,1228.75,1162.6043330199086,0.6533789106936937,0.9002109436224224,0.13333333333333333,True,1.0,12523.0,FMF,Male,Placebo-resistant (STRICT-ADAPTIVE)
5362, g__Serratia, s__unclassified, p__Proteobacteria, c__Gammaproteobacteria, o__Enterobacteriales, f__Enterobacteriaceae,k__Bacteria; p__Proteobacteria; c__Gammaproteobacteria; o__Enterobacteriales; f__Enterobacteriaceae; g__Serratia; s__unclassified; 5362; AM696788.1 gg_id:222984 sequencing libraries indoor dust clone BF0001A075, AM696788.1 gg_id:222984 sequencing libraries indoor dust clone BF0001A075,10,421.5,0.556640625,0.7914449891791329,0.10175327986945878,1331.0,1257.4920873269941,0.7750513736700824,0.9376534160753778,0.08888888888888889,True,1.0,10835.0,FMF,Male,Placebo-resistant (STRICT-ADAPTIVE)
16149, g__Succinivibrio, s__unclassified, p__Proteobacteria, c__Gammaproteobacteria, o__Aeromonadales, f__Succinivibrionaceae,k__Bacteria; p__Proteobacteria; c__Gammaproteobacteria; o__Aeromonadales; f__Succinivibrionaceae; g__Succinivibrio; s__unclassified; 16149; FJ676890.1 gg_id:530694 Synecology primary and secondary habitats Escherichia coli O157:H7 fecal MARC beef cattle feedlot animal #4225 pen 301; was negative STEC O157 clone 3-8O8, FJ676890.1 gg_id:530694 Synecology primary and secondary habitats Escherichia coli O157:H7 fecal MARC beef cattle feedlot animal #4225 pen 301 was negative STEC O157 clone 3-8O8,10,376.5,0.322265625,0.7315836036008729,0.12930425317316657,669.5,1093.986661276087,0.8382564863858263,0.9581536201140475,0.06666666666666667,True,1.0,11365.5,FMF,Male,Placebo-resistant (STRICT-ADAPTIVE)
67914, g__Prevotella, s__unclassified, p__Bacteroidetes, c__Bacteroidia, o__Bacteroidales, f__Prevotellaceae,k__Bacteria; p__Bacteroidetes; c__Bacteroidia; o__Bacteroidales; f__Prevotellaceae; g__Prevotella; s__unclassified; 67914; DQ801086.1 gg_id:192723 human fecal clone RL387_aao91h11, DQ801086.1 gg_id:192723 human fecal clone RL387_aao91h11,10,111.0,0.76953125,0.8836442490494296,0.12455079098679243,1412.0,843.1091111804898,0.8382564863858263,0.9581536201140475,0.06666666666666667,True,1.0,12327.5,FMF,Male,Placebo-resistant (STRICT-ADAPTIVE)
5548, g__Salmonella, s__Salmonella enterica, p__Proteobacteria, c__Gammaproteobacteria, o__Enterobacteriales, f__Enterobacteriaceae,k__Bacteria; p__Proteobacteria; c__Gammaproteobacteria; o__Enterobacteriales; f__Enterobacteriaceae; g__Salmonella; s__Salmonella enterica; 5548; EF604417.1 gg_id:234591 Salmonella typhimurium Exploits Inflammation Compete Intestinal Microbiota mouse cecum clone 16saw49-2c06.p1k, EF604417.1 gg_id:234591 Salmonella typhimurium Exploits Inflammation Compete Intestinal Microbiota mouse cecum clone 16saw49-2c06.p1k,10,-82.0,0.4921875,0.7635226801988401,0.08628865133836798,1435.5,1142.9135898128472,0.8382564863858263,0.9581536201140475,0.06666666666666667,True,1.0,12229.5,FMF,Male,Placebo-resistant (STRICT-ADAPTIVE)
25287, g__Faecalibacterium, s__unclassified, p__Firmicutes, c__Clostridia, o__Clostridiales, f__Ruminococcaceae,k__Bacteria; p__Firmicutes; c__Clostridia; o__Clostridiales; f__Ruminococcaceae; g__Faecalibacterium; s__unclassified; 25287; DQ804507.1 gg_id:186014 human fecal clone RL187_aao69a03, DQ804507.1 gg_id:186014 human fecal clone RL187_aao69a03,10,25.5,0.76953125,0.8836442490494296,0.05568653481925618,385.0,548.3327371111247,0.8382564863858263,0.9581536201140475,0.06666666666666667,True,1.0,13650.5,FMF,Male,Placebo-resistant (STRICT-ADAPTIVE)
26551, g__Faecalibacterium, s__Faecalibacterium prausnitzii, p__Firmicutes, c__Clostridia, o__Clostridiales, f__Ruminococcaceae,k__Bacteria; p__Firmicutes; c__Clostridia; o__Clostridiales; f__Ruminococcaceae; g__Faecalibacterium; s__Faecalibacterium prausnitzii; 26551; FJ362934.1 gg_id:356892 feces adult twins and mothers; TS13 clone TS13_a04h10, FJ362934.1 gg_id:356892 feces adult twins and mothers TS13 clone TS13_a04h10,10,123.0,0.431640625,0.7455067855825108,0.05490998899112145,328.75,709.5314473721373,0.7133031738784577,0.9207147820005681,0.1111111111111111,True,1.0,13299.0,FMF,Male,Placebo-resistant (STRICT-ADAPTIVE)
56592, g__Desulfovibrio, s__Desulfovibrio magneticus, p__Proteobacteria, c__Deltaproteobacteria, o__Desulfovibrionales, f__Desulfovibrionaceae,k__Bacteria; p__Proteobacteria; c__Deltaproteobacteria; o__Desulfovibrionales; f__Desulfovibrionaceae; g__Desulfovibrio; s__Desulfovibrio magneticus; 56592; AP010904.1 gg_id:384156 Desulfovibrio magneticus str. RS-1, AP010904.1 gg_id:384156 Desulfovibrio magneticus str. RS-1,10,167.5,0.275390625,0.7315836036008729,0.09490164258530076,641.25,729.0139128751629,0.8382564863858263,0.9581536201140475,0.06666666666666667,True,1.0,10908.5,FMF,Male,Placebo-resistant (STRICT-ADAPTIVE)
51414, g__sfB, s__unclassified, p__Acidobacteria, c__Chloracidobacteria, o__unclassified, f__unclassified,k__Bacteria; p__Acidobacteria; c__Chloracidobacteria; o__unclassified; f__unclassified; g__sfB; s__unclassified; 51414; FJ466180.1 gg_id:566535 and carbon monoxide-oxidizing across successional on recent Hawaiian 1959 Kilauea volcanic deposit clone C21, FJ466180.1 gg_id:566535 and carbon monoxide-oxidizing across successional on recent Hawaiian 1959 Kilauea volcanic deposit clone C21,10,169.0,0.232421875,0.7315836036008729,0.04738305332556123,325.5,383.47103735484376,0.7133031738784577,0.9207147820005681,-0.1111111111111111,True,1.0,12374.5,FMF,Male,Placebo-resistant (STRICT-ADAPTIVE)
67863, g__Prevotella, s__unclassified, p__Bacteroidetes, c__Bacteroidia, o__Bacteroidales, f__Prevotellaceae,k__Bacteria; p__Bacteroidetes; c__Bacteroidia; o__Bacteroidales; f__Prevotellaceae; g__Prevotella; s__unclassified; 67863; GQ491551.1 gg_id:570360 Effect Diet on Human Gut Microbiome: Metagenomic Humanized Gnotobiotic Mice cecal contents Mus musculus strain C57BL/6J; PM1 clone PM1_a04e05, GQ491551.1 gg_id:570360 Effect Diet on Human Gut Microbiome: Metagenomic Humanized Gnotobiotic Mice cecal contents Mus musculus strain C57BL/6J PM1 clone PM1_a04e05,10,76.0,0.431640625,0.7455067855825108,0.12303259381548365,765.5,903.9590555526039,0.7133031738784577,0.9207147820005681,0.1111111111111111,True,1.0,13080.5,FMF,Male,Placebo-resistant (STRICT-ADAPTIVE)
50947, g__Veillonella, s__Veillonella parvula, p__Firmicutes, c__Clostridia, o__Clostridiales, f__Veillonellaceae,k__Bacteria; p__Firmicutes; c__Clostridia; o__Clostridiales; f__Veillonellaceae; g__Veillonella; s__Veillonella parvula; 50947; FJ557333.1 gg_id:518743 Survey Approach Assess Endotracheal Tube Biofilms and their Origins biofilm extubated endotracheal tube ICU patient clone ET_B_3c08, FJ557333.1 gg_id:518743 Survey Approach Assess Endotracheal Tube Biofilms and their Origins biofilm extubated endotracheal tube ICU patient clone ET_B_3c08,10,346.5,0.322265625,0.7315836036008729,0.09772821625291737,764.25,974.4111459412011,1.0,1.0,0.0,True,1.0,11475.5,FMF,Male,Placebo-resistant (STRICT-ADAPTIVE)
68737, g__Candidatus Azobacteroides, s__unclassified, p__Bacteroidetes, c__Bacteroidia, o__Bacteroidales, f__Porphyromonadaceae,k__Bacteria; p__Bacteroidetes; c__Bacteroidia; o__Bacteroidales; f__Porphyromonadaceae; g__Candidatus Azobacteroides; s__unclassified; 68737; AB299533.1 gg_id:243363 Motility Symbiont Termite Gut Flagellate Caduceia versatilis Member 'Synergistes' Group termite gut homogenate clone Cc3-005, AB299533.1 gg_id:243363 Motility Symbiont Termite Gut Flagellate Caduceia versatilis Member 'Synergistes' Group termite gut homogenate clone Cc3-005,10,190.0,0.232421875,0.7315836036008729,0.11329785364665428,982.75,798.7619060917548,0.967435545139537,0.9928887934220945,0.022222222222222223,True,1.0,9794.5,FMF,Male,Placebo-resistant (STRICT-ADAPTIVE)
28317, g__unclassified, s__unclassified, p__Firmicutes, c__Clostridia, o__Clostridiales, f__Lachnospiraceae,k__Bacteria; p__Firmicutes; c__Clostridia; o__Clostridiales; f__Lachnospiraceae; g__unclassified; s__unclassified; 28317; EU381964.1 gg_id:272169 Rumen eubacterial implicates Bacteroidetes major phylum rumen particulate phase fistulated Holstein heifer clone P5_C05, EU381964.1 gg_id:272169 Rumen eubacterial implicates Bacteroidetes major phylum rumen particulate phase fistulated Holstein heifer clone P5_C05,10,80.5,0.76953125,0.8836442490494296,0.10368505235003653,1021.5,940.4348717534883,0.8382564863858263,0.9581536201140475,-0.06666666666666667,True,1.0,11585.5,FMF,Male,Placebo-resistant (STRICT-ADAPTIVE)
45998, g__Staphylococcus, s__Staphylococcus epidermidis, p__Firmicutes, c__Bacilli, o__Bacillales, f__Staphylococcaceae,k__Bacteria; p__Firmicutes; c__Bacilli; o__Bacillales; f__Staphylococcaceae; g__Staphylococcus; s__Staphylococcus epidermidis; 45998; GQ002082.1 gg_id:507580 Topographical and Temporal Human Skin Microbiome skin axillary vault clone nbu167e01c1, GQ002082.1 gg_id:507580 Topographical and Temporal Human Skin Microbiome skin axillary vault clone nbu167e01c1,10,-36.0,0.845703125,0.9248303534925827,0.025832178715812254,277.0,455.2245596296404,0.967435545139537,0.9928887934220945,0.022222222222222223,True,1.0,13234.5,FMF,Male,Placebo-resistant (STRICT-ADAPTIVE)
19663, g__Lachnospira, s__unclassified, p__Firmicutes, c__Clostridia, o__Clostridiales, f__Lachnospiraceae,k__Bacteria; p__Firmicutes; c__Clostridia; o__Clostridiales; f__Lachnospiraceae; g__Lachnospira; s__unclassified; 19663; DQ806710.1 gg_id:199421 human fecal clone RL186_aao47g12, DQ806710.1 gg_id:199421 human fecal clone RL186_aao47g12,10,167.0,0.845703125,0.9248303534925827,0.04210338306904573,507.25,567.7357349604753,0.8382564863858263,0.9581536201140475,0.06666666666666667,True,1.0,12847.5,FMF,Male,Placebo-resistant (STRICT-ADAPTIVE)
67383, g__Prevotella, s__unclassified, p__Bacteroidetes, c__Bacteroidia, o__Bacteroidales, f__Prevotellaceae,k__Bacteria; p__Bacteroidetes; c__Bacteroidia; o__Bacteroidales; f__Prevotellaceae; g__Prevotella; s__unclassified; 67383; GQ493799.1 gg_id:560836 Effect Diet on Human Gut Microbiome: Metagenomic Humanized Gnotobiotic Mice cecal contents Mus musculus strain C57BL/6J; PM9 clone PM9_a02e07, GQ493799.1 gg_id:560836 Effect Diet on Human Gut Microbiome: Metagenomic Humanized Gnotobiotic Mice cecal contents Mus musculus strain C57BL/6J PM9 clone PM9_a02e07,10,293.5,0.4921875,0.7635226801988401,0.0548295448364931,443.5,774.7000464667312,0.7750513736700824,0.9376534160753778,0.08888888888888889,True,1.0,13493.5,FMF,Male,Placebo-resistant (STRICT-ADAPTIVE)
55309, g__Akkermansia, s__unclassified, p__Verrucomicrobia, c__Verrucomicrobiae, o__Verrucomicrobiales, f__Verrucomicrobiaceae,k__Bacteria; p__Verrucomicrobia; c__Verrucomicrobiae; o__Verrucomicrobiales; f__Verrucomicrobiaceae; g__Akkermansia; s__unclassified; 55309; EU006176.1 gg_id:255048 Salmonella enterica serovar typhimurium exploits inflammation compete intestinal microbiota fecal clone 16saw20-1g03.p1k, EU006176.1 gg_id:255048 Salmonella enterica serovar typhimurium exploits inflammation compete intestinal microbiota fecal clone 16saw20-1g03.p1k,10,422.0,0.083984375,0.7315836036008729,0.09252039139394902,614.25,882.5799091608899,0.6533789106936937,0.9002109436224224,0.13333333333333333,True,1.0,10554.5,FMF,Male,Placebo-resistant (STRICT-ADAPTIVE)
67621, g__Prevotella, s__unclassified, p__Bacteroidetes, c__Bacteroidia, o__Bacteroidales, f__Prevotellaceae,k__Bacteria; p__Bacteroidetes; c__Bacteroidia; o__Bacteroidales; f__Prevotellaceae; g__Prevotella; s__unclassified; 67621; FJ679778.1 gg_id:528866 Synecology primary and secondary habitats Escherichia coli O157:H7 fecal MARC beef cattle feedlot animal #4017 pen 301; was positive STEC O157 clone 4-2P4, FJ679778.1 gg_id:528866 Synecology primary and secondary habitats Escherichia coli O157:H7 fecal MARC beef cattle feedlot animal #4017 pen 301 was positive STEC O157 clone 4-2P4,10,271.5,0.4921875,0.7635226801988401,0.10421835673921583,663.0,1050.3769885268177,0.6533789106936937,0.9002109436224224,0.13333333333333333,True,1.0,13689.5,FMF,Male,Placebo-resistant (STRICT-ADAPTIVE)
24819, g__Faecalibacterium, s__Faecalibacterium prausnitzii, p__Firmicutes, c__Clostridia, o__Clostridiales, f__Ruminococcaceae,k__Bacteria; p__Firmicutes; c__Clostridia; o__Clostridiales; f__Ruminococcaceae; g__Faecalibacterium; s__Faecalibacterium prausnitzii; 24819; FJ676481.1 gg_id:509521 Synecology primary and secondary habitats Escherichia coli O157:H7 fecal MARC beef cattle feedlot animal #4225 pen 301; was negative STEC O157 clone 3-7J13, FJ676481.1 gg_id:509521 Synecology primary and secondary habitats Escherichia coli O157:H7 fecal MARC beef cattle feedlot animal #4225 pen 301 was negative STEC O157 clone 3-7J13,10,122.0,0.375,0.7328566955432627,0.050309713602743084,219.0,787.1558060341887,1.0,1.0,0.0,True,1.0,12784.0,FMF,Male,Placebo-resistant (STRICT-ADAPTIVE)
1083, g__unclassified, s__unclassified, p__Proteobacteria, c__Gammaproteobacteria, o__Chromatiales, f__Chromatiaceae,k__Bacteria; p__Proteobacteria; c__Gammaproteobacteria; o__Chromatiales; f__Chromatiaceae; g__unclassified; s__unclassified; 1083; AY225634.1 gg_id:95183 Mid-Atlantic Ridge hydrothermal sediment clone AT-s26, AY225634.1 gg_id:95183 Mid-Atlantic Ridge hydrothermal sediment clone AT-s26,10,327.0,0.02734375,0.7315836036008729,0.050356851563788364,401.5,537.5536688079516,0.9025232501776794,0.9754023282151151,-0.044444444444444446,True,1.0,12362.5,FMF,Male,Placebo-resistant (STRICT-ADAPTIVE)
27346, g__unclassified, s__unclassified, p__Firmicutes, c__Clostridia, o__Clostridiales, f__Lachnospiraceae,k__Bacteria; p__Firmicutes; c__Clostridia; o__Clostridiales; f__Lachnospiraceae; g__unclassified; s__unclassified; 27346; DQ796105.1 gg_id:174738 human fecal clone RL202_aai51e12, DQ796105.1 gg_id:174738 human fecal clone RL202_aai51e12,10,46.0,0.845703125,0.9248303534925827,0.06257001926823347,666.75,664.8946234170411,0.7750513736700824,0.9376534160753778,0.08888888888888889,True,1.0,12806.0,FMF,Male,Placebo-resistant (STRICT-ADAPTIVE)
50707, g__Veillonella, s__unclassified, p__Firmicutes, c__Clostridia, o__Clostridiales, f__Veillonellaceae,k__Bacteria; p__Firmicutes; c__Clostridia; o__Clostridiales; f__Veillonellaceae; g__Veillonella; s__unclassified; 50707; GQ005607.1 gg_id:504056 Topographical and Temporal Human Skin Microbiome skin external auditory canal clone nbu94f03c1, GQ005607.1 gg_id:504056 Topographical and Temporal Human Skin Microbiome skin external auditory canal clone nbu94f03c1,10,148.0,0.431640625,0.7455067855825108,0.05733383633660085,414.75,528.6726429422612,0.967435545139537,0.9928887934220945,0.022222222222222223,True,1.0,13475.0,FMF,Male,Placebo-resistant (STRICT-ADAPTIVE)
25330, g__Faecalibacterium, s__unclassified, p__Firmicutes, c__Clostridia, o__Clostridiales, f__Ruminococcaceae,k__Bacteria; p__Firmicutes; c__Clostridia; o__Clostridiales; f__Ruminococcaceae; g__Faecalibacterium; s__unclassified; 25330; DQ797650.1 gg_id:192042 human fecal clone RL206_aaj14c03, DQ797650.1 gg_id:192042 human fecal clone RL206_aaj14c03,10,92.0,0.431640625,0.7455067855825108,0.03330212749901637,158.75,512.8339992239205,1.0,1.0,0.0,True,1.0,13733.5,FMF,Male,Placebo-resistant (STRICT-ADAPTIVE)
49564, g__unclassified, s__unclassified, p__Firmicutes, c__Clostridia, o__Clostridiales, f__Lachnospiraceae,k__Bacteria; p__Firmicutes; c__Clostridia; o__Clostridiales; f__Lachnospiraceae; g__unclassified; s__unclassified; 49564; GU455260.1 gg_id:523387 Understanding short-chain fatty acids accumulation enhanced alkaline digestion: kinetics microbiology anaerobic fermentation reactor waste activated sludge thermophilic and pH 8.0 clone thermophilic_alkaline-20, GU455260.1 gg_id:523387 Understanding short-chain fatty acids accumulation enhanced alkaline digestion: kinetics microbiology anaerobic fermentation reactor waste activated sludge thermophilic and pH 8.0 clone thermophilic_alkaline-20,10,207.0,0.416015625,0.7455067855825108,0.03824193550539728,563.75,451.1965988297735,0.7131829113892982,0.9207147820005681,-0.1111111111111111,True,1.0,13256.5,FMF,Male,Placebo-resistant (STRICT-ADAPTIVE)
19554, g__Clostridium, s__unclassified, p__Firmicutes, c__Clostridia, o__Clostridiales, f__Lachnospiraceae,k__Bacteria; p__Firmicutes; c__Clostridia; o__Clostridiales; f__Lachnospiraceae; g__Clostridium; s__unclassified; 19554; EU767569.1 gg_id:311176 Pervasive effects antibiotic on human gut microbiota deep sequencing fecal clone C3_426, EU767569.1 gg_id:311176 Pervasive effects antibiotic on human gut microbiota deep sequencing fecal clone C3_426,10,284.0,0.375,0.7328566955432627,0.10135631122852314,787.5,737.3532140787224,0.8382564863858263,0.9581536201140475,0.06666666666666667,True,1.0,11663.5,FMF,Male,Placebo-resistant (STRICT-ADAPTIVE)
55473, g__Akkermansia, s__unclassified, p__Verrucomicrobia, c__Verrucomicrobiae, o__Verrucomicrobiales, f__Verrucomicrobiaceae,k__Bacteria; p__Verrucomicrobia; c__Verrucomicrobiae; o__Verrucomicrobiales; f__Verrucomicrobiaceae; g__Akkermansia; s__unclassified; 55473; DQ823974.1 gg_id:179397 human fecal clone RL204_aaj57f06, DQ823974.1 gg_id:179397 human fecal clone RL204_aaj57f06,10,172.5,0.76953125,0.8836442490494296,0.19291479883540416,873.25,835.4579699309302,0.9025232501776794,0.9754023282151151,-0.044444444444444446,True,1.0,5882.5,FMF,Male,Placebo-resistant (STRICT-ADAPTIVE)
51597, g__unclassified, s__unclassified, p__Acidobacteria, c__Holophagae, o__Holophagales, f__Holophagaceae,k__Bacteria; p__Acidobacteria; c__Holophagae; o__Holophagales; f__Holophagaceae; g__unclassified; s__unclassified; 51597; EU340170.1 gg_id:235707 on Aquatic Macrophytes Geothermally Active Area Sedge Bay Yellowstone Lake WY aquatic macrophytes geothermally active area clone 2\SC\25, EU340170.1 gg_id:235707 on Aquatic Macrophytes Geothermally Active Area Sedge Bay Yellowstone Lake WY aquatic macrophytes geothermally active area clone 2\SC\25,10,11.0,0.76953125,0.8836442490494296,0.042199777794056606,351.25,382.47978015401895,0.7133031738784577,0.9207147820005681,0.1111111111111111,True,1.0,12281.0,FMF,Male,Placebo-resistant (STRICT-ADAPTIVE)
56279, g__Akkermansia, s__unclassified, p__Verrucomicrobia, c__Verrucomicrobiae, o__Verrucomicrobiales, f__Verrucomicrobiaceae,k__Bacteria; p__Verrucomicrobia; c__Verrucomicrobiae; o__Verrucomicrobiales; f__Verrucomicrobiaceae; g__Akkermansia; s__unclassified; 56279; GQ493776.1 gg_id:555563 Effect Diet on Human Gut Microbiome: Metagenomic Humanized Gnotobiotic Mice cecal contents Mus musculus strain C57BL/6J; PM5 clone PM5_a04d12, GQ493776.1 gg_id:555563 Effect Diet on Human Gut Microbiome: Metagenomic Humanized Gnotobiotic Mice cecal contents Mus musculus strain C57BL/6J PM5 clone PM5_a04d12,10,292.0,0.4921875,0.7635226801988401,0.05674221246799939,705.25,546.9960660116508,0.7750513736700824,0.9376534160753778,-0.08888888888888889,True,1.0,9475.0,FMF,Male,Placebo-resistant (STRICT-ADAPTIVE)
74508, g__Mycoplasma, s__unclassified, p__Tenericutes, c__Mollicutes, o__Mycoplasmatales, f__Mycoplasmataceae,k__Bacteria; p__Tenericutes; c__Mollicutes; o__Mycoplasmatales; f__Mycoplasmataceae; g__Mycoplasma; s__unclassified; 74508; EF510786.1 gg_id:220695 Loss During Antibiotic Treatment 1 Intubated Patients Colonized Pseudomonas aeruginosa endotracheal aspirate clone P2D15-696, EF510786.1 gg_id:220695 Loss During Antibiotic Treatment 1 Intubated Patients Colonized Pseudomonas aeruginosa endotracheal aspirate clone P2D15-696,10,18.5,1.0,1.0,0.03676472804087043,471.0,443.82794592299183,0.967435545139537,0.9928887934220945,-0.022222222222222223,True,1.0,11002.5,FMF,Male,Placebo-resistant (STRICT-ADAPTIVE)
21855, g__unclassified, s__unclassified, p__Firmicutes, c__Clostridia, o__Clostridiales, f__Ruminococcaceae,k__Bacteria; p__Firmicutes; c__Clostridia; o__Clostridiales; f__Ruminococcaceae; g__unclassified; s__unclassified; 21855; EU470243.1 gg_id:295095 trancaspain urial feces clone TU2_aaa01f08, EU470243.1 gg_id:295095 trancaspain urial feces clone TU2_aaa01f08,10,68.5,1.0,1.0,0.04299988122301994,666.5,554.6256329463246,0.8382564863858263,0.9581536201140475,0.06666666666666667,True,1.0,12692.0,FMF,Male,Placebo-resistant (STRICT-ADAPTIVE)
24272, g__Coprococcus, s__unclassified, p__Firmicutes, c__Clostridia, o__Clostridiales, f__Lachnospiraceae,k__Bacteria; p__Firmicutes; c__Clostridia; o__Clostridiales; f__Lachnospiraceae; g__Coprococcus; s__unclassified; 24272; NZ_AAYW02000018.1 gg_id:469946 Clostridium sp. str. L2-50, NZ_AAYW02000018.1 gg_id:469946 Clostridium sp. str. L2-50,10,-6.0,1.0,1.0,0.06973378385181181,583.75,687.6141139040122,0.6533789106936937,0.9002109436224224,0.13333333333333333,True,1.0,12537.5,FMF,Male,Placebo-resistant (STRICT-ADAPTIVE)
24684, g__Faecalibacterium, s__unclassified, p__Firmicutes, c__Clostridia, o__Clostridiales, f__Ruminococcaceae,k__Bacteria; p__Firmicutes; c__Clostridia; o__Clostridiales; f__Ruminococcaceae; g__Faecalibacterium; s__unclassified; 24684; FJ370406.1 gg_id:366038 feces adult twins and mothers; TS56 clone TS56_a04f04, FJ370406.1 gg_id:366038 feces adult twins and mothers TS56 clone TS56_a04f04,10,7.5,0.625,0.8184138750961605,0.022994125478764713,341.25,251.2604672468614,0.934896814773755,0.9928887934220945,-0.044444444444444446,True,1.0,13500.5,FMF,Male,Placebo-resistant (STRICT-ADAPTIVE)
69206, g__Bacteroides, s__unclassified, p__Bacteroidetes, c__Bacteroidia, o__Bacteroidales, f__Bacteroidaceae,k__Bacteria; p__Bacteroidetes; c__Bacteroidia; o__Bacteroidales; f__Bacteroidaceae; g__Bacteroides; s__unclassified; 69206; EU763003.1 gg_id:346904 Pervasive effects antibiotic on human gut microbiota deep sequencing fecal clone Ax3_672, EU763003.1 gg_id:346904 Pervasive effects antibiotic on human gut microbiota deep sequencing fecal clone Ax3_672,10,282.5,0.275390625,0.7315836036008729,0.10486102282440579,1071.75,961.3125545286738,0.6533789106936937,0.9002109436224224,0.13333333333333333,True,1.0,13698.0,FMF,Male,Placebo-resistant (STRICT-ADAPTIVE)
70252, g__unclassified, s__unclassified, p__Firmicutes, c__Clostridia, o__Clostridiales, f__Catabacteriaceae,k__Bacteria; p__Firmicutes; c__Clostridia; o__Clostridiales; f__Catabacteriaceae; g__unclassified; s__unclassified; 70252; AY985462.1 gg_id:116947 human stool clone C418, AY985462.1 gg_id:116947 human stool clone C418,10,181.0,0.232421875,0.7315836036008729,0.026706158687855565,417.0,282.0026009040815,0.7750513736700824,0.9376534160753778,0.08888888888888889,True,1.0,13812.0,FMF,Male,Placebo-resistant (STRICT-ADAPTIVE)
25797, g__Faecalibacterium, s__unclassified, p__Firmicutes, c__Clostridia, o__Clostridiales, f__Ruminococcaceae,k__Bacteria; p__Firmicutes; c__Clostridia; o__Clostridiales; f__Ruminococcaceae; g__Faecalibacterium; s__unclassified; 25797; FJ363596.1 gg_id:363155 feces adult twins and mothers; TS14 clone TS14_a01b08, FJ363596.1 gg_id:363155 feces adult twins and mothers TS14 clone TS14_a01b08,10,108.5,0.275390625,0.7315836036008729,0.05115588987966796,346.75,758.3198675031534,0.7133031738784577,0.9207147820005681,0.1111111111111111,True,1.0,13062.5,FMF,Male,Placebo-resistant (STRICT-ADAPTIVE)
68927, g__Bacteroides, s__unclassified, p__Bacteroidetes, c__Bacteroidia, o__Bacteroidales, f__Bacteroidaceae,k__Bacteria; p__Bacteroidetes; c__Bacteroidia; o__Bacteroidales; f__Bacteroidaceae; g__Bacteroides; s__unclassified; 68927; EU763007.1 gg_id:315093 Pervasive effects antibiotic on human gut microbiota deep sequencing fecal clone Ax3_567, EU763007.1 gg_id:315093 Pervasive effects antibiotic on human gut microbiota deep sequencing fecal clone Ax3_567,10,284.5,0.16015625,0.7315836036008729,0.10532062906650798,1067.5,978.3798940340098,0.6533789106936937,0.9002109436224224,0.13333333333333333,True,1.0,13715.5,FMF,Male,Placebo-resistant (STRICT-ADAPTIVE)
24429, g__Faecalibacterium, s__Faecalibacterium prausnitzii, p__Firmicutes, c__Clostridia, o__Clostridiales, f__Ruminococcaceae,k__Bacteria; p__Firmicutes; c__Clostridia; o__Clostridiales; f__Ruminococcaceae; g__Faecalibacterium; s__Faecalibacterium prausnitzii; 24429; DQ798426.1 gg_id:194986 human fecal clone RL181_aah42d09, DQ798426.1 gg_id:194986 human fecal clone RL181_aah42d09,10,101.0,0.333984375,0.7328566955432627,0.028743798360122145,293.75,325.2539601415758,0.9025232501776794,0.9754023282151151,0.044444444444444446,True,1.0,12782.0,FMF,Male,Placebo-resistant (STRICT-ADAPTIVE)
43379, g__Bacillus, s__unclassified, p__Firmicutes, c__Bacilli, o__Bacillales, f__Bacillaceae,k__Bacteria; p__Firmicutes; c__Bacilli; o__Bacillales; f__Bacillaceae; g__Bacillus; s__unclassified; 43379; GU391527.1 gg_id:561229 Bacillus pseudomycoides str. Nl4, GU391527.1 gg_id:561229 Bacillus pseudomycoides str. Nl4,10,52.5,0.390625,0.7455067855825108,0.025217096554429504,167.0,303.3904627227282,0.8064127004978174,0.9581536201140475,0.08888888888888889,True,1.0,13274.0,FMF,Male,Placebo-resistant (STRICT-ADAPTIVE)
50223, g__Veillonella, s__unclassified, p__Firmicutes, c__Clostridia, o__Clostridiales, f__Veillonellaceae,k__Bacteria; p__Firmicutes; c__Clostridia; o__Clostridiales; f__Veillonellaceae; g__Veillonella; s__unclassified; 50223; GQ006752.1 gg_id:502912 Topographical and Temporal Human Skin Microbiome skin occiput clone nbu87c06c1, GQ006752.1 gg_id:502912 Topographical and Temporal Human Skin Microbiome skin occiput clone nbu87c06c1,10,30.5,0.6953125,0.848255880244983,0.24414272870484685,540.5,1778.0718943707286,0.9025232501776794,0.9754023282151151,0.044444444444444446,True,1.0,10112.0,FMF,Male,Placebo-resistant (STRICT-ADAPTIVE)
28403, g__unclassified, s__unclassified, p__Firmicutes, c__Clostridia, o__Clostridiales, f__Lachnospiraceae,k__Bacteria; p__Firmicutes; c__Clostridia; o__Clostridiales; f__Lachnospiraceae; g__unclassified; s__unclassified; 28403; FJ685072.1 gg_id:519741 Synecology primary and secondary habitats Escherichia coli O157:H7 fecal MARC beef cattle feedlot animal #4228 pen 301; was negative STEC O157 clone 6-1P3, FJ685072.1 gg_id:519741 Synecology primary and secondary habitats Escherichia coli O157:H7 fecal MARC beef cattle feedlot animal #4228 pen 301 was negative STEC O157 clone 6-1P3,10,-145.5,0.6953125,0.848255880244983,0.11827339462750569,799.0,1064.0272123133568,0.967435545139537,0.9928887934220945,-0.022222222222222223,True,1.0,12000.0,FMF,Male,Placebo-resistant (STRICT-ADAPTIVE)
54981, g__Akkermansia, s__unclassified, p__Verrucomicrobia, c__Verrucomicrobiae, o__Verrucomicrobiales, f__Verrucomicrobiaceae,k__Bacteria; p__Verrucomicrobia; c__Verrucomicrobiae; o__Verrucomicrobiales; f__Verrucomicrobiaceae; g__Akkermansia; s__unclassified; 54981; GQ491900.1 gg_id:546153 Effect Diet on Human Gut Microbiome: Metagenomic Humanized Gnotobiotic Mice cecal contents Mus musculus strain C57BL/6J; PM1 clone PM1_a01g06, GQ491900.1 gg_id:546153 Effect Diet on Human Gut Microbiome: Metagenomic Humanized Gnotobiotic Mice cecal contents Mus musculus strain C57BL/6J PM1 clone PM1_a01g06,10,155.5,0.130859375,0.7315836036008729,0.06975530847960787,731.0,745.3333553674713,0.7750513736700824,0.9376534160753778,0.08888888888888889,True,1.0,11227.5,FMF,Male,Placebo-resistant (STRICT-ADAPTIVE)
25555, g__Faecalibacterium, s__Faecalibacterium prausnitzii, p__Firmicutes, c__Clostridia, o__Clostridiales, f__Ruminococcaceae,k__Bacteria; p__Firmicutes; c__Clostridia; o__Clostridiales; f__Ruminococcaceae; g__Faecalibacterium; s__Faecalibacterium prausnitzii; 25555; DQ825246.1 gg_id:196043 human fecal clone RL185_aan87c05, DQ825246.1 gg_id:196043 human fecal clone RL185_aan87c05,10,133.5,0.625,0.8184138750961605,0.052468363032671946,421.25,869.0546283462278,0.8382564863858263,0.9581536201140475,0.06666666666666667,True,1.0,13637.0,FMF,Male,Placebo-resistant (STRICT-ADAPTIVE)
67459, g__Prevotella, s__unclassified, p__Bacteroidetes, c__Bacteroidia, o__Bacteroidales, f__Prevotellaceae,k__Bacteria; p__Bacteroidetes; c__Bacteroidia; o__Bacteroidales; f__Prevotellaceae; g__Prevotella; s__unclassified; 67459; AF371882.1 gg_id:46017 swine intestine clone p-408-o3, AF371882.1 gg_id:46017 swine intestine clone p-408-o3,10,210.0,0.556640625,0.7914449891791329,0.08574273272222026,1091.25,900.7565689210624,0.7750513736700824,0.9376534160753778,0.08888888888888889,True,1.0,12310.5,FMF,Male,Placebo-resistant (STRICT-ADAPTIVE)
47137, g__Staphylococcus, s__Staphylococcus epidermidis, p__Firmicutes, c__Bacilli, o__Bacillales, f__Staphylococcaceae,k__Bacteria; p__Firmicutes; c__Bacilli; o__Bacillales; f__Staphylococcaceae; g__Staphylococcus; s__Staphylococcus epidermidis; 47137; GQ002023.1 gg_id:507641 Topographical and Temporal Human Skin Microbiome skin axillary vault clone nbu166h01c1, GQ002023.1 gg_id:507641 Topographical and Temporal Human Skin Microbiome skin axillary vault clone nbu166h01c1,10,84.0,0.375,0.7328566955432627,0.03481028670672327,351.5,514.6326932828458,1.0,1.0,0.0,True,1.0,12698.5,FMF,Male,Placebo-resistant (STRICT-ADAPTIVE)
26570, g__Faecalibacterium, s__unclassified, p__Firmicutes, c__Clostridia, o__Clostridiales, f__Ruminococcaceae,k__Bacteria; p__Firmicutes; c__Clostridia; o__Clostridiales; f__Ruminococcaceae; g__Faecalibacterium; s__unclassified; 26570; FJ678887.1 gg_id:521067 Synecology primary and secondary habitats Escherichia coli O157:H7 fecal MARC beef cattle feedlot animal #4017 pen 301; was positive STEC O157 clone 4-8B21, FJ678887.1 gg_id:521067 Synecology primary and secondary habitats Escherichia coli O157:H7 fecal MARC beef cattle feedlot animal #4017 pen 301 was positive STEC O157 clone 4-8B21,10,72.0,0.322265625,0.7315836036008729,0.030378718902181523,232.75,726.4275700233302,0.967435545139537,0.9928887934220945,-0.022222222222222223,True,1.0,13869.0,FMF,Male,Placebo-resistant (STRICT-ADAPTIVE)
50780, g__Veillonella, s__unclassified, p__Firmicutes, c__Clostridia, o__Clostridiales, f__Veillonellaceae,k__Bacteria; p__Firmicutes; c__Clostridia; o__Clostridiales; f__Veillonellaceae; g__Veillonella; s__unclassified; 50780; GQ113658.1 gg_id:405229 Topographical and Temporal Human Skin Microbiome skin volar forearm clone nbw634d02c1, GQ113658.1 gg_id:405229 Topographical and Temporal Human Skin Microbiome skin volar forearm clone nbw634d02c1,10,61.0,0.556640625,0.7914449891791329,0.09781131007788052,267.0,844.6881341549804,0.9025232501776794,0.9754023282151151,0.044444444444444446,True,1.0,12742.5,FMF,Male,Placebo-resistant (STRICT-ADAPTIVE)
24630, g__Faecalibacterium, s__Faecalibacterium prausnitzii, p__Firmicutes, c__Clostridia, o__Clostridiales, f__Ruminococcaceae,k__Bacteria; p__Firmicutes; c__Clostridia; o__Clostridiales; f__Ruminococcaceae; g__Faecalibacterium; s__Faecalibacterium prausnitzii; 24630; FJ677420.1 gg_id:515988 Synecology primary and secondary habitats Escherichia coli O157:H7 fecal MARC beef cattle feedlot animal #4225 pen 301; was negative STEC O157 clone 3-2J19, FJ677420.1 gg_id:515988 Synecology primary and secondary habitats Escherichia coli O157:H7 fecal MARC beef cattle feedlot animal #4225 pen 301 was negative STEC O157 clone 3-2J19,10,81.5,0.44921875,0.7635226801988401,0.11329712527429751,672.0,1005.538223153816,0.6533789106936937,0.9002109436224224,0.13333333333333333,True,1.0,12675.5,FMF,Male,Placebo-resistant (STRICT-ADAPTIVE)
5643, g__unclassified, s__unclassified, p__Proteobacteria, c__Gammaproteobacteria, o__Enterobacteriales, f__Enterobacteriaceae,k__Bacteria; p__Proteobacteria; c__Gammaproteobacteria; o__Enterobacteriales; f__Enterobacteriaceae; g__unclassified; s__unclassified; 5643; DQ356903.1 gg_id:153848 Pantoea agglomerans str. P29, DQ356903.1 gg_id:153848 Pantoea agglomerans str. P29,10,-112.0,0.921875,0.9628597924917722,0.13322168095459197,1245.75,1123.3069827181407,0.7133031738784577,0.9207147820005681,0.1111111111111111,True,1.0,11537.0,FMF,Male,Placebo-resistant (STRICT-ADAPTIVE)
16100, g__Succinivibrio, s__unclassified, p__Proteobacteria, c__Gammaproteobacteria, o__Aeromonadales, f__Succinivibrionaceae,k__Bacteria; p__Proteobacteria; c__Gammaproteobacteria; o__Aeromonadales; f__Succinivibrionaceae; g__Succinivibrio; s__unclassified; 16100; FJ680476.1 gg_id:521800 Synecology primary and secondary habitats Escherichia coli O157:H7 fecal MARC beef cattle feedlot animal #4281 pen 301; was positive STEC O157 clone 5-3B23, FJ680476.1 gg_id:521800 Synecology primary and secondary habitats Escherichia coli O157:H7 fecal MARC beef cattle feedlot animal #4281 pen 301 was positive STEC O157 clone 5-3B23,10,-7.5,0.71875,0.8754228192285175,0.05861541916426265,630.0,605.6125031771095,0.967435545139537,0.9928887934220945,0.022222222222222223,True,1.0,12909.0,FMF,Male,Placebo-resistant (STRICT-ADAPTIVE)
22122, g__unclassified, s__unclassified, p__Firmicutes, c__Clostridia, o__Clostridiales, f__Ruminococcaceae,k__Bacteria; p__Firmicutes; c__Clostridia; o__Clostridiales; f__Ruminococcaceae; g__unclassified; s__unclassified; 22122; EU773138.1 gg_id:329808 BigHorn sheep feces clone BH1_aao27h11, EU773138.1 gg_id:329808 BigHorn sheep feces clone BH1_aao27h11,10,173.5,0.845703125,0.9248303534925827,0.061820663849526336,750.5,693.2693752623626,0.6533789106936937,0.9002109436224224,-0.13333333333333333,True,1.0,13409.5,FMF,Male,Placebo-resistant (STRICT-ADAPTIVE)
14, g__Pseudoalteromonas, s__unclassified, p__Proteobacteria, c__Gammaproteobacteria, o__Alteromonadales, f__Pseudoalteromonadaceae,k__Bacteria; p__Proteobacteria; c__Gammaproteobacteria; o__Alteromonadales; f__Pseudoalteromonadaceae; g__Pseudoalteromonas; s__unclassified; 14; AB457045.1 gg_id:309901 Pseudoalteromonas sp. str. SB-A1, AB457045.1 gg_id:309901 Pseudoalteromonas sp. str. SB-A1,10,113.0,0.193359375,0.7315836036008729,0.027831800845622756,322.25,340.65739746195965,0.967435545139537,0.9928887934220945,-0.022222222222222223,True,1.0,12610.5,FMF,Male,Placebo-resistant (STRICT-ADAPTIVE)
25639, g__Faecalibacterium, s__unclassified, p__Firmicutes, c__Clostridia, o__Clostridiales, f__Ruminococcaceae,k__Bacteria; p__Firmicutes; c__Clostridia; o__Clostridiales; f__Ruminococcaceae; g__Faecalibacterium; s__unclassified; 25639; FJ685245.1 gg_id:520987 Synecology primary and secondary habitats Escherichia coli O157:H7 fecal MARC beef cattle feedlot animal #4228 pen 301; was negative STEC O157 clone 6-2H9, FJ685245.1 gg_id:520987 Synecology primary and secondary habitats Escherichia coli O157:H7 fecal MARC beef cattle feedlot animal #4228 pen 301 was negative STEC O157 clone 6-2H9,10,110.0,0.130859375,0.7315836036008729,0.054703399722528544,198.25,797.2750207913062,0.7750513736700824,0.9376534160753778,0.08888888888888889,True,1.0,14156.5,FMF,Male,Placebo-resistant (STRICT-ADAPTIVE)
25307, g__Faecalibacterium, s__Faecalibacterium prausnitzii, p__Firmicutes, c__Clostridia, o__Clostridiales, f__Ruminococcaceae,k__Bacteria; p__Firmicutes; c__Clostridia; o__Clostridiales; f__Ruminococcaceae; g__Faecalibacterium; s__Faecalibacterium prausnitzii; 25307; FJ682300.1 gg_id:511438 Synecology primary and secondary habitats Escherichia coli O157:H7 fecal MARC beef cattle feedlot animal #4351 pen 301; was negative STEC O157 clone 8-2N2, FJ682300.1 gg_id:511438 Synecology primary and secondary habitats Escherichia coli O157:H7 fecal MARC beef cattle feedlot animal #4351 pen 301 was negative STEC O157 clone 8-2N2,10,73.0,0.181640625,0.7315836036008729,0.056621764914191595,180.25,788.1491142621568,0.8381864806450703,0.9581536201140475,0.06666666666666667,True,1.0,13800.0,FMF,Male,Placebo-resistant (STRICT-ADAPTIVE)
70159, g__unclassified, s__unclassified, p__Firmicutes, c__Clostridia, o__Clostridiales, f__Catabacteriaceae,k__Bacteria; p__Firmicutes; c__Clostridia; o__Clostridiales; f__Catabacteriaceae; g__unclassified; s__unclassified; 70159; FJ517038.1 gg_id:513057 semiarid 'Tablas de Daimiel National Park' wetland (Central Spain) unravelled water clone TDNP_Wbc97_183_1_70, FJ517038.1 gg_id:513057 semiarid 'Tablas de Daimiel National Park' wetland (Central Spain) unravelled water clone TDNP_Wbc97_183_1_70,10,318.5,0.275390625,0.7315836036008729,0.11121084367041816,666.75,1026.5313560968316,0.7750513736700824,0.9376534160753778,-0.08888888888888889,True,1.0,10683.5,FMF,Male,Placebo-resistant (STRICT-ADAPTIVE)
25413, g__Faecalibacterium, s__unclassified, p__Firmicutes, c__Clostridia, o__Clostridiales, f__Ruminococcaceae,k__Bacteria; p__Firmicutes; c__Clostridia; o__Clostridiales; f__Ruminococcaceae; g__Faecalibacterium; s__unclassified; 25413; FJ363897.1 gg_id:366974 feces adult twins and mothers; TS14 clone TS14_a04f07, FJ363897.1 gg_id:366974 feces adult twins and mothers TS14 clone TS14_a04f07,10,49.0,0.6953125,0.848255880244983,0.0496191579866249,531.75,668.1336974654764,0.6533789106936937,0.9002109436224224,0.13333333333333333,True,1.0,13394.0,FMF,Male,Placebo-resistant (STRICT-ADAPTIVE)
27024, g__Ruminococcus, s__unclassified, p__Firmicutes, c__Clostridia, o__Clostridiales, f__Ruminococcaceae,k__Bacteria; p__Firmicutes; c__Clostridia; o__Clostridiales; f__Ruminococcaceae; g__Ruminococcus; s__unclassified; 27024; EU344189.1 gg_id:268936 Foregut Fermentation Birds: Hoatzin Crop Supports Case Convergence Ruminants adult hoatzin crop clone hoa12_31G04, EU344189.1 gg_id:268936 Foregut Fermentation Birds: Hoatzin Crop Supports Case Convergence Ruminants adult hoatzin crop clone hoa12_31G04,10,205.0,0.232421875,0.7315836036008729,0.11168901455866619,785.75,1105.1523502018474,0.6533789106936937,0.9002109436224224,-0.13333333333333333,True,1.0,11949.0,FMF,Male,Placebo-resistant (STRICT-ADAPTIVE)
16575, g__Methyloversatilis, s__unclassified, p__Proteobacteria, c__Betaproteobacteria, o__Rhodocyclales, f__Rhodocyclaceae,k__Bacteria; p__Proteobacteria; c__Betaproteobacteria; o__Rhodocyclales; f__Rhodocyclaceae; g__Methyloversatilis; s__unclassified; 16575; DQ836749.1 gg_id:163176 attached biomass denitrifying bioreactor clone DB-5, DQ836749.1 gg_id:163176 attached biomass denitrifying bioreactor clone DB-5,10,129.5,0.375,0.7328566955432627,0.05016904743155027,463.0,445.95422491676334,0.8382564863858263,0.9581536201140475,-0.06666666666666667,True,1.0,12766.0,FMF,Male,Placebo-resistant (STRICT-ADAPTIVE)
59203, g__unclassified, s__unclassified, p__Proteobacteria, c__Alphaproteobacteria, o__Rhizobiales, f__Rhodobiaceae,k__Bacteria; p__Proteobacteria; c__Alphaproteobacteria; o__Rhizobiales; f__Rhodobiaceae; g__unclassified; s__unclassified; 59203; AB374392.1 gg_id:269733 sequences Weissenstein (white rock) / few millimeters be surface rock called 'Weissenstein' Albula pass central Alps canton Grisons clone NB17-WNS, AB374392.1 gg_id:269733 sequences Weissenstein (white rock) / few millimeters be surface rock called 'Weissenstein' Albula pass central Alps canton Grisons clone NB17-WNS,10,17.0,0.625,0.8184138750961605,0.06832381188352336,748.0,918.1311318500328,0.6533789106936937,0.9002109436224224,0.13333333333333333,True,1.0,11039.5,FMF,Male,Placebo-resistant (STRICT-ADAPTIVE)
50054, g__Dialister, s__unclassified, p__Firmicutes, c__Clostridia, o__Clostridiales, f__Veillonellaceae,k__Bacteria; p__Firmicutes; c__Clostridia; o__Clostridiales; f__Veillonellaceae; g__Dialister; s__unclassified; 50054; FJ364585.1 gg_id:363398 feces adult twins and mothers; TS15 clone TS15_a04g01, FJ364585.1 gg_id:363398 feces adult twins and mothers TS15 clone TS15_a04g01,10,-27.0,0.921875,0.9628597924917722,0.04589889779673619,535.0,590.6047851040303,0.8382564863858263,0.9581536201140475,-0.06666666666666667,True,1.0,12927.0,FMF,Male,Placebo-resistant (STRICT-ADAPTIVE)
23536, g__unclassified, s__unclassified, p__Firmicutes, c__Clostridia, o__Clostridiales, f__Lachnospiraceae,k__Bacteria; p__Firmicutes; c__Clostridia; o__Clostridiales; f__Lachnospiraceae; g__unclassified; s__unclassified; 23536; EU344316.1 gg_id:271681 Foregut Fermentation Birds: Hoatzin Crop Supports Case Convergence Ruminants adult hoatzin crop clone hoa12_08H01, EU344316.1 gg_id:271681 Foregut Fermentation Birds: Hoatzin Crop Supports Case Convergence Ruminants adult hoatzin crop clone hoa12_08H01,10,119.5,1.0,1.0,0.04551948413238205,662.75,482.85657454132047,0.7133031738784577,0.9207147820005681,0.1111111111111111,True,1.0,13481.0,FMF,Male,Placebo-resistant (STRICT-ADAPTIVE)
25895, g__Faecalibacterium, s__unclassified, p__Firmicutes, c__Clostridia, o__Clostridiales, f__Ruminococcaceae,k__Bacteria; p__Firmicutes; c__Clostridia; o__Clostridiales; f__Ruminococcaceae; g__Faecalibacterium; s__unclassified; 25895; FJ673177.1 gg_id:532034 Synecology primary and secondary habitats Escherichia coli O157:H7 fecal MARC beef cattle feedlot animal #4262 pen 301; was positive STEC O157 clone 130-1L11, FJ673177.1 gg_id:532034 Synecology primary and secondary habitats Escherichia coli O157:H7 fecal MARC beef cattle feedlot animal #4262 pen 301 was positive STEC O157 clone 130-1L11,10,140.5,0.431640625,0.7455067855825108,0.03043032340005001,236.0,396.05519523448015,1.0,1.0,0.0,True,1.0,13916.5,FMF,Male,Placebo-resistant (STRICT-ADAPTIVE)
71310, g__sfI, s__unclassified, p__Tenericutes, c__Mollicutes, o__RF39, f__unclassified,k__Bacteria; p__Tenericutes; c__Mollicutes; o__RF39; f__unclassified; g__sfI; s__unclassified; 71310; AY986020.1 gg_id:127092 human stool clone D332, AY986020.1 gg_id:127092 human stool clone D332,10,214.0,0.556640625,0.7914449891791329,0.15863515914390205,1734.75,1170.6947860404189,0.967435545139537,0.9928887934220945,0.022222222222222223,True,1.0,9240.5,FMF,Male,Placebo-resistant (STRICT-ADAPTIVE)
25350, g__Faecalibacterium, s__Faecalibacterium prausnitzii, p__Firmicutes, c__Clostridia, o__Clostridiales, f__Ruminococcaceae,k__Bacteria; p__Firmicutes; c__Clostridia; o__Clostridiales; f__Ruminococcaceae; g__Faecalibacterium; s__Faecalibacterium prausnitzii; 25350; FJ675765.1 gg_id:516596 Synecology primary and secondary habitats Escherichia coli O157:H7 fecal MARC beef cattle feedlot animal #4225 pen 301; was negative STEC O157 clone 3-5F24, FJ675765.1 gg_id:516596 Synecology primary and secondary habitats Escherichia coli O157:H7 fecal MARC beef cattle feedlot animal #4225 pen 301 was negative STEC O157 clone 3-5F24,10,134.5,0.556640625,0.7914449891791329,0.057059340416213376,594.75,751.0398775505274,0.7750513736700824,0.9376534160753778,0.08888888888888889,True,1.0,13572.0,FMF,Male,Placebo-resistant (STRICT-ADAPTIVE)
55350, g__Anaerobaculum, s__Anaerobaculum hydrogeniformans, p__Synergistetes, c__Synergistia, o__Synergistales, f__Anaerobaculaceae,k__Bacteria; p__Synergistetes; c__Synergistia; o__Synergistales; f__Anaerobaculaceae; g__Anaerobaculum; s__Anaerobaculum hydrogeniformans; 55350; NZ_ACJX02000009.1 gg_id:484357 Anaerobaculum hydrogeniformans str. ATCC BAA-1850, NZ_ACJX02000009.1 gg_id:484357 Anaerobaculum hydrogeniformans str. ATCC BAA-1850,10,259.5,0.232421875,0.7315836036008729,0.051155869518496724,356.25,512.0729239777388,0.9025232501776794,0.9754023282151151,0.044444444444444446,True,1.0,12773.0,FMF,Male,Placebo-resistant (STRICT-ADAPTIVE)
27777, g__unclassified, s__unclassified, p__Firmicutes, c__Clostridia, o__Clostridiales, f__Lachnospiraceae,k__Bacteria; p__Firmicutes; c__Clostridia; o__Clostridiales; f__Lachnospiraceae; g__unclassified; s__unclassified; 27777; FJ369326.1 gg_id:367422 feces adult twins and mothers; TS50 clone TS50_a03b05, FJ369326.1 gg_id:367422 feces adult twins and mothers TS50 clone TS50_a03b05,10,67.0,0.232421875,0.7315836036008729,0.019094998322823895,186.25,175.95863483595605,0.7750513736700824,0.9376534160753778,-0.08888888888888889,True,1.0,13562.5,FMF,Male,Placebo-resistant (STRICT-ADAPTIVE)
50464, g__Veillonella, s__unclassified, p__Firmicutes, c__Clostridia, o__Clostridiales, f__Veillonellaceae,k__Bacteria; p__Firmicutes; c__Clostridia; o__Clostridiales; f__Veillonellaceae; g__Veillonella; s__unclassified; 50464; GQ113854.1 gg_id:375581 Topographical and Temporal Human Skin Microbiome skin volar forearm clone nbw636h10c1, GQ113854.1 gg_id:375581 Topographical and Temporal Human Skin Microbiome skin volar forearm clone nbw636h10c1,10,63.0,0.556640625,0.7914449891791329,0.060493950371560114,352.5,561.7788520217622,0.967435545139537,0.9928887934220945,0.022222222222222223,True,1.0,13437.5,FMF,Male,Placebo-resistant (STRICT-ADAPTIVE)
24747, g__Faecalibacterium, s__unclassified, p__Firmicutes, c__Clostridia, o__Clostridiales, f__Ruminococcaceae,k__Bacteria; p__Firmicutes; c__Clostridia; o__Clostridiales; f__Ruminococcaceae; g__Faecalibacterium; s__unclassified; 24747; DQ794142.1 gg_id:184788 human fecal clone RL176_aan58f02, DQ794142.1 gg_id:184788 human fecal clone RL176_aan58f02,10,49.5,0.625,0.8184138750961605,0.04532254281756294,267.0,466.6041875746747,0.967435545139537,0.9928887934220945,0.022222222222222223,True,1.0,13145.5,FMF,Male,Placebo-resistant (STRICT-ADAPTIVE)
45360, g__Streptococcus, s__Streptococcus thermophilus, p__Firmicutes, c__Bacilli, o__Lactobacillales, f__Streptococcaceae,k__Bacteria; p__Firmicutes; c__Bacilli; o__Lactobacillales; f__Streptococcaceae; g__Streptococcus; s__Streptococcus thermophilus; 45360; GQ106050.1 gg_id:398015 Topographical and Temporal Human Skin Microbiome skin volar forearm clone nbw531g11c1, GQ106050.1 gg_id:398015 Topographical and Temporal Human Skin Microbiome skin volar forearm clone nbw531g11c1,10,-4.0,0.921875,0.9628597924917722,0.026746995988871102,356.25,266.6305496895991,0.7750513736700824,0.9376534160753778,0.08888888888888889,True,1.0,13138.5,FMF,Male,Placebo-resistant (STRICT-ADAPTIVE)
70814, g__Mycoplasma, s__Mycoplasma microti, p__Tenericutes, c__Mollicutes, o__Mycoplasmatales, f__Mycoplasmataceae,k__Bacteria; p__Tenericutes; c__Mollicutes; o__Mycoplasmatales; f__Mycoplasmataceae; g__Mycoplasma; s__Mycoplasma microti; 70814; U22415.1 gg_id:15832 Mycoplasma microti str. IL-372, U22415.1 gg_id:15832 Mycoplasma microti str. IL-372,10,275.0,0.625,0.8184138750961605,0.09063352521730271,663.0,890.2776018504941,0.6533789106936937,0.9002109436224224,0.13333333333333333,True,1.0,11272.5,FMF,Male,Placebo-resistant (STRICT-ADAPTIVE)
76194, g__Brachyspira, s__unclassified, p__Spirochaetes, c__Brachyspirae, o__Brachyspirales, f__Brachyspiraceae,k__Bacteria; p__Spirochaetes; c__Brachyspirae; o__Brachyspirales; f__Brachyspiraceae; g__Brachyspira; s__unclassified; 76194; U14930.1 gg_id:3768 Brachyspira hyodysenteriae str. B78, U14930.1 gg_id:3768 Brachyspira hyodysenteriae str. B78,10,-4.5,1.0,1.0,0.015964698031946736,233.25,185.61733592408754,0.9024806826878791,0.9754023282151151,-0.044444444444444446,True,1.0,13603.5,FMF,Male,Placebo-resistant (STRICT-ADAPTIVE)
56139, g__Akkermansia, s__unclassified, p__Verrucomicrobia, c__Verrucomicrobiae, o__Verrucomicrobiales, f__Verrucomicrobiaceae,k__Bacteria; p__Verrucomicrobia; c__Verrucomicrobiae; o__Verrucomicrobiales; f__Verrucomicrobiaceae; g__Akkermansia; s__unclassified; 56139; EU474294.1 gg_id:294378 western lowland gorilla feces clone GORSD_aaa03b05, EU474294.1 gg_id:294378 western lowland gorilla feces clone GORSD_aaa03b05,10,105.0,0.431640625,0.7455067855825108,0.08529482155621362,377.0,648.9596126998625,0.7133031738784577,0.9207147820005681,0.1111111111111111,True,1.0,9204.0,FMF,Male,Placebo-resistant (STRICT-ADAPTIVE)
24691, g__Faecalibacterium, s__unclassified, p__Firmicutes, c__Clostridia, o__Clostridiales, f__Ruminococcaceae,k__Bacteria; p__Firmicutes; c__Clostridia; o__Clostridiales; f__Ruminococcaceae; g__Faecalibacterium; s__unclassified; 24691; DQ798620.1 gg_id:175207 human fecal clone RL181_aan99b03, DQ798620.1 gg_id:175207 human fecal clone RL181_aan99b03,10,81.0,0.375,0.7328566955432627,0.058375435268181244,335.5,884.276768863183,0.7750513736700824,0.9376534160753778,0.08888888888888889,True,1.0,14302.0,FMF,Male,Placebo-resistant (STRICT-ADAPTIVE)
69649, g__unclassified, s__unclassified, p__Bacteroidetes, c__Bacteroidia, o__Bacteroidales, f__RikenellaceaeII,k__Bacteria; p__Bacteroidetes; c__Bacteroidia; o__Bacteroidales; f__RikenellaceaeII; g__unclassified; s__unclassified; 69649; EU461939.1 gg_id:293725 white-faced saki feces clone Saki_aaj64b03, EU461939.1 gg_id:293725 white-faced saki feces clone Saki_aaj64b03,10,76.5,0.4921875,0.7635226801988401,0.07585695502486994,665.5,610.5479187172782,0.8382564863858263,0.9581536201140475,-0.06666666666666667,True,1.0,12645.0,FMF,Male,Placebo-resistant (STRICT-ADAPTIVE)
26345, g__unclassified, s__unclassified, p__Firmicutes, c__Clostridia, o__Clostridiales, f__Ruminococcaceae,k__Bacteria; p__Firmicutes; c__Clostridia; o__Clostridiales; f__Ruminococcaceae; g__unclassified; s__unclassified; 26345; EU009761.1 gg_id:237211 intestinal microbiota domestic and wild turkeys turkey cecum clone DTB_AB8, EU009761.1 gg_id:237211 intestinal microbiota domestic and wild turkeys turkey cecum clone DTB_AB8,10,92.5,0.921875,0.9628597924917722,0.08084563593917393,707.75,705.535812815732,1.0,1.0,0.0,True,1.0,11880.5,FMF,Male,Placebo-resistant (STRICT-ADAPTIVE)
6704, g__Shewanella, s__Shewanella benthica, p__Proteobacteria, c__Gammaproteobacteria, o__Alteromonadales, f__Shewanellaceae,k__Bacteria; p__Proteobacteria; c__Gammaproteobacteria; o__Alteromonadales; f__Shewanellaceae; g__Shewanella; s__Shewanella benthica; 6704; AB183512.1 gg_id:101788 Shewanella sp. str. T5302, AB183512.1 gg_id:101788 Shewanella sp. str. T5302,10,383.5,0.083984375,0.7315836036008729,0.11178909707350095,987.25,811.1278857820963,0.7133031738784577,0.9207147820005681,0.1111111111111111,True,1.0,12327.5,FMF,Male,Placebo-resistant (STRICT-ADAPTIVE)
50498, g__Veillonella, s__Veillonella dispar, p__Firmicutes, c__Clostridia, o__Clostridiales, f__Veillonellaceae,k__Bacteria; p__Firmicutes; c__Clostridia; o__Clostridiales; f__Veillonellaceae; g__Veillonella; s__Veillonella dispar; 50498; GQ032236.1 gg_id:433236 Topographical and Temporal Human Skin Microbiome skin volar forearm clone nbw904b04c1, GQ032236.1 gg_id:433236 Topographical and Temporal Human Skin Microbiome skin volar forearm clone nbw904b04c1,10,53.5,0.556640625,0.7914449891791329,0.06558280103403479,557.5,555.0464151652344,0.7133031738784577,0.9207147820005681,-0.1111111111111111,True,1.0,11762.0,FMF,Male,Placebo-resistant (STRICT-ADAPTIVE)
36309, g__Corynebacterium, s__unclassified, p__Actinobacteria, c__Actinobacteria, o__Actinomycetales, f__Corynebacteriaceae,k__Bacteria; p__Actinobacteria; c__Actinobacteria; o__Actinomycetales; f__Corynebacteriaceae; g__Corynebacterium; s__unclassified; 36309; GQ009100.1 gg_id:500565 Topographical and Temporal Human Skin Microbiome skin buttock clone nbw827b08c1, GQ009100.1 gg_id:500565 Topographical and Temporal Human Skin Microbiome skin buttock clone nbw827b08c1,10,59.0,0.275390625,0.7315836036008729,0.07150574772282196,502.75,702.0469625190484,0.967435545139537,0.9928887934220945,0.022222222222222223,True,1.0,12575.5,FMF,Male,Placebo-resistant (STRICT-ADAPTIVE)
29326, g__Corynebacterium, s__unclassified, p__Actinobacteria, c__Actinobacteria, o__Actinomycetales, f__Corynebacteriaceae,k__Bacteria; p__Actinobacteria; c__Actinobacteria; o__Actinomycetales; f__Corynebacteriaceae; g__Corynebacterium; s__unclassified; 29326; GQ010101.1 gg_id:499564 Topographical and Temporal Human Skin Microbiome skin toe web space clone nbw782h01c1, GQ010101.1 gg_id:499564 Topographical and Temporal Human Skin Microbiome skin toe web space clone nbw782h01c1,10,-42.0,0.232421875,0.7315836036008729,0.016625268653342438,145.5,173.5510563494213,0.9025232501776794,0.9754023282151151,0.044444444444444446,True,1.0,13099.0,FMF,Male,Placebo-resistant (STRICT-ADAPTIVE)
26150, g__Faecalibacterium, s__Faecalibacterium prausnitzii, p__Firmicutes, c__Clostridia, o__Clostridiales, f__Ruminococcaceae,k__Bacteria; p__Firmicutes; c__Clostridia; o__Clostridiales; f__Ruminococcaceae; g__Faecalibacterium; s__Faecalibacterium prausnitzii; 26150; DQ799860.1 gg_id:177835 human fecal clone RL247_aaj21a09, DQ799860.1 gg_id:177835 human fecal clone RL247_aaj21a09,10,26.5,0.845703125,0.9248303534925827,0.02652062695658966,270.25,451.1655461641054,0.8064127004978174,0.9581536201140475,0.06666666666666667,True,1.0,13135.5,FMF,Male,Placebo-resistant (STRICT-ADAPTIVE)
69882, g__unclassified, s__unclassified, p__Firmicutes, c__Clostridia, o__Clostridiales, f__Catabacteriaceae,k__Bacteria; p__Firmicutes; c__Clostridia; o__Clostridiales; f__Catabacteriaceae; g__unclassified; s__unclassified; 69882; GQ175384.1 gg_id:554511 Chicken intestinal microbiota modulations various feed supplementations DGGE and CSbyDG caeca content chicken gut clone cc_27, GQ175384.1 gg_id:554511 Chicken intestinal microbiota modulations various feed supplementations DGGE and CSbyDG caeca content chicken gut clone cc_27,10,261.5,0.037109375,0.7315836036008729,0.08348829057763016,909.25,608.3977342678244,0.9025232501776794,0.9754023282151151,0.044444444444444446,True,1.0,12004.5,FMF,Male,Placebo-resistant (STRICT-ADAPTIVE)
20940, g__unclassified, s__unclassified, p__Firmicutes, c__Clostridia, o__Clostridiales, f__Lachnospiraceae,k__Bacteria; p__Firmicutes; c__Clostridia; o__Clostridiales; f__Lachnospiraceae; g__unclassified; s__unclassified; 20940; EU773448.1 gg_id:328357 Black lemur feces clone BKLE_c07_1, EU773448.1 gg_id:328357 Black lemur feces clone BKLE_c07_1,10,43.5,0.76953125,0.8836442490494296,0.06951714916921073,701.75,788.6314835946297,1.0,1.0,0.0,True,1.0,12616.0,FMF,Male,Placebo-resistant (STRICT-ADAPTIVE)
27954, g__Clostridium, s__unclassified, p__Firmicutes, c__Clostridia, o__Clostridiales, f__Clostridiaceae,k__Bacteria; p__Firmicutes; c__Clostridia; o__Clostridiales; f__Clostridiaceae; g__Clostridium; s__unclassified; 27954; AB487128.1 gg_id:587360 Microbial responsive denitrification-inducing conditions rice paddy soil clone TSNIR001_K22, AB487128.1 gg_id:587360 Microbial responsive denitrification-inducing conditions rice paddy soil clone TSNIR001_K22,10,10.0,1.0,1.0,0.03854788488697509,488.0,413.2806114816744,0.967435545139537,0.9928887934220945,0.022222222222222223,True,1.0,13399.0,FMF,Male,Placebo-resistant (STRICT-ADAPTIVE)
44265, g__Clostridium, s__unclassified, p__Firmicutes, c__Clostridia, o__Clostridiales, f__Clostridiaceae,k__Bacteria; p__Firmicutes; c__Clostridia; o__Clostridiales; f__Clostridiaceae; g__Clostridium; s__unclassified; 44265; EU473643.1 gg_id:302631 banteng feces clone BG_aaa01c06.Contig1, EU473643.1 gg_id:302631 banteng feces clone BG_aaa01c06.Contig1,10,210.0,0.009765625,0.7315836036008729,0.08357756057546563,607.5,596.2432178789682,0.7750513736700824,0.9376534160753778,0.08888888888888889,True,1.0,11538.0,FMF,Male,Placebo-resistant (STRICT-ADAPTIVE)
67866, g__Prevotella, s__unclassified, p__Bacteroidetes, c__Bacteroidia, o__Bacteroidales, f__Prevotellaceae,k__Bacteria; p__Bacteroidetes; c__Bacteroidia; o__Bacteroidales; f__Prevotellaceae; g__Prevotella; s__unclassified; 67866; GQ491577.1 gg_id:577157 Effect Diet on Human Gut Microbiome: Metagenomic Humanized Gnotobiotic Mice cecal contents Mus musculus strain C57BL/6J; PM3t2 clone PM3t2_a03c10, GQ491577.1 gg_id:577157 Effect Diet on Human Gut Microbiome: Metagenomic Humanized Gnotobiotic Mice cecal contents Mus musculus strain C57BL/6J PM3t2 clone PM3t2_a03c10,10,501.0,0.431640625,0.7455067855825108,0.07052180054326658,438.75,782.5066760276092,0.9025232501776794,0.9754023282151151,0.044444444444444446,True,1.0,13545.0,FMF,Male,Placebo-resistant (STRICT-ADAPTIVE)
27549, g__Clostridium, s__unclassified, p__Firmicutes, c__Clostridia, o__Clostridiales, f__Clostridiaceae,k__Bacteria; p__Firmicutes; c__Clostridia; o__Clostridiales; f__Clostridiaceae; g__Clostridium; s__unclassified; 27549; AB374114.1 gg_id:245904 Effect temperature on microbial glucose-degrading methanogenic consortium under chemostat cultivation hyperthermophilic anaerobic glucose degrading reactor clone HTB1-B5, AB374114.1 gg_id:245904 Effect temperature on microbial glucose-degrading methanogenic consortium under chemostat cultivation hyperthermophilic anaerobic glucose degrading reactor clone HTB1-B5,10,212.5,0.275390625,0.7315836036008729,0.07315535903995793,556.5,814.8564551877289,0.967435545139537,0.9928887934220945,-0.022222222222222223,True,1.0,10459.0,FMF,Male,Placebo-resistant (STRICT-ADAPTIVE)
68043, g__Prevotella, s__unclassified, p__Bacteroidetes, c__Bacteroidia, o__Bacteroidales, f__Prevotellaceae,k__Bacteria; p__Bacteroidetes; c__Bacteroidia; o__Bacteroidales; f__Prevotellaceae; g__Prevotella; s__unclassified; 68043; GQ493040.1 gg_id:543667 Effect Diet on Human Gut Microbiome: Metagenomic Humanized Gnotobiotic Mice cecal contents Mus musculus strain C57BL/6J; PM3t2 clone PM3t2_a01b01, GQ493040.1 gg_id:543667 Effect Diet on Human Gut Microbiome: Metagenomic Humanized Gnotobiotic Mice cecal contents Mus musculus strain C57BL/6J PM3t2 clone PM3t2_a01b01,10,451.0,0.431640625,0.7455067855825108,0.06593389191173041,408.75,789.4065754934032,1.0,1.0,0.0,True,1.0,13689.0,FMF,Male,Placebo-resistant (STRICT-ADAPTIVE)
67236, g__Prevotella, s__unclassified, p__Bacteroidetes, c__Bacteroidia, o__Bacteroidales, f__Prevotellaceae,k__Bacteria; p__Bacteroidetes; c__Bacteroidia; o__Bacteroidales; f__Prevotellaceae; g__Prevotella; s__unclassified; 67236; EU774309.1 gg_id:329650 Chimpanzee feces clone CHIMP1_aaj37f03, EU774309.1 gg_id:329650 Chimpanzee feces clone CHIMP1_aaj37f03,10,311.0,0.4921875,0.7635226801988401,0.09719709846334007,830.0,1177.530287912422,0.7750513736700824,0.9376534160753778,0.08888888888888889,True,1.0,13292.5,FMF,Male,Placebo-resistant (STRICT-ADAPTIVE)
25482, g__Faecalibacterium, s__Faecalibacterium prausnitzii, p__Firmicutes, c__Clostridia, o__Clostridiales, f__Ruminococcaceae,k__Bacteria; p__Firmicutes; c__Clostridia; o__Clostridiales; f__Ruminococcaceae; g__Faecalibacterium; s__Faecalibacterium prausnitzii; 25482; FJ682856.1 gg_id:532075 Synecology primary and secondary habitats Escherichia coli O157:H7 fecal MARC beef cattle feedlot animal #4351 pen 301; was negative STEC O157 clone 8-4K6, FJ682856.1 gg_id:532075 Synecology primary and secondary habitats Escherichia coli O157:H7 fecal MARC beef cattle feedlot animal #4351 pen 301 was negative STEC O157 clone 8-4K6,10,151.5,0.322265625,0.7315836036008729,0.04304451768663931,323.5,746.8836341380987,0.6533789106936937,0.9002109436224224,0.13333333333333333,True,1.0,13762.0,FMF,Male,Placebo-resistant (STRICT-ADAPTIVE)
17482, g__unclassified, s__unclassified, p__Firmicutes, c__Clostridia, o__Clostridiales, f__Lachnospiraceae,k__Bacteria; p__Firmicutes; c__Clostridia; o__Clostridiales; f__Lachnospiraceae; g__unclassified; s__unclassified; 17482; AJ408980.1 gg_id:36059 human colonic clone HuCA29, AJ408980.1 gg_id:36059 human colonic clone HuCA29,10,122.5,0.232421875,0.7315836036008729,0.04702324239500722,201.75,452.1446487930851,0.6533789106936937,0.9002109436224224,0.13333333333333333,True,1.0,12771.5,FMF,Male,Placebo-resistant (STRICT-ADAPTIVE)
73910, g__Mycoplasma, s__unclassified, p__Tenericutes, c__Mollicutes, o__Mycoplasmatales, f__Mycoplasmataceae,k__Bacteria; p__Tenericutes; c__Mollicutes; o__Mycoplasmatales; f__Mycoplasmataceae; g__Mycoplasma; s__unclassified; 73910; EF510714.1 gg_id:224150 Loss During Antibiotic Treatment 1 Intubated Patients Colonized Pseudomonas aeruginosa endotracheal aspirate clone P2D15-545, EF510714.1 gg_id:224150 Loss During Antibiotic Treatment 1 Intubated Patients Colonized Pseudomonas aeruginosa endotracheal aspirate clone P2D15-545,10,60.0,0.322265625,0.7315836036008729,0.0355296299154581,269.5,382.64353774469754,0.9025232501776794,0.9754023282151151,-0.044444444444444446,True,1.0,12129.0,FMF,Male,Placebo-resistant (STRICT-ADAPTIVE)
5721, g__Salmonella, s__Salmonella enterica, p__Proteobacteria, c__Gammaproteobacteria, o__Enterobacteriales, f__Enterobacteriaceae,k__Bacteria; p__Proteobacteria; c__Gammaproteobacteria; o__Enterobacteriales; f__Enterobacteriaceae; g__Salmonella; s__Salmonella enterica; 5721; EF604258.1 gg_id:229218 Salmonella typhimurium Exploits Inflammation Compete Intestinal Microbiota mouse cecum clone 16saw14-01d08.w2k926r, EF604258.1 gg_id:229218 Salmonella typhimurium Exploits Inflammation Compete Intestinal Microbiota mouse cecum clone 16saw14-01d08.w2k926r,10,146.0,1.0,1.0,0.08031267682675657,760.0,1293.4386861832902,0.7750513736700824,0.9376534160753778,0.08888888888888889,True,1.0,12118.0,FMF,Male,Placebo-resistant (STRICT-ADAPTIVE)
26171, g__Faecalibacterium, s__Faecalibacterium prausnitzii, p__Firmicutes, c__Clostridia, o__Clostridiales, f__Ruminococcaceae,k__Bacteria; p__Firmicutes; c__Clostridia; o__Clostridiales; f__Ruminococcaceae; g__Faecalibacterium; s__Faecalibacterium prausnitzii; 26171; AY980264.1 gg_id:122590 human rectum mucosal biopsy clone MX02, AY980264.1 gg_id:122590 human rectum mucosal biopsy clone MX02,10,110.5,0.6953125,0.848255880244983,0.04915377321120719,462.25,674.3058484726678,0.967435545139537,0.9928887934220945,0.022222222222222223,True,1.0,13946.5,FMF,Male,Placebo-resistant (STRICT-ADAPTIVE)
24431, g__Faecalibacterium, s__unclassified, p__Firmicutes, c__Clostridia, o__Clostridiales, f__Ruminococcaceae,k__Bacteria; p__Firmicutes; c__Clostridia; o__Clostridiales; f__Ruminococcaceae; g__Faecalibacterium; s__unclassified; 24431; FJ365608.1 gg_id:360246 feces adult twins and mothers; TS20 clone TS20_a04h06, FJ365608.1 gg_id:360246 feces adult twins and mothers TS20 clone TS20_a04h06,10,174.5,0.4921875,0.7635226801988401,0.07143104262654776,588.25,1020.3948453983661,0.6533789106936937,0.9002109436224224,0.13333333333333333,True,1.0,12564.5,FMF,Male,Placebo-resistant (STRICT-ADAPTIVE)
6618, g__Aggregatibacter, s__Aggregatibacter segnis, p__Proteobacteria, c__Gammaproteobacteria, o__Pasteurellales, f__Pasteurellaceae,k__Bacteria; p__Proteobacteria; c__Gammaproteobacteria; o__Pasteurellales; f__Pasteurellaceae; g__Aggregatibacter; s__Aggregatibacter segnis; 6618; AF224299.1 gg_id:17538 Haemophilus segnis str. MCCM 00337, AF224299.1 gg_id:17538 Haemophilus segnis str. MCCM 00337,10,851.0,0.130859375,0.7315836036008729,0.2308728391595339,1688.25,1218.426229345325,0.7133031738784577,0.9207147820005681,0.1111111111111111,True,1.0,7258.0,FMF,Male,Placebo-resistant (STRICT-ADAPTIVE)
72041, g__Weissella, s__unclassified, p__Firmicutes, c__Bacilli, o__Lactobacillales, f__Leuconostocaceae,k__Bacteria; p__Firmicutes; c__Bacilli; o__Lactobacillales; f__Leuconostocaceae; g__Weissella; s__unclassified; 72041; EU465515.1 gg_id:292431 lion feces clone LI3_aah78f11, EU465515.1 gg_id:292431 lion feces clone LI3_aah78f11,10,103.0,0.556640625,0.7914449891791329,0.029244733793031347,420.0,316.3668186017968,0.967435545139537,0.9928887934220945,0.022222222222222223,True,1.0,12545.0,FMF,Male,Placebo-resistant (STRICT-ADAPTIVE)
17431, g__Roseburia, s__Eubacterium rectale, p__Firmicutes, c__Clostridia, o__Clostridiales, f__Lachnospiraceae,k__Bacteria; p__Firmicutes; c__Clostridia; o__Clostridiales; f__Lachnospiraceae; g__Roseburia; s__Eubacterium rectale; 17431; FJ370978.1 gg_id:358935 feces adult twins and mothers; TS5 clone TS5_a03e04, FJ370978.1 gg_id:358935 feces adult twins and mothers TS5 clone TS5_a03e04,10,66.0,0.76953125,0.8836442490494296,0.07097394401576348,942.25,835.7461429591591,0.8382564863858263,0.9581536201140475,0.06666666666666667,True,1.0,13909.5,FMF,Male,Placebo-resistant (STRICT-ADAPTIVE)
50855, g__Veillonella, s__unclassified, p__Firmicutes, c__Clostridia, o__Clostridiales, f__Veillonellaceae,k__Bacteria; p__Firmicutes; c__Clostridia; o__Clostridiales; f__Veillonellaceae; g__Veillonella; s__unclassified; 50855; GQ114136.1 gg_id:439586 Topographical and Temporal Human Skin Microbiome skin interdigital web space clone nbw682a10c1, GQ114136.1 gg_id:439586 Topographical and Temporal Human Skin Microbiome skin interdigital web space clone nbw682a10c1,10,36.5,1.0,1.0,0.05604529555713079,592.75,795.3816620417033,1.0,1.0,0.0,True,1.0,12181.0,FMF,Male,Placebo-resistant (STRICT-ADAPTIVE)
55937, g__Akkermansia, s__unclassified, p__Verrucomicrobia, c__Verrucomicrobiae, o__Verrucomicrobiales, f__Verrucomicrobiaceae,k__Bacteria; p__Verrucomicrobia; c__Verrucomicrobiae; o__Verrucomicrobiales; f__Verrucomicrobiaceae; g__Akkermansia; s__unclassified; 55937; EF099628.1 gg_id:184620 mouse cecum clone SWPT4_aaa02b07, EF099628.1 gg_id:184620 mouse cecum clone SWPT4_aaa02b07,10,189.0,0.130859375,0.7315836036008729,0.054113727558985934,524.5,716.7530410779186,0.5674585271954133,0.8815286128988666,-0.14444444444444443,True,1.0,9713.5,FMF,Male,Placebo-resistant (STRICT-ADAPTIVE)
24704, g__Faecalibacterium, s__unclassified, p__Firmicutes, c__Clostridia, o__Clostridiales, f__Ruminococcaceae,k__Bacteria; p__Firmicutes; c__Clostridia; o__Clostridiales; f__Ruminococcaceae; g__Faecalibacterium; s__unclassified; 24704; FJ680557.1 gg_id:515764 Synecology primary and secondary habitats Escherichia coli O157:H7 fecal MARC beef cattle feedlot animal #4281 pen 301; was positive STEC O157 clone 5-3H2, FJ680557.1 gg_id:515764 Synecology primary and secondary habitats Escherichia coli O157:H7 fecal MARC beef cattle feedlot animal #4281 pen 301 was positive STEC O157 clone 5-3H2,10,106.5,0.556640625,0.7914449891791329,0.04021948804038804,478.25,464.7964002729224,0.967435545139537,0.9928887934220945,-0.022222222222222223,True,1.0,13519.0,FMF,Male,Placebo-resistant (STRICT-ADAPTIVE)
25809, g__Faecalibacterium, s__unclassified, p__Firmicutes, c__Clostridia, o__Clostridiales, f__Ruminococcaceae,k__Bacteria; p__Firmicutes; c__Clostridia; o__Clostridiales; f__Ruminococcaceae; g__Faecalibacterium; s__unclassified; 25809; EU767293.1 gg_id:318264 Pervasive effects antibiotic on human gut microbiota deep sequencing fecal clone C2_367, EU767293.1 gg_id:318264 Pervasive effects antibiotic on human gut microbiota deep sequencing fecal clone C2_367,10,45.5,0.6953125,0.848255880244983,0.07260726139959824,311.0,785.1655044843872,0.7133031738784577,0.9207147820005681,0.1111111111111111,True,1.0,13732.0,FMF,Male,Placebo-resistant (STRICT-ADAPTIVE)
76036, g__Brachyspira, s__unclassified, p__Spirochaetes, c__Brachyspirae, o__Brachyspirales, f__Brachyspiraceae,k__Bacteria; p__Spirochaetes; c__Brachyspirae; o__Brachyspirales; f__Brachyspiraceae; g__Brachyspira; s__unclassified; 76036; AY312492.1 gg_id:88867 Brachyspira murdochii str. 56-150, AY312492.1 gg_id:88867 Brachyspira murdochii str. 56-150,10,252.0,0.16015625,0.7315836036008729,0.07853589467149835,865.5,725.3616869220791,0.9025232501776794,0.9754023282151151,0.044444444444444446,True,1.0,11795.0,FMF,Male,Placebo-resistant (STRICT-ADAPTIVE)
26557, g__Faecalibacterium, s__Faecalibacterium prausnitzii, p__Firmicutes, c__Clostridia, o__Clostridiales, f__Ruminococcaceae,k__Bacteria; p__Firmicutes; c__Clostridia; o__Clostridiales; f__Ruminococcaceae; g__Faecalibacterium; s__Faecalibacterium prausnitzii; 26557; FJ676590.1 gg_id:519312 Synecology primary and secondary habitats Escherichia coli O157:H7 fecal MARC beef cattle feedlot animal #4225 pen 301; was negative STEC O157 clone 3-7O22, FJ676590.1 gg_id:519312 Synecology primary and secondary habitats Escherichia coli O157:H7 fecal MARC beef cattle feedlot animal #4225 pen 301 was negative STEC O157 clone 3-7O22,10,112.0,0.76953125,0.8836442490494296,0.029014009165707975,345.75,466.7906770515262,0.7131829113892982,0.9207147820005681,0.1111111111111111,True,1.0,13903.5,FMF,Male,Placebo-resistant (STRICT-ADAPTIVE)
46799, g__Staphylococcus, s__Staphylococcus epidermidis, p__Firmicutes, c__Bacilli, o__Bacillales, f__Staphylococcaceae,k__Bacteria; p__Firmicutes; c__Bacilli; o__Bacillales; f__Staphylococcaceae; g__Staphylococcus; s__Staphylococcus epidermidis; 46799; GQ042352.1 gg_id:373938 Topographical and Temporal Human Skin Microbiome skin nare clone nbw939c09c1, GQ042352.1 gg_id:373938 Topographical and Temporal Human Skin Microbiome skin nare clone nbw939c09c1,10,-65.0,0.845703125,0.9248303534925827,0.026905238615265607,417.75,439.30804070973056,0.7750513736700824,0.9376534160753778,0.08888888888888889,True,1.0,13237.5,FMF,Male,Placebo-resistant (STRICT-ADAPTIVE)
25454, g__Faecalibacterium, s__unclassified, p__Firmicutes, c__Clostridia, o__Clostridiales, f__Ruminococcaceae,k__Bacteria; p__Firmicutes; c__Clostridia; o__Clostridiales; f__Ruminococcaceae; g__Faecalibacterium; s__unclassified; 25454; FJ367002.1 gg_id:367845 feces adult twins and mothers; TS28 clone TS28_a02c09, FJ367002.1 gg_id:367845 feces adult twins and mothers TS28 clone TS28_a02c09,10,136.5,0.4921875,0.7635226801988401,0.06572041349594748,442.5,774.6892683801251,0.6829598733032564,0.9207147820005681,0.1111111111111111,True,1.0,13674.5,FMF,Male,Placebo-resistant (STRICT-ADAPTIVE)
50461, g__Veillonella, s__unclassified, p__Firmicutes, c__Clostridia, o__Clostridiales, f__Veillonellaceae,k__Bacteria; p__Firmicutes; c__Clostridia; o__Clostridiales; f__Veillonellaceae; g__Veillonella; s__unclassified; 50461; GQ006870.1 gg_id:502794 Topographical and Temporal Human Skin Microbiome skin occiput clone nbu88g07c1, GQ006870.1 gg_id:502794 Topographical and Temporal Human Skin Microbiome skin occiput clone nbu88g07c1,10,11.0,0.75,0.8836442490494296,0.0594984070652638,590.5,840.452155439757,1.0,1.0,0.0,True,1.0,11906.0,FMF,Male,Placebo-resistant (STRICT-ADAPTIVE)
68816, g__Bacteroides, s__Bacteroides plebeius, p__Bacteroidetes, c__Bacteroidia, o__Bacteroidales, f__Bacteroidaceae,k__Bacteria; p__Bacteroidetes; c__Bacteroidia; o__Bacteroidales; f__Bacteroidaceae; g__Bacteroides; s__Bacteroides plebeius; 68816; EU766635.1 gg_id:318833 Pervasive effects antibiotic on human gut microbiota deep sequencing fecal clone C1_326, EU766635.1 gg_id:318833 Pervasive effects antibiotic on human gut microbiota deep sequencing fecal clone C1_326,10,317.5,0.275390625,0.7315836036008729,0.2211866204587797,830.75,1288.7273223046234,1.0,1.0,0.0,True,1.0,9519.5,FMF,Male,Placebo-resistant (STRICT-ADAPTIVE)
58435, g__unclassified, s__unclassified, p__Proteobacteria, c__Deltaproteobacteria, o__Desulfuromonadales, f__Desulfuromonadaceae,k__Bacteria; p__Proteobacteria; c__Deltaproteobacteria; o__Desulfuromonadales; f__Desulfuromonadaceae; g__unclassified; s__unclassified; 58435; AY998187.1 gg_id:115871 Continental deep subsurface geochemically structured within alternating shale-sandstone units: Implications astrobiology Cerro Negro, AY998187.1 gg_id:115871 Continental deep subsurface geochemically structured within alternating shale-sandstone units: Implications astrobiology Cerro Negro,10,134.5,0.048828125,0.7315836036008729,0.04094567999868372,366.25,385.6525292266199,0.967435545139537,0.9928887934220945,-0.022222222222222223,True,1.0,12897.5,FMF,Male,Placebo-resistant (STRICT-ADAPTIVE)
66780, g__unclassified, s__unclassified, p__Bacteroidetes, c__Bacteroidia, o__Bacteroidales, f__RikenellaceaeII,k__Bacteria; p__Bacteroidetes; c__Bacteroidia; o__Bacteroidales; f__RikenellaceaeII; g__unclassified; s__unclassified; 66780; AJ488097.1 gg_id:66167 chlorobenzene-degrading consortium clone IIIB-1, AJ488097.1 gg_id:66167 chlorobenzene-degrading consortium clone IIIB-1,10,262.0,0.625,0.8184138750961605,0.09439514381895144,1099.25,886.6127755652722,0.967435545139537,0.9928887934220945,-0.022222222222222223,True,1.0,12054.0,FMF,Male,Placebo-resistant (STRICT-ADAPTIVE)
57911, g__WCHB1-05, s__unclassified, p__Chloroflexi, c__Anaerolineae, o__Anaerolineales, f__Anaerolinaceae,k__Bacteria; p__Chloroflexi; c__Anaerolineae; o__Anaerolineales; f__Anaerolinaceae; g__WCHB1-05; s__unclassified; 57911; CU923309.1 gg_id:559697 Towards definition core microorganisms involved digestion mesophilic anaerobic digester which treats municipal wastewater sludge clone, CU923309.1 gg_id:559697 Towards definition core microorganisms involved digestion mesophilic anaerobic digester which treats municipal wastewater sludge clone,10,271.5,0.10546875,0.7315836036008729,0.036472007344141334,426.25,327.40330234029915,0.6533789106936937,0.9002109436224224,0.13333333333333333,True,1.0,12094.5,FMF,Male,Placebo-resistant (STRICT-ADAPTIVE)
4944, g__Shigella, s__unclassified, p__Proteobacteria, c__Gammaproteobacteria, o__Enterobacteriales, f__Enterobacteriaceae,k__Bacteria; p__Proteobacteria; c__Gammaproteobacteria; o__Enterobacteriales; f__Enterobacteriaceae; g__Shigella; s__unclassified; 4944; EU470621.1 gg_id:293683 red panda feces clone RP_1aaa03d04, EU470621.1 gg_id:293683 red panda feces clone RP_1aaa03d04,10,237.0,0.275390625,0.7315836036008729,0.15978868156139844,1836.25,1257.1937685284106,0.7750513736700824,0.9376534160753778,0.08888888888888889,True,1.0,11954.5,FMF,Male,Placebo-resistant (STRICT-ADAPTIVE)
25966, g__Faecalibacterium, s__unclassified, p__Firmicutes, c__Clostridia, o__Clostridiales, f__Ruminococcaceae,k__Bacteria; p__Firmicutes; c__Clostridia; o__Clostridiales; f__Ruminococcaceae; g__Faecalibacterium; s__unclassified; 25966; FJ673387.1 gg_id:524753 Synecology primary and secondary habitats Escherichia coli O157:H7 fecal MARC beef cattle feedlot animal #4262 pen 301; was positive STEC O157 clone 130-5A16, FJ673387.1 gg_id:524753 Synecology primary and secondary habitats Escherichia coli O157:H7 fecal MARC beef cattle feedlot animal #4262 pen 301 was positive STEC O157 clone 130-5A16,10,103.5,0.4921875,0.7635226801988401,0.03800211027817427,273.5,440.5961944469234,0.7133031738784577,0.9207147820005681,0.1111111111111111,True,1.0,13561.5,FMF,Male,Placebo-resistant (STRICT-ADAPTIVE)
36142, g__Corynebacterium, s__unclassified, p__Actinobacteria, c__Actinobacteria, o__Actinomycetales, f__Corynebacteriaceae,k__Bacteria; p__Actinobacteria; c__Actinobacteria; o__Actinomycetales; f__Corynebacteriaceae; g__Corynebacterium; s__unclassified; 36142; GQ034455.1 gg_id:442713 Topographical and Temporal Human Skin Microbiome skin external auditory canal clone nbu342d05c1, GQ034455.1 gg_id:442713 Topographical and Temporal Human Skin Microbiome skin external auditory canal clone nbu342d05c1,10,139.0,0.232421875,0.7315836036008729,0.020939155224982485,221.5,204.54985505847822,0.6240539694958962,0.9002109436224224,0.13333333333333333,True,1.0,13610.0,FMF,Male,Placebo-resistant (STRICT-ADAPTIVE)
70585, g__unclassified, s__unclassified, p__Firmicutes, c__Clostridia, o__Clostridiales, f__Lachnospiraceae,k__Bacteria; p__Firmicutes; c__Clostridia; o__Clostridiales; f__Lachnospiraceae; g__unclassified; s__unclassified; 70585; EU773131.1 gg_id:350906 BigHorn sheep feces clone BH1_aao27c02, EU773131.1 gg_id:350906 BigHorn sheep feces clone BH1_aao27c02,10,228.5,0.4921875,0.7635226801988401,0.042993344397691015,576.5,553.563574870433,0.967435545139537,0.9928887934220945,-0.022222222222222223,True,1.0,13301.5,FMF,Male,Placebo-resistant (STRICT-ADAPTIVE)
34314, g__Corynebacterium, s__unclassified, p__Actinobacteria, c__Actinobacteria, o__Actinomycetales, f__Corynebacteriaceae,k__Bacteria; p__Actinobacteria; c__Actinobacteria; o__Actinomycetales; f__Corynebacteriaceae; g__Corynebacterium; s__unclassified; 34314; GQ022856.1 gg_id:486813 Topographical and Temporal Human Skin Microbiome skin volar forearm clone nbu305h08c1, GQ022856.1 gg_id:486813 Topographical and Temporal Human Skin Microbiome skin volar forearm clone nbu305h08c1,10,24.5,0.921875,0.9628597924917722,0.023488677487023935,372.75,262.95781652619155,0.9025232501776794,0.9754023282151151,0.044444444444444446,True,1.0,13888.5,FMF,Male,Placebo-resistant (STRICT-ADAPTIVE)
37735, g__unclassified, s__unclassified, p__Actinobacteria, c__Actinobacteria, o__Actinomycetales, f__Corynebacteriaceae,k__Bacteria; p__Actinobacteria; c__Actinobacteria; o__Actinomycetales; f__Corynebacteriaceae; g__unclassified; s__unclassified; 37735; GQ055422.1 gg_id:376149 Topographical and Temporal Human Skin Microbiome skin occiput clone nbw1115a10c1, GQ055422.1 gg_id:376149 Topographical and Temporal Human Skin Microbiome skin occiput clone nbw1115a10c1,10,6.0,0.6953125,0.848255880244983,0.020537267433431285,437.5,247.8822241867653,0.7133031738784577,0.9207147820005681,-0.1111111111111111,True,1.0,12273.5,FMF,Male,Placebo-resistant (STRICT-ADAPTIVE)
51191, g__sfA, s__unclassified, p__Acidobacteria, c__Chloracidobacteria, o__unclassified, f__unclassified,k__Bacteria; p__Acidobacteria; c__Chloracidobacteria; o__unclassified; f__unclassified; g__sfA; s__unclassified; 51191; AY289362.1 gg_id:88737 soil clone DS-249, AY289362.1 gg_id:88737 soil clone DS-249,10,262.5,0.16015625,0.7315836036008729,0.06865460900253037,622.5,556.2068816107108,0.9025232501776794,0.9754023282151151,0.044444444444444446,True,1.0,11717.5,FMF,Male,Placebo-resistant (STRICT-ADAPTIVE)
3932, g__Pseudomonas, s__unclassified, p__Proteobacteria, c__Gammaproteobacteria, o__Pseudomonadales, f__Pseudomonadaceae,k__Bacteria; p__Proteobacteria; c__Gammaproteobacteria; o__Pseudomonadales; f__Pseudomonadaceae; g__Pseudomonas; s__unclassified; 3932; AB037546.1 gg_id:47079 Pseudomonas aeruginosa str. #47, AB037546.1 gg_id:47079 Pseudomonas aeruginosa str. #47,10,-6.5,1.0,1.0,0.04321448853184613,543.25,464.0974266789248,0.967435545139537,0.9928887934220945,-0.022222222222222223,True,1.0,11404.0,FMF,Male,Placebo-resistant (STRICT-ADAPTIVE)
55384, g__Akkermansia, s__Akkermansia muciniphila, p__Verrucomicrobia, c__Verrucomicrobiae, o__Verrucomicrobiales, f__Verrucomicrobiaceae,k__Bacteria; p__Verrucomicrobia; c__Verrucomicrobiae; o__Verrucomicrobiales; f__Verrucomicrobiaceae; g__Akkermansia; s__Akkermansia muciniphila; 55384; EU763746.1 gg_id:346624 Pervasive effects antibiotic on human gut microbiota deep sequencing fecal clone A4_731, EU763746.1 gg_id:346624 Pervasive effects antibiotic on human gut microbiota deep sequencing fecal clone A4_731,10,227.5,0.322265625,0.7315836036008729,0.16133088413683153,847.75,947.7393211895816,1.0,1.0,0.0,True,1.0,8937.5,FMF,Male,Placebo-resistant (STRICT-ADAPTIVE)
27330, g__unclassified, s__unclassified, p__Firmicutes, c__Clostridia, o__Clostridiales, f__Lachnospiraceae,k__Bacteria; p__Firmicutes; c__Clostridia; o__Clostridiales; f__Lachnospiraceae; g__unclassified; s__unclassified; 27330; GQ448782.1 gg_id:570341 Microbiome neonatal calves: shedding microorganisms fecal clone calf784_10wks_grp1_F10, GQ448782.1 gg_id:570341 Microbiome neonatal calves: shedding microorganisms fecal clone calf784_10wks_grp1_F10,10,404.0,0.16015625,0.7315836036008729,0.11567922531449755,561.0,1163.5678027782578,0.967435545139537,0.9928887934220945,0.022222222222222223,True,1.0,11447.0,FMF,Male,Placebo-resistant (STRICT-ADAPTIVE)
9427, g__Verminephrobacter, s__Verminephrobacter eiseniae, p__Proteobacteria, c__Betaproteobacteria, o__Burkholderiales, f__Comamonadaceae,k__Bacteria; p__Proteobacteria; c__Betaproteobacteria; o__Burkholderiales; f__Comamonadaceae; g__Verminephrobacter; s__Verminephrobacter eiseniae; 9427; DQ327662.1 gg_id:149224 Verminephrobacter foetidai str. EF01-1, DQ327662.1 gg_id:149224 Verminephrobacter foetidai str. EF01-1,10,69.0,0.826171875,0.9248303534925827,0.027741431832945807,383.5,281.5703972149377,1.0,1.0,0.0,True,1.0,12100.5,FMF,Male,Placebo-resistant (STRICT-ADAPTIVE)
55387, g__sfB, s__unclassified, p__Chloroflexi, c__TK17, o__TK18, f__unclassified,k__Bacteria; p__Chloroflexi; c__TK17; o__TK18; f__unclassified; g__sfB; s__unclassified; 55387; GU118592.1 gg_id:554992 Threatened Corals Provide Microbial Habitats clone Mfav_D06, GU118592.1 gg_id:554992 Threatened Corals Provide Microbial Habitats clone Mfav_D06,10,-18.5,0.845703125,0.9248303534925827,0.08292020605391959,785.5,670.5204358879253,0.8382564863858263,0.9581536201140475,0.06666666666666667,True,1.0,11433.0,FMF,Male,Placebo-resistant (STRICT-ADAPTIVE)
40673, g__Actinomyces, s__unclassified, p__Actinobacteria, c__Actinobacteria, o__Actinomycetales, f__Actinomycetaceae,k__Bacteria; p__Actinobacteria; c__Actinobacteria; o__Actinomycetales; f__Actinomycetaceae; g__Actinomyces; s__unclassified; 40673; X80414.1 gg_id:12560 Actinomyces gerencseriae str. DSM 6844, X80414.1 gg_id:12560 Actinomyces gerencseriae str. DSM 6844,10,23.0,0.625,0.8184138750961605,0.18573691350032184,1093.0,1152.954349490907,0.967435545139537,0.9928887934220945,0.022222222222222223,True,1.0,8702.5,FMF,Male,Placebo-resistant (STRICT-ADAPTIVE)
55986, g__Akkermansia, s__Akkermansia muciniphila, p__Verrucomicrobia, c__Verrucomicrobiae, o__Verrucomicrobiales, f__Verrucomicrobiaceae,k__Bacteria; p__Verrucomicrobia; c__Verrucomicrobiae; o__Verrucomicrobiales; f__Verrucomicrobiaceae; g__Akkermansia; s__Akkermansia muciniphila; 55986; DQ805988.1 gg_id:193357 human fecal clone RL186_aah59f01, DQ805988.1 gg_id:193357 human fecal clone RL186_aah59f01,10,127.0,0.6953125,0.848255880244983,0.1589703945514627,772.75,972.9678035189265,0.967435545139537,0.9928887934220945,-0.022222222222222223,True,1.0,9736.0,FMF,Male,Placebo-resistant (STRICT-ADAPTIVE)
69121, g__Bacteroides, s__Bacteroides plebeius, p__Bacteroidetes, c__Bacteroidia, o__Bacteroidales, f__Bacteroidaceae,k__Bacteria; p__Bacteroidetes; c__Bacteroidia; o__Bacteroidales; f__Bacteroidaceae; g__Bacteroides; s__Bacteroides plebeius; 69121; EU767622.1 gg_id:315932 Pervasive effects antibiotic on human gut microbiota deep sequencing fecal clone C3_068, EU767622.1 gg_id:315932 Pervasive effects antibiotic on human gut microbiota deep sequencing fecal clone C3_068,10,-7.0,0.921875,0.9628597924917722,0.07339224405956547,770.5,814.6446233031104,0.9025232501776794,0.9754023282151151,0.044444444444444446,True,1.0,11089.0,FMF,Male,Placebo-resistant (STRICT-ADAPTIVE)
56081, g__Akkermansia, s__unclassified, p__Verrucomicrobia, c__Verrucomicrobiae, o__Verrucomicrobiales, f__Verrucomicrobiaceae,k__Bacteria; p__Verrucomicrobia; c__Verrucomicrobiae; o__Verrucomicrobiales; f__Verrucomicrobiaceae; g__Akkermansia; s__unclassified; 56081; EF604791.1 gg_id:232493 Salmonella typhimurium Exploits Inflammation Compete Intestinal Microbiota mouse cecum clone 16saw41-2a04.p1k, EF604791.1 gg_id:232493 Salmonella typhimurium Exploits Inflammation Compete Intestinal Microbiota mouse cecum clone 16saw41-2a04.p1k,10,18.0,0.642578125,0.8402564992317899,0.06308792987979475,689.0,769.2657564890476,0.7750513736700824,0.9376534160753778,0.08888888888888889,True,1.0,11380.5,FMF,Male,Placebo-resistant (STRICT-ADAPTIVE)
17461, g__Roseburia, s__Eubacterium rectale, p__Firmicutes, c__Clostridia, o__Clostridiales, f__Lachnospiraceae,k__Bacteria; p__Firmicutes; c__Clostridia; o__Clostridiales; f__Lachnospiraceae; g__Roseburia; s__Eubacterium rectale; 17461; DQ794838.1 gg_id:177582 human fecal clone RL310_aam37a02, DQ794838.1 gg_id:177582 human fecal clone RL310_aam37a02,10,120.0,0.921875,0.9628597924917722,0.08963715470805815,799.0,1080.4146168104992,0.7750513736700824,0.9376534160753778,0.08888888888888889,True,1.0,14012.0,FMF,Male,Placebo-resistant (STRICT-ADAPTIVE)
50264, g__Megasphaera, s__unclassified, p__Firmicutes, c__Clostridia, o__Clostridiales, f__Veillonellaceae,k__Bacteria; p__Firmicutes; c__Clostridia; o__Clostridiales; f__Veillonellaceae; g__Megasphaera; s__unclassified; 50264; DQ278866.1 gg_id:151623 Megasphaera sp. TrE9262, DQ278866.1 gg_id:151623 Megasphaera sp. TrE9262,10,137.0,0.375,0.7328566955432627,0.07776624055779213,443.75,394.20267963602464,0.9025232501776794,0.9754023282151151,-0.044444444444444446,True,1.0,5756.5,FMF,Male,Placebo-resistant (STRICT-ADAPTIVE)
70281, g__unclassified, s__unclassified, p__Firmicutes, c__Clostridia, o__Clostridiales, f__Lachnospiraceae,k__Bacteria; p__Firmicutes; c__Clostridia; o__Clostridiales; f__Lachnospiraceae; g__unclassified; s__unclassified; 70281; GQ079660.1 gg_id:394828 Topographical and Temporal Human Skin Microbiome skin occiput clone nbw1232h02c1, GQ079660.1 gg_id:394828 Topographical and Temporal Human Skin Microbiome skin occiput clone nbw1232h02c1,10,34.0,0.845703125,0.9248303534925827,0.026751892775485935,427.25,271.2484411854851,0.8382564863858263,0.9581536201140475,-0.06666666666666667,True,1.0,12769.5,FMF,Male,Placebo-resistant (STRICT-ADAPTIVE)
60401, g__unclassified, s__unclassified, p__Proteobacteria, c__Alphaproteobacteria, o__Rhodobacterales, f__Rhodobacteraceae,k__Bacteria; p__Proteobacteria; c__Alphaproteobacteria; o__Rhodobacterales; f__Rhodobacteraceae; g__unclassified; s__unclassified; 60401; FJ202842.1 gg_id:306401 and White Plague Disease-Induced Changes Caribbean Coral Montastraea faveolata kept aquarium 23 days clone SGUS757, FJ202842.1 gg_id:306401 and White Plague Disease-Induced Changes Caribbean Coral Montastraea faveolata kept aquarium 23 days clone SGUS757,10,199.5,0.083984375,0.7315836036008729,0.09163173577200445,606.25,1115.701654069462,1.0,1.0,0.0,True,1.0,10434.0,FMF,Male,Placebo-resistant (STRICT-ADAPTIVE)
50482, g__Anaeroglobus, s__unclassified, p__Firmicutes, c__Clostridia, o__Clostridiales, f__Veillonellaceae,k__Bacteria; p__Firmicutes; c__Clostridia; o__Clostridiales; f__Veillonellaceae; g__Anaeroglobus; s__unclassified; 50482; NR_028812.1 gg_id:539819 Anaeroglobus geminatus str. AIP313.00; CIP 106856; CCUG 4477, NR_028812.1 gg_id:539819 Anaeroglobus geminatus str. AIP313.00 CIP 106856 CCUG 4477,10,51.5,1.0,1.0,0.09657621007735424,625.0,590.6608284173469,0.8382564863858263,0.9581536201140475,-0.06666666666666667,True,1.0,7769.5,FMF,Male,Placebo-resistant (STRICT-ADAPTIVE)
25633, g__Faecalibacterium, s__Faecalibacterium prausnitzii, p__Firmicutes, c__Clostridia, o__Clostridiales, f__Ruminococcaceae,k__Bacteria; p__Firmicutes; c__Clostridia; o__Clostridiales; f__Ruminococcaceae; g__Faecalibacterium; s__Faecalibacterium prausnitzii; 25633; FJ371389.1 gg_id:360139 feces adult twins and mothers; TS6 clone TS6_a04d03, FJ371389.1 gg_id:360139 feces adult twins and mothers TS6 clone TS6_a04d03,10,127.0,0.275390625,0.7315836036008729,0.03155429911807303,285.5,559.7205829747157,0.967435545139537,0.9928887934220945,0.022222222222222223,True,1.0,12245.5,FMF,Male,Placebo-resistant (STRICT-ADAPTIVE)
5049, g__Enterobacter, s__Enterobacter hormaechei, p__Proteobacteria, c__Gammaproteobacteria, o__Enterobacteriales, f__Enterobacteriaceae,k__Bacteria; p__Proteobacteria; c__Gammaproteobacteria; o__Enterobacteriales; f__Enterobacteriaceae; g__Enterobacter; s__Enterobacter hormaechei; 5049; GQ260081.1 gg_id:587124 Enterobacter cloacae str. ICIRC91, GQ260081.1 gg_id:587124 Enterobacter cloacae str. ICIRC91,10,24.0,0.556640625,0.7914449891791329,0.052027385448665794,789.75,452.9063898177832,0.7133031738784577,0.9207147820005681,-0.1111111111111111,True,1.0,12957.5,FMF,Male,Placebo-resistant (STRICT-ADAPTIVE)
25348, g__Faecalibacterium, s__Faecalibacterium prausnitzii, p__Firmicutes, c__Clostridia, o__Clostridiales, f__Ruminococcaceae,k__Bacteria; p__Firmicutes; c__Clostridia; o__Clostridiales; f__Ruminococcaceae; g__Faecalibacterium; s__Faecalibacterium prausnitzii; 25348; FJ683649.1 gg_id:511146 Synecology primary and secondary habitats Escherichia coli O157:H7 fecal MARC beef cattle feedlot animal #4351 pen 301; was negative STEC O157 clone 8-7J16, FJ683649.1 gg_id:511146 Synecology primary and secondary habitats Escherichia coli O157:H7 fecal MARC beef cattle feedlot animal #4351 pen 301 was negative STEC O157 clone 8-7J16,10,95.5,0.375,0.7328566955432627,0.049796159942123205,294.75,829.9389623400025,0.5674585271954133,0.8815286128988666,0.14444444444444443,True,1.0,13979.0,FMF,Male,Placebo-resistant (STRICT-ADAPTIVE)
52285, g__unclassified, s__unclassified, p__Proteobacteria, c__Deltaproteobacteria, o__Desulfobacterales, f__Nitrospinaceae,k__Bacteria; p__Proteobacteria; c__Deltaproteobacteria; o__Desulfobacterales; f__Nitrospinaceae; g__unclassified; s__unclassified; 52285; FJ517130.1 gg_id:512958 semiarid 'Tablas de Daimiel National Park' wetland (Central Spain) unravelled water clone TDNP_Wbc97_85_1_230, FJ517130.1 gg_id:512958 semiarid 'Tablas de Daimiel National Park' wetland (Central Spain) unravelled water clone TDNP_Wbc97_85_1_230,10,110.0,0.322265625,0.7315836036008729,0.039605397428330864,579.0,359.0873840353255,0.9025232501776794,0.9754023282151151,-0.044444444444444446,True,1.0,11488.5,FMF,Male,Placebo-resistant (STRICT-ADAPTIVE)
24931, g__Faecalibacterium, s__Faecalibacterium prausnitzii, p__Firmicutes, c__Clostridia, o__Clostridiales, f__Ruminococcaceae,k__Bacteria; p__Firmicutes; c__Clostridia; o__Clostridiales; f__Ruminococcaceae; g__Faecalibacterium; s__Faecalibacterium prausnitzii; 24931; FJ682091.1 gg_id:518619 Synecology primary and secondary habitats Escherichia coli O157:H7 fecal MARC beef cattle feedlot animal #4351 pen 301; was negative STEC O157 clone 8-1L8, FJ682091.1 gg_id:518619 Synecology primary and secondary habitats Escherichia coli O157:H7 fecal MARC beef cattle feedlot animal #4351 pen 301 was negative STEC O157 clone 8-1L8,10,95.5,0.4921875,0.7635226801988401,0.04987738367283759,408.0,726.5320235994802,0.967435545139537,0.9928887934220945,0.022222222222222223,True,1.0,14102.5,FMF,Male,Placebo-resistant (STRICT-ADAPTIVE)
55221, g__Akkermansia, s__Akkermansia muciniphila, p__Verrucomicrobia, c__Verrucomicrobiae, o__Verrucomicrobiales, f__Verrucomicrobiaceae,k__Bacteria; p__Verrucomicrobia; c__Verrucomicrobiae; o__Verrucomicrobiales; f__Verrucomicrobiaceae; g__Akkermansia; s__Akkermansia muciniphila; 55221; FJ365265.1 gg_id:368894 feces adult twins and mothers; TS1 clone TS1_a04g10, FJ365265.1 gg_id:368894 feces adult twins and mothers TS1 clone TS1_a04g10,10,178.0,0.232421875,0.7315836036008729,0.0714270344144558,548.75,746.7525647048917,0.9025232501776794,0.9754023282151151,0.044444444444444446,True,1.0,10592.5,FMF,Male,Placebo-resistant (STRICT-ADAPTIVE)
44453, g__Clostridium, s__unclassified, p__Firmicutes, c__Clostridia, o__Clostridiales, f__Clostridiaceae,k__Bacteria; p__Firmicutes; c__Clostridia; o__Clostridiales; f__Clostridiaceae; g__Clostridium; s__unclassified; 44453; AF371844.1 gg_id:33176 swine intestine clone p-1965-s959-5, AF371844.1 gg_id:33176 swine intestine clone p-1965-s959-5,10,119.0,0.193359375,0.7315836036008729,0.03837404623210189,399.25,717.7729720810056,1.0,1.0,0.0,True,1.0,12889.0,FMF,Male,Placebo-resistant (STRICT-ADAPTIVE)
50531, g__Veillonella, s__unclassified, p__Firmicutes, c__Clostridia, o__Clostridiales, f__Veillonellaceae,k__Bacteria; p__Firmicutes; c__Clostridia; o__Clostridiales; f__Veillonellaceae; g__Veillonella; s__unclassified; 50531; AF186072.1 gg_id:13824 Veillonella criceti str. ATCC17747, AF186072.1 gg_id:13824 Veillonella criceti str. ATCC17747,10,278.5,0.322265625,0.7315836036008729,0.08506633257301746,1154.25,744.3532122744775,0.8382564863858263,0.9581536201140475,0.06666666666666667,True,1.0,12695.5,FMF,Male,Placebo-resistant (STRICT-ADAPTIVE)
50684, g__Paenibacillus, s__Paenibacillus lentimorbus, p__Firmicutes, c__Bacilli, o__Bacillales, f__Paenibacillaceae,k__Bacteria; p__Firmicutes; c__Bacilli; o__Bacillales; f__Paenibacillaceae; g__Paenibacillus; s__Paenibacillus lentimorbus; 50684; EF190499.1 gg_id:241813 Paenibacillus lentimorbus str. DNG 10, EF190499.1 gg_id:241813 Paenibacillus lentimorbus str. DNG 10,10,106.0,0.322265625,0.7315836036008729,0.07577585142801788,810.75,693.6648345010242,0.6533789106936937,0.9002109436224224,0.13333333333333333,True,1.0,10453.0,FMF,Male,Placebo-resistant (STRICT-ADAPTIVE)
55815, g__Akkermansia, s__unclassified, p__Verrucomicrobia, c__Verrucomicrobiae, o__Verrucomicrobiales, f__Verrucomicrobiaceae,k__Bacteria; p__Verrucomicrobia; c__Verrucomicrobiae; o__Verrucomicrobiales; f__Verrucomicrobiaceae; g__Akkermansia; s__unclassified; 55815; EF603854.1 gg_id:230720 Salmonella typhimurium Exploits Inflammation Compete Intestinal Microbiota mouse cecum clone 16saw36-1d06.p1k, EF603854.1 gg_id:230720 Salmonella typhimurium Exploits Inflammation Compete Intestinal Microbiota mouse cecum clone 16saw36-1d06.p1k,10,452.0,0.064453125,0.7315836036008729,0.11604919138138875,671.25,871.6487733797625,0.6533789106936937,0.9002109436224224,0.13333333333333333,True,1.0,9553.5,FMF,Male,Placebo-resistant (STRICT-ADAPTIVE)
27514, g__unclassified, s__unclassified, p__Firmicutes, c__Clostridia, o__Clostridiales, f__Lachnospiraceae,k__Bacteria; p__Firmicutes; c__Clostridia; o__Clostridiales; f__Lachnospiraceae; g__unclassified; s__unclassified; 27514; EU381947.1 gg_id:260161 Rumen eubacterial implicates Bacteroidetes major phylum rumen particulate phase fistulated Holstein heifer clone P5_A17, EU381947.1 gg_id:260161 Rumen eubacterial implicates Bacteroidetes major phylum rumen particulate phase fistulated Holstein heifer clone P5_A17,10,380.0,0.625,0.8184138750961605,0.1401692774319471,1101.5,1286.273024109233,0.7750513736700824,0.9376534160753778,0.08888888888888889,True,1.0,12125.5,FMF,Male,Placebo-resistant (STRICT-ADAPTIVE)
49538, g__Sulfobacillus, s__unclassified, p__Firmicutes, c__Clostridia, o__Clostridiales, f__Sulfobacillaceae,k__Bacteria; p__Firmicutes; c__Clostridia; o__Clostridiales; f__Sulfobacillaceae; g__Sulfobacillus; s__unclassified; 49538; EU419137.1 gg_id:275460 Microbial and ecology selected andesitic hydrothermal acidic hydrothermally modified volcanic soil Mount Hood clone K17bMu17, EU419137.1 gg_id:275460 Microbial and ecology selected andesitic hydrothermal acidic hydrothermally modified volcanic soil Mount Hood clone K17bMu17,10,19.0,0.845703125,0.9248303534925827,0.031265288895618824,328.5,315.8264060172578,0.6533789106936937,0.9002109436224224,0.13333333333333333,True,1.0,12346.0,FMF,Male,Placebo-resistant (STRICT-ADAPTIVE)
5878, g__unclassified, s__unclassified, p__Proteobacteria, c__Gammaproteobacteria, o__Enterobacteriales, f__Enterobacteriaceae,k__Bacteria; p__Proteobacteria; c__Gammaproteobacteria; o__Enterobacteriales; f__Enterobacteriaceae; g__unclassified; s__unclassified; 5878; GQ155116.1 gg_id:511824 Human gut microbiome adopts alternative state bowel transplantation ileum intestinal transplant clone SHZB521, GQ155116.1 gg_id:511824 Human gut microbiome adopts alternative state bowel transplantation ileum intestinal transplant clone SHZB521,10,188.5,0.275390625,0.7315836036008729,0.11046672569729483,1136.75,1127.7497009379147,0.8382564863858263,0.9581536201140475,-0.06666666666666667,True,1.0,12420.5,FMF,Male,Placebo-resistant (STRICT-ADAPTIVE)
46794, g__Staphylococcus, s__Staphylococcus epidermidis, p__Firmicutes, c__Bacilli, o__Bacillales, f__Staphylococcaceae,k__Bacteria; p__Firmicutes; c__Bacilli; o__Bacillales; f__Staphylococcaceae; g__Staphylococcus; s__Staphylococcus epidermidis; 46794; GQ046907.1 gg_id:457352 Topographical and Temporal Human Skin Microbiome skin gluteal crease clone nbw1006c01c1, GQ046907.1 gg_id:457352 Topographical and Temporal Human Skin Microbiome skin gluteal crease clone nbw1006c01c1,10,118.0,0.625,0.8184138750961605,0.043154031993188624,337.25,435.2285727140013,1.0,1.0,0.0,True,1.0,11373.5,FMF,Male,Placebo-resistant (STRICT-ADAPTIVE)
24572, g__Faecalibacterium, s__Faecalibacterium prausnitzii, p__Firmicutes, c__Clostridia, o__Clostridiales, f__Ruminococcaceae,k__Bacteria; p__Firmicutes; c__Clostridia; o__Clostridiales; f__Ruminococcaceae; g__Faecalibacterium; s__Faecalibacterium prausnitzii; 24572; FJ683700.1 gg_id:530124 Synecology primary and secondary habitats Escherichia coli O157:H7 fecal MARC beef cattle feedlot animal #4351 pen 301; was negative STEC O157 clone 8-7M11, FJ683700.1 gg_id:530124 Synecology primary and secondary habitats Escherichia coli O157:H7 fecal MARC beef cattle feedlot animal #4351 pen 301 was negative STEC O157 clone 8-7M11,10,75.5,0.275390625,0.7315836036008729,0.0547135096137472,191.0,823.651961159027,0.8382564863858263,0.9581536201140475,0.06666666666666667,True,1.0,13943.0,FMF,Male,Placebo-resistant (STRICT-ADAPTIVE)
29693, g__Corynebacterium, s__unclassified, p__Actinobacteria, c__Actinobacteria, o__Actinomycetales, f__Corynebacteriaceae,k__Bacteria; p__Actinobacteria; c__Actinobacteria; o__Actinomycetales; f__Corynebacteriaceae; g__Corynebacterium; s__unclassified; 29693; GQ028499.1 gg_id:465434 Topographical and Temporal Human Skin Microbiome skin interdigital web space clone nbw855b07c1, GQ028499.1 gg_id:465434 Topographical and Temporal Human Skin Microbiome skin interdigital web space clone nbw855b07c1,10,-36.5,0.447265625,0.7635226801988401,0.008712526061378534,80.25,135.6383526391657,0.7750513736700824,0.9376534160753778,0.08888888888888889,True,1.0,14299.0,FMF,Male,Placebo-resistant (STRICT-ADAPTIVE)
13769, g__Aquabacterium, s__unclassified, p__Proteobacteria, c__Betaproteobacteria, o__Burkholderiales, f__Aquabacteriaceae,k__Bacteria; p__Proteobacteria; c__Betaproteobacteria; o__Burkholderiales; f__Aquabacteriaceae; g__Aquabacterium; s__unclassified; 13769; GQ090547.1 gg_id:401567 Topographical and Temporal Human Skin Microbiome skin popliteal fossa clone nbw335d10c1, GQ090547.1 gg_id:401567 Topographical and Temporal Human Skin Microbiome skin popliteal fossa clone nbw335d10c1,10,47.5,1.0,1.0,0.02573506880318925,457.5,394.7035582771793,0.8382564863858263,0.9581536201140475,0.06666666666666667,True,1.0,13596.5,FMF,Male,Placebo-resistant (STRICT-ADAPTIVE)
4726, g__unclassified, s__unclassified, p__Proteobacteria, c__Gammaproteobacteria, o__Enterobacteriales, f__Enterobacteriaceae,k__Bacteria; p__Proteobacteria; c__Gammaproteobacteria; o__Enterobacteriales; f__Enterobacteriaceae; g__unclassified; s__unclassified; 4726; AF130892.2 gg_id:10079 Pantoea endophytica str. A13, AF130892.2 gg_id:10079 Pantoea endophytica str. A13,10,49.5,0.845703125,0.9248303534925827,0.05036411178915454,443.0,526.3577490853747,0.967435545139537,0.9928887934220945,0.022222222222222223,True,1.0,12699.0,FMF,Male,Placebo-resistant (STRICT-ADAPTIVE)
26483, g__Faecalibacterium, s__unclassified, p__Firmicutes, c__Clostridia, o__Clostridiales, f__Ruminococcaceae,k__Bacteria; p__Firmicutes; c__Clostridia; o__Clostridiales; f__Ruminococcaceae; g__Faecalibacterium; s__unclassified; 26483; DQ805429.1 gg_id:189660 human fecal clone RL203_aai62e03, DQ805429.1 gg_id:189660 human fecal clone RL203_aai62e03,10,253.0,0.625,0.8184138750961605,0.064438671019518,762.0,642.69805027884,0.9025232501776794,0.9754023282151151,-0.044444444444444446,True,1.0,12945.5,FMF,Male,Placebo-resistant (STRICT-ADAPTIVE)
68677, g__Bacteroides, s__Bacteroides ovatus, p__Bacteroidetes, c__Bacteroidia, o__Bacteroidales, f__Bacteroidaceae,k__Bacteria; p__Bacteroidetes; c__Bacteroidia; o__Bacteroidales; f__Bacteroidaceae; g__Bacteroides; s__Bacteroides ovatus; 68677; FJ369010.1 gg_id:363625 feces adult twins and mothers; TS4 clone TS4_a03c03, FJ369010.1 gg_id:363625 feces adult twins and mothers TS4 clone TS4_a03c03,10,264.5,0.083984375,0.7315836036008729,0.09032297692505784,773.0,868.3072690240479,0.6533789106936937,0.9002109436224224,0.13333333333333333,True,1.0,13778.5,FMF,Male,Placebo-resistant (STRICT-ADAPTIVE)
55217, g__Akkermansia, s__unclassified, p__Verrucomicrobia, c__Verrucomicrobiae, o__Verrucomicrobiales, f__Verrucomicrobiaceae,k__Bacteria; p__Verrucomicrobia; c__Verrucomicrobiae; o__Verrucomicrobiales; f__Verrucomicrobiaceae; g__Akkermansia; s__unclassified; 55217; DQ793672.1 gg_id:184483 human fecal clone RL246_aai75d06, DQ793672.1 gg_id:184483 human fecal clone RL246_aai75d06,10,218.5,0.322265625,0.7315836036008729,0.17423315212252838,731.75,816.834014268913,0.9025232501776794,0.9754023282151151,0.044444444444444446,True,1.0,5398.0,FMF,Male,Placebo-resistant (STRICT-ADAPTIVE)
67622, g__Prevotella, s__unclassified, p__Bacteroidetes, c__Bacteroidia, o__Bacteroidales, f__Prevotellaceae,k__Bacteria; p__Bacteroidetes; c__Bacteroidia; o__Bacteroidales; f__Prevotellaceae; g__Prevotella; s__unclassified; 67622; GQ491879.1 gg_id:551635 Effect Diet on Human Gut Microbiome: Metagenomic Humanized Gnotobiotic Mice cecal contents Mus musculus strain C57BL/6J; PM4 clone PM4_a01f10, GQ491879.1 gg_id:551635 Effect Diet on Human Gut Microbiome: Metagenomic Humanized Gnotobiotic Mice cecal contents Mus musculus strain C57BL/6J PM4 clone PM4_a01f10,10,405.5,0.4921875,0.7635226801988401,0.06916695607799221,516.0,795.4620392674659,0.7750513736700824,0.9376534160753778,0.08888888888888889,True,1.0,13440.5,FMF,Male,Placebo-resistant (STRICT-ADAPTIVE)
56295, g__Akkermansia, s__unclassified, p__Verrucomicrobia, c__Verrucomicrobiae, o__Verrucomicrobiales, f__Verrucomicrobiaceae,k__Bacteria; p__Verrucomicrobia; c__Verrucomicrobiae; o__Verrucomicrobiales; f__Verrucomicrobiaceae; g__Akkermansia; s__unclassified; 56295; EF603614.1 gg_id:231947 Salmonella typhimurium Exploits Inflammation Compete Intestinal Microbiota mouse cecum clone 16saw15b07.p1ka, EF603614.1 gg_id:231947 Salmonella typhimurium Exploits Inflammation Compete Intestinal Microbiota mouse cecum clone 16saw15b07.p1ka,10,253.0,0.083984375,0.7315836036008729,0.08232275834622496,612.0,788.2942123090845,0.9025232501776794,0.9754023282151151,0.044444444444444446,True,1.0,9734.5,FMF,Male,Placebo-resistant (STRICT-ADAPTIVE)
4442, g__Erwinia, s__Candidatus Erwinia dacicola, p__Proteobacteria, c__Gammaproteobacteria, o__Enterobacteriales, f__Enterobacteriaceae,k__Bacteria; p__Proteobacteria; c__Gammaproteobacteria; o__Enterobacteriales; f__Enterobacteriaceae; g__Erwinia; s__Candidatus Erwinia dacicola; 4442; GQ478377.1 gg_id:551552 olive endosymbiont 'Candidatus Erwinia dacicola' switches intracellular extracellular existence during host insect whole adult wild male fly clone b9, GQ478377.1 gg_id:551552 olive endosymbiont 'Candidatus Erwinia dacicola' switches intracellular extracellular existence during host insect whole adult wild male fly clone b9,10,186.5,1.0,1.0,0.1843136308240131,1368.75,971.5589867155662,0.9025232501776794,0.9754023282151151,-0.044444444444444446,True,1.0,5839.0,FMF,Male,Placebo-resistant (STRICT-ADAPTIVE)
28366, g__unclassified, s__unclassified, p__Firmicutes, c__Clostridia, o__Clostridiales, f__Lachnospiraceae,k__Bacteria; p__Firmicutes; c__Clostridia; o__Clostridiales; f__Lachnospiraceae; g__unclassified; s__unclassified; 28366; FJ675915.1 gg_id:522124 Synecology primary and secondary habitats Escherichia coli O157:H7 fecal MARC beef cattle feedlot animal #4225 pen 301; was negative STEC O157 clone 3-5N1, FJ675915.1 gg_id:522124 Synecology primary and secondary habitats Escherichia coli O157:H7 fecal MARC beef cattle feedlot animal #4225 pen 301 was negative STEC O157 clone 3-5N1,10,21.0,0.556640625,0.7914449891791329,0.016290496938617057,221.25,245.12695578912667,0.967435545139537,0.9928887934220945,0.022222222222222223,True,1.0,13605.5,FMF,Male,Placebo-resistant (STRICT-ADAPTIVE)
26255, g__Faecalibacterium, s__unclassified, p__Firmicutes, c__Clostridia, o__Clostridiales, f__Ruminococcaceae,k__Bacteria; p__Firmicutes; c__Clostridia; o__Clostridiales; f__Ruminococcaceae; g__Faecalibacterium; s__unclassified; 26255; EU765784.1 gg_id:305773 Pervasive effects antibiotic on human gut microbiota deep sequencing fecal clone B4_251, EU765784.1 gg_id:305773 Pervasive effects antibiotic on human gut microbiota deep sequencing fecal clone B4_251,10,189.0,0.322265625,0.7315836036008729,0.06958956294481097,333.0,1229.9304341488407,0.9025232501776794,0.9754023282151151,-0.044444444444444446,True,1.0,13539.0,FMF,Male,Placebo-resistant (STRICT-ADAPTIVE)
47049, g__Staphylococcus, s__unclassified, p__Firmicutes, c__Bacilli, o__Bacillales, f__Staphylococcaceae,k__Bacteria; p__Firmicutes; c__Bacilli; o__Bacillales; f__Staphylococcaceae; g__Staphylococcus; s__unclassified; 47049; GQ082837.1 gg_id:436172 Topographical and Temporal Human Skin Microbiome skin toe web space clone nbw295h10c1, GQ082837.1 gg_id:436172 Topographical and Temporal Human Skin Microbiome skin toe web space clone nbw295h10c1,10,116.0,0.375,0.7328566955432627,0.03709425865209183,367.75,330.08761208873693,0.6533789106936937,0.9002109436224224,0.13333333333333333,True,1.0,12351.5,FMF,Male,Placebo-resistant (STRICT-ADAPTIVE)
55750, g__Akkermansia, s__unclassified, p__Verrucomicrobia, c__Verrucomicrobiae, o__Verrucomicrobiales, f__Verrucomicrobiaceae,k__Bacteria; p__Verrucomicrobia; c__Verrucomicrobiae; o__Verrucomicrobiales; f__Verrucomicrobiaceae; g__Akkermansia; s__unclassified; 55750; GQ491356.1 gg_id:589626 Effect Diet on Human Gut Microbiome: Metagenomic Humanized Gnotobiotic Mice cecal contents Mus musculus strain C57BL/6J; PM9t2 clone PM9t2_a03e10, GQ491356.1 gg_id:589626 Effect Diet on Human Gut Microbiome: Metagenomic Humanized Gnotobiotic Mice cecal contents Mus musculus strain C57BL/6J PM9t2 clone PM9t2_a03e10,10,246.5,0.232421875,0.7315836036008729,0.03969143756811376,454.25,416.29663513733414,0.9025232501776794,0.9754023282151151,0.044444444444444446,True,1.0,12389.0,FMF,Male,Placebo-resistant (STRICT-ADAPTIVE)
67107, g__Prevotella, s__unclassified, p__Bacteroidetes, c__Bacteroidia, o__Bacteroidales, f__Prevotellaceae,k__Bacteria; p__Bacteroidetes; c__Bacteroidia; o__Bacteroidales; f__Prevotellaceae; g__Prevotella; s__unclassified; 67107; GQ179741.1 gg_id:453900 Heterogeneity vaginal microbial within individuals vagina clone VE62D04, GQ179741.1 gg_id:453900 Heterogeneity vaginal microbial within individuals vagina clone VE62D04,10,-179.0,0.4921875,0.7635226801988401,0.17383263261585316,1127.5,734.2167711998352,0.8382564863858263,0.9581536201140475,-0.06666666666666667,True,1.0,5978.0,FMF,Male,Placebo-resistant (STRICT-ADAPTIVE)
26099, g__Faecalibacterium, s__Faecalibacterium prausnitzii, p__Firmicutes, c__Clostridia, o__Clostridiales, f__Ruminococcaceae,k__Bacteria; p__Firmicutes; c__Clostridia; o__Clostridiales; f__Ruminococcaceae; g__Faecalibacterium; s__Faecalibacterium prausnitzii; 26099; AY986127.1 gg_id:116066 human stool clone D470, AY986127.1 gg_id:116066 human stool clone D470,10,54.0,0.642578125,0.8402564992317899,0.018820207353933034,229.0,333.47653098998006,0.7133031738784577,0.9207147820005681,0.1111111111111111,True,1.0,13624.5,FMF,Male,Placebo-resistant (STRICT-ADAPTIVE)
18115, g__Roseburia, s__Eubacterium rectale, p__Firmicutes, c__Clostridia, o__Clostridiales, f__Lachnospiraceae,k__Bacteria; p__Firmicutes; c__Clostridia; o__Clostridiales; f__Lachnospiraceae; g__Roseburia; s__Eubacterium rectale; 18115; DQ327352.1 gg_id:148544 Metagenomic gut microbiome healthy human stool clone E907, DQ327352.1 gg_id:148544 Metagenomic gut microbiome healthy human stool clone E907,10,178.0,0.845703125,0.9248303534925827,0.055830315073595156,551.25,776.3440690033425,0.9025232501776794,0.9754023282151151,0.044444444444444446,True,1.0,13764.5,FMF,Male,Placebo-resistant (STRICT-ADAPTIVE)
52464, g__unclassified, s__unclassified, p__Proteobacteria, c__Deltaproteobacteria, o__Syntrophobacterales, f__Syntrophobacteraceae,k__Bacteria; p__Proteobacteria; c__Deltaproteobacteria; o__Syntrophobacterales; f__Syntrophobacteraceae; g__unclassified; s__unclassified; 52464; EU617849.1 gg_id:331603 Seasonal variation microbial Yel Sea sediment clone D13S-11, EU617849.1 gg_id:331603 Seasonal variation microbial Yel Sea sediment clone D13S-11,10,-31.0,0.6953125,0.848255880244983,0.020812881126001423,231.5,219.66134792751623,0.7750513736700824,0.9376534160753778,0.08888888888888889,True,1.0,12929.5,FMF,Male,Placebo-resistant (STRICT-ADAPTIVE)
50763, g__Collinsella, s__Collinsella stercoris, p__Actinobacteria, c__Actinobacteria, o__Coriobacteriales, f__Coriobacteriaceae,k__Bacteria; p__Actinobacteria; c__Actinobacteria; o__Coriobacteriales; f__Coriobacteriaceae; g__Collinsella; s__Collinsella stercoris; 50763; AB031063.1 gg_id:46935 Collinsella intestinalis str. RCA56-68, AB031063.1 gg_id:46935 Collinsella intestinalis str. RCA56-68,10,93.5,0.193359375,0.7315836036008729,0.023964104062549313,219.25,303.5884966639327,0.7750513736700824,0.9376534160753778,0.08888888888888889,True,1.0,13274.5,FMF,Male,Placebo-resistant (STRICT-ADAPTIVE)
50398, g__Dialister, s__unclassified, p__Firmicutes, c__Clostridia, o__Clostridiales, f__Veillonellaceae,k__Bacteria; p__Firmicutes; c__Clostridia; o__Clostridiales; f__Veillonellaceae; g__Dialister; s__unclassified; 50398; DQ325965.1 gg_id:148937 Metagenomic gut microbiome healthy human stool clone B855, DQ325965.1 gg_id:148937 Metagenomic gut microbiome healthy human stool clone B855,10,8.5,0.845703125,0.9248303534925827,0.03270837346171699,229.0,360.9612865437696,0.9025232501776794,0.9754023282151151,-0.044444444444444446,True,1.0,13074.5,FMF,Male,Placebo-resistant (STRICT-ADAPTIVE)
28437, g__Corynebacterium, s__unclassified, p__Actinobacteria, c__Actinobacteria, o__Actinomycetales, f__Corynebacteriaceae,k__Bacteria; p__Actinobacteria; c__Actinobacteria; o__Actinomycetales; f__Corynebacteriaceae; g__Corynebacterium; s__unclassified; 28437; FM874948.1 gg_id:358896 occupant source house dust skin surface swab clone SB01C06, FM874948.1 gg_id:358896 occupant source house dust skin surface swab clone SB01C06,10,28.0,0.921875,0.9628597924917722,0.04798264581854164,481.25,473.1595208806434,0.6533789106936937,0.9002109436224224,-0.13333333333333333,True,1.0,12418.0,FMF,Male,Placebo-resistant (STRICT-ADAPTIVE)
18072, g__Roseburia, s__Eubacterium rectale, p__Firmicutes, c__Clostridia, o__Clostridiales, f__Lachnospiraceae,k__Bacteria; p__Firmicutes; c__Clostridia; o__Clostridiales; f__Lachnospiraceae; g__Roseburia; s__Eubacterium rectale; 18072; FJ371061.1 gg_id:363317 feces adult twins and mothers; TS5 clone TS5_a04e02, FJ371061.1 gg_id:363317 feces adult twins and mothers TS5 clone TS5_a04e02,10,100.0,1.0,1.0,0.06486581201695897,698.25,806.9036208240045,0.7133031738784577,0.9207147820005681,0.1111111111111111,True,1.0,14392.5,FMF,Male,Placebo-resistant (STRICT-ADAPTIVE)
25961, g__Faecalibacterium, s__unclassified, p__Firmicutes, c__Clostridia, o__Clostridiales, f__Ruminococcaceae,k__Bacteria; p__Firmicutes; c__Clostridia; o__Clostridiales; f__Ruminococcaceae; g__Faecalibacterium; s__unclassified; 25961; EU767170.1 gg_id:344490 Pervasive effects antibiotic on human gut microbiota deep sequencing fecal clone C1_788, EU767170.1 gg_id:344490 Pervasive effects antibiotic on human gut microbiota deep sequencing fecal clone C1_788,10,-1.0,1.0,1.0,0.04893891606966466,331.0,844.5869388845915,0.8064127004978174,0.9581536201140475,-0.08888888888888889,True,1.0,13613.5,FMF,Male,Placebo-resistant (STRICT-ADAPTIVE)
55981, g__Akkermansia, s__Akkermansia muciniphila, p__Verrucomicrobia, c__Verrucomicrobiae, o__Verrucomicrobiales, f__Verrucomicrobiaceae,k__Bacteria; p__Verrucomicrobia; c__Verrucomicrobiae; o__Verrucomicrobiales; f__Verrucomicrobiaceae; g__Akkermansia; s__Akkermansia muciniphila; 55981; EF099119.1 gg_id:196722 mouse cecum clone SWPT2_aaa02e11, EF099119.1 gg_id:196722 mouse cecum clone SWPT2_aaa02e11,10,4.5,1.0,1.0,0.06913621612354116,561.5,729.7134796320175,0.9025232501776794,0.9754023282151151,-0.044444444444444446,True,1.0,9653.0,FMF,Male,Placebo-resistant (STRICT-ADAPTIVE)
26050, g__Faecalibacterium, s__unclassified, p__Firmicutes, c__Clostridia, o__Clostridiales, f__Ruminococcaceae,k__Bacteria; p__Firmicutes; c__Clostridia; o__Clostridiales; f__Ruminococcaceae; g__Faecalibacterium; s__unclassified; 26050; FJ673868.1 gg_id:516798 Synecology primary and secondary habitats Escherichia coli O157:H7 fecal MARC beef cattle feedlot animal #4262 pen 301; was positive STEC O157 clone 130-6I18, FJ673868.1 gg_id:516798 Synecology primary and secondary habitats Escherichia coli O157:H7 fecal MARC beef cattle feedlot animal #4262 pen 301 was positive STEC O157 clone 130-6I18,10,51.0,0.447265625,0.7635226801988401,0.023157344702158182,203.0,388.2796874548037,0.9025232501776794,0.9754023282151151,-0.044444444444444446,True,1.0,13411.0,FMF,Male,Placebo-resistant (STRICT-ADAPTIVE)
24505, g__Faecalibacterium, s__unclassified, p__Firmicutes, c__Clostridia, o__Clostridiales, f__Ruminococcaceae,k__Bacteria; p__Firmicutes; c__Clostridia; o__Clostridiales; f__Ruminococcaceae; g__Faecalibacterium; s__unclassified; 24505; FJ673321.1 gg_id:525934 Synecology primary and secondary habitats Escherichia coli O157:H7 fecal MARC beef cattle feedlot animal #4262 pen 301; was positive STEC O157 clone 130-2E13, FJ673321.1 gg_id:525934 Synecology primary and secondary habitats Escherichia coli O157:H7 fecal MARC beef cattle feedlot animal #4262 pen 301 was positive STEC O157 clone 130-2E13,10,28.5,0.5390625,0.7914449891791329,0.04116930863748653,485.0,522.8673791699,0.8381864806450703,0.9581536201140475,0.06666666666666667,True,1.0,13585.0,FMF,Male,Placebo-resistant (STRICT-ADAPTIVE)
50290, g__Veillonella, s__Veillonella dispar, p__Firmicutes, c__Clostridia, o__Clostridiales, f__Veillonellaceae,k__Bacteria; p__Firmicutes; c__Clostridia; o__Clostridiales; f__Veillonellaceae; g__Veillonella; s__Veillonella dispar; 50290; GQ076880.1 gg_id:400365 Topographical and Temporal Human Skin Microbiome skin umbilicus clone nbw1154e10c1, GQ076880.1 gg_id:400365 Topographical and Temporal Human Skin Microbiome skin umbilicus clone nbw1154e10c1,10,81.5,0.6953125,0.848255880244983,0.11197721056972693,663.0,1154.4389769522973,0.9025232501776794,0.9754023282151151,0.044444444444444446,True,1.0,12383.5,FMF,Male,Placebo-resistant (STRICT-ADAPTIVE)
24897, g__Faecalibacterium, s__unclassified, p__Firmicutes, c__Clostridia, o__Clostridiales, f__Ruminococcaceae,k__Bacteria; p__Firmicutes; c__Clostridia; o__Clostridiales; f__Ruminococcaceae; g__Faecalibacterium; s__unclassified; 24897; DQ797659.1 gg_id:173956 human fecal clone RL206_aaj14c12, DQ797659.1 gg_id:173956 human fecal clone RL206_aaj14c12,10,67.5,0.76953125,0.8836442490494296,0.070548476123792,491.5,1042.0350927770564,0.9025232501776794,0.9754023282151151,0.044444444444444446,True,1.0,12973.5,FMF,Male,Placebo-resistant (STRICT-ADAPTIVE)
67412, g__Prevotella, s__unclassified, p__Bacteroidetes, c__Bacteroidia, o__Bacteroidales, f__Prevotellaceae,k__Bacteria; p__Bacteroidetes; c__Bacteroidia; o__Bacteroidales; f__Prevotellaceae; g__Prevotella; s__unclassified; 67412; GQ491649.1 gg_id:589891 Effect Diet on Human Gut Microbiome: Metagenomic Humanized Gnotobiotic Mice cecal contents Mus musculus strain C57BL/6J; PM1 clone PM1_a03b04, GQ491649.1 gg_id:589891 Effect Diet on Human Gut Microbiome: Metagenomic Humanized Gnotobiotic Mice cecal contents Mus musculus strain C57BL/6J PM1 clone PM1_a03b04,10,175.0,0.275390625,0.7315836036008729,0.08006814606016893,528.0,848.4847365254526,0.7133031738784577,0.9207147820005681,0.1111111111111111,True,1.0,14118.5,FMF,Male,Placebo-resistant (STRICT-ADAPTIVE)
4307, g__Pantoea, s__Pantoea oleae, p__Proteobacteria, c__Gammaproteobacteria, o__Enterobacteriales, f__Enterobacteriaceae,k__Bacteria; p__Proteobacteria; c__Gammaproteobacteria; o__Enterobacteriales; f__Enterobacteriaceae; g__Pantoea; s__Pantoea oleae; 4307; FJ611861.1 gg_id:589121 Pantoea oleae str. CFBP 6632, FJ611861.1 gg_id:589121 Pantoea oleae str. CFBP 6632,10,46.5,0.556640625,0.7914449891791329,0.07560576693856821,481.75,925.6416941109917,0.9025232501776794,0.9754023282151151,0.044444444444444446,True,1.0,9886.5,FMF,Male,Placebo-resistant (STRICT-ADAPTIVE)
56331, g__Akkermansia, s__Akkermansia muciniphila, p__Verrucomicrobia, c__Verrucomicrobiae, o__Verrucomicrobiales, f__Verrucomicrobiaceae,k__Bacteria; p__Verrucomicrobia; c__Verrucomicrobiae; o__Verrucomicrobiales; f__Verrucomicrobiaceae; g__Akkermansia; s__Akkermansia muciniphila; 56331; AJ315481.1 gg_id:24442 isolate HuCC13 clone, AJ315481.1 gg_id:24442 isolate HuCC13 clone,10,-15.0,0.845703125,0.9248303534925827,0.03343014593314446,300.5,375.00348496306594,0.9025232501776794,0.9754023282151151,0.044444444444444446,True,1.0,13295.0,FMF,Male,Placebo-resistant (STRICT-ADAPTIVE)
46264, g__Staphylococcus, s__Staphylococcus epidermidis, p__Firmicutes, c__Bacilli, o__Bacillales, f__Staphylococcaceae,k__Bacteria; p__Firmicutes; c__Bacilli; o__Bacillales; f__Staphylococcaceae; g__Staphylococcus; s__Staphylococcus epidermidis; 46264; GQ103271.1 gg_id:431479 Topographical and Temporal Human Skin Microbiome skin occiput clone nbw698c10c1, GQ103271.1 gg_id:431479 Topographical and Temporal Human Skin Microbiome skin occiput clone nbw698c10c1,10,191.0,0.556640625,0.7914449891791329,0.04897472647047876,496.25,449.9262793256,0.7750513736700824,0.9376534160753778,-0.08888888888888889,True,1.0,12212.5,FMF,Male,Placebo-resistant (STRICT-ADAPTIVE)
40932, g__Propionibacterium, s__Propionibacterium acnes, p__Actinobacteria, c__Actinobacteria, o__Actinomycetales, f__Propionibacteriaceae,k__Bacteria; p__Actinobacteria; c__Actinobacteria; o__Actinomycetales; f__Propionibacteriaceae; g__Propionibacterium; s__Propionibacterium acnes; 40932; GQ011586.1 gg_id:498081 Topographical and Temporal Human Skin Microbiome skin occiput clone nbw793g11c1, GQ011586.1 gg_id:498081 Topographical and Temporal Human Skin Microbiome skin occiput clone nbw793g11c1,10,-58.5,0.76953125,0.8836442490494296,0.041904680149294694,230.75,487.261781205271,0.934896814773755,0.9928887934220945,-0.022222222222222223,True,1.0,11210.0,FMF,Male,Placebo-resistant (STRICT-ADAPTIVE)
67913, g__Prevotella, s__unclassified, p__Bacteroidetes, c__Bacteroidia, o__Bacteroidales, f__Prevotellaceae,k__Bacteria; p__Bacteroidetes; c__Bacteroidia; o__Bacteroidales; f__Prevotellaceae; g__Prevotella; s__unclassified; 67913; FJ680423.1 gg_id:529428 Synecology primary and secondary habitats Escherichia coli O157:H7 fecal MARC beef cattle feedlot animal #4281 pen 301; was positive STEC O157 clone 5-2O12, FJ680423.1 gg_id:529428 Synecology primary and secondary habitats Escherichia coli O157:H7 fecal MARC beef cattle feedlot animal #4281 pen 301 was positive STEC O157 clone 5-2O12,10,109.0,0.4921875,0.7635226801988401,0.046995806568046875,479.5,692.4401668945043,0.6533789106936937,0.9002109436224224,0.13333333333333333,True,1.0,13384.0,FMF,Male,Placebo-resistant (STRICT-ADAPTIVE)
69009, g__Bacteroides, s__unclassified, p__Bacteroidetes, c__Bacteroidia, o__Bacteroidales, f__Bacteroidaceae,k__Bacteria; p__Bacteroidetes; c__Bacteroidia; o__Bacteroidales; f__Bacteroidaceae; g__Bacteroides; s__unclassified; 69009; AY895200.1 gg_id:112005 Bacteroides thetaiotaomicron str. 8669, AY895200.1 gg_id:112005 Bacteroides thetaiotaomicron str. 8669,10,108.5,1.0,1.0,0.2109455223938973,1702.5,1052.5192929775683,0.6533789106936937,0.9002109436224224,-0.13333333333333333,True,1.0,6324.5,FMF,Male,Placebo-resistant (STRICT-ADAPTIVE)
26316, g__Faecalibacterium, s__unclassified, p__Firmicutes, c__Clostridia, o__Clostridiales, f__Ruminococcaceae,k__Bacteria; p__Firmicutes; c__Clostridia; o__Clostridiales; f__Ruminococcaceae; g__Faecalibacterium; s__unclassified; 26316; FJ675734.1 gg_id:529354 Synecology primary and secondary habitats Escherichia coli O157:H7 fecal MARC beef cattle feedlot animal #4225 pen 301; was negative STEC O157 clone 3-5E13, FJ675734.1 gg_id:529354 Synecology primary and secondary habitats Escherichia coli O157:H7 fecal MARC beef cattle feedlot animal #4225 pen 301 was negative STEC O157 clone 3-5E13,10,164.5,0.322265625,0.7315836036008729,0.08054290474481181,175.5,962.523162019145,0.6533789106936937,0.9002109436224224,-0.13333333333333333,True,1.0,13093.5,FMF,Male,Placebo-resistant (STRICT-ADAPTIVE)
24971, g__Faecalibacterium, s__unclassified, p__Firmicutes, c__Clostridia, o__Clostridiales, f__Ruminococcaceae,k__Bacteria; p__Firmicutes; c__Clostridia; o__Clostridiales; f__Ruminococcaceae; g__Faecalibacterium; s__unclassified; 24971; FJ366455.1 gg_id:359333 feces adult twins and mothers; TS26 clone TS26_a03e03, FJ366455.1 gg_id:359333 feces adult twins and mothers TS26 clone TS26_a03e03,10,45.5,0.5703125,0.8097771479487375,0.05692157652795341,336.25,927.9704547044828,0.967435545139537,0.9928887934220945,-0.022222222222222223,True,1.0,13566.0,FMF,Male,Placebo-resistant (STRICT-ADAPTIVE)
72024, g__Clostridium, s__unclassified, p__Firmicutes, c__Clostridia, o__Clostridiales, f__Clostridiaceae,k__Bacteria; p__Firmicutes; c__Clostridia; o__Clostridiales; f__Clostridiaceae; g__Clostridium; s__unclassified; 72024; AJ427628.1 gg_id:64232 Clostridium scatologenes str. FP, AJ427628.1 gg_id:64232 Clostridium scatologenes str. FP,10,26.5,0.845703125,0.9248303534925827,0.01166706471110733,237.0,142.06612326268672,0.6533789106936937,0.9002109436224224,0.13333333333333333,True,1.0,13702.5,FMF,Male,Placebo-resistant (STRICT-ADAPTIVE)
72099, g__Pediococcus, s__Pediococcus acidilactici, p__Firmicutes, c__Bacilli, o__Lactobacillales, f__Lactobacillaceae,k__Bacteria; p__Firmicutes; c__Bacilli; o__Lactobacillales; f__Lactobacillaceae; g__Pediococcus; s__Pediococcus acidilactici; 72099; AF515229.1 gg_id:56475 Pediococcus acidilactici str. RO17, AF515229.1 gg_id:56475 Pediococcus acidilactici str. RO17,10,-112.0,0.130859375,0.7315836036008729,0.018811463555980467,168.5,183.38268276718196,0.7133031738784577,0.9207147820005681,-0.1111111111111111,True,1.0,12610.5,FMF,Male,Placebo-resistant (STRICT-ADAPTIVE)
4420, g__Klebsiella, s__unclassified, p__Proteobacteria, c__Gammaproteobacteria, o__Enterobacteriales, f__Enterobacteriaceae,k__Bacteria; p__Proteobacteria; c__Gammaproteobacteria; o__Enterobacteriales; f__Enterobacteriaceae; g__Klebsiella; s__unclassified; 4420; GQ154902.1 gg_id:587608 Human gut microbiome adopts alternative state bowel transplantation ileum intestinal transplant clone SHZA652, GQ154902.1 gg_id:587608 Human gut microbiome adopts alternative state bowel transplantation ileum intestinal transplant clone SHZA652,10,341.5,0.4921875,0.7635226801988401,0.13570710045765552,1743.0,1252.1699025402975,0.8382564863858263,0.9581536201140475,0.06666666666666667,True,1.0,10525.5,FMF,Male,Placebo-resistant (STRICT-ADAPTIVE)
45657, g__Clostridium, s__unclassified, p__Firmicutes, c__Clostridia, o__Clostridiales, f__Clostridiaceae,k__Bacteria; p__Firmicutes; c__Clostridia; o__Clostridiales; f__Clostridiaceae; g__Clostridium; s__unclassified; 45657; GQ868434.1 gg_id:558476 Fungal and Structure Bioaerosols Pig Stable pig stable bioaerosols clone BBC512, GQ868434.1 gg_id:558476 Fungal and Structure Bioaerosols Pig Stable pig stable bioaerosols clone BBC512,10,320.5,0.048828125,0.7315836036008729,0.05315765085183643,493.5,466.4155688760829,0.9025232501776794,0.9754023282151151,0.044444444444444446,True,1.0,11859.0,FMF,Male,Placebo-resistant (STRICT-ADAPTIVE)
26354, g__Faecalibacterium, s__Faecalibacterium prausnitzii, p__Firmicutes, c__Clostridia, o__Clostridiales, f__Ruminococcaceae,k__Bacteria; p__Firmicutes; c__Clostridia; o__Clostridiales; f__Ruminococcaceae; g__Faecalibacterium; s__Faecalibacterium prausnitzii; 26354; FJ684556.1 gg_id:518669 Synecology primary and secondary habitats Escherichia coli O157:H7 fecal MARC beef cattle feedlot animal #4228 pen 301; was negative STEC O157 clone 6-8E13, FJ684556.1 gg_id:518669 Synecology primary and secondary habitats Escherichia coli O157:H7 fecal MARC beef cattle feedlot animal #4228 pen 301 was negative STEC O157 clone 6-8E13,10,11.0,0.76953125,0.8836442490494296,0.08156029047173452,523.5,736.0111731156744,0.967435545139537,0.9928887934220945,0.022222222222222223,True,1.0,12343.0,FMF,Male,Placebo-resistant (STRICT-ADAPTIVE)
50639, g__Veillonella, s__unclassified, p__Firmicutes, c__Clostridia, o__Clostridiales, f__Veillonellaceae,k__Bacteria; p__Firmicutes; c__Clostridia; o__Clostridiales; f__Veillonellaceae; g__Veillonella; s__unclassified; 50639; GQ019382.1 gg_id:490287 Topographical and Temporal Human Skin Microbiome skin umbilicus clone nbu189d04c1, GQ019382.1 gg_id:490287 Topographical and Temporal Human Skin Microbiome skin umbilicus clone nbu189d04c1,10,59.0,0.4921875,0.7635226801988401,0.11467812053087861,660.75,1086.4823237913772,0.7750513736700824,0.9376534160753778,-0.08888888888888889,True,1.0,12076.5,FMF,Male,Placebo-resistant (STRICT-ADAPTIVE)
72109, g__Caloramator, s__unclassified, p__Firmicutes, c__Clostridia, o__Clostridiales, f__Clostridiaceae,k__Bacteria; p__Firmicutes; c__Clostridia; o__Clostridiales; f__Clostridiaceae; g__Caloramator; s__unclassified; 72109; GQ906581.1 gg_id:584933 Clostridium sp. str. SW003, GQ906581.1 gg_id:584933 Clostridium sp. str. SW003,10,121.0,0.275390625,0.7315836036008729,0.056398318444561224,253.5,529.6581436066937,0.967435545139537,0.9928887934220945,0.022222222222222223,True,1.0,12968.5,FMF,Male,Placebo-resistant (STRICT-ADAPTIVE)
23558, g__Eubacterium, s__unclassified, p__Firmicutes, c__Clostridia, o__Clostridiales, f__Lachnospiraceae,k__Bacteria; p__Firmicutes; c__Clostridia; o__Clostridiales; f__Lachnospiraceae; g__Eubacterium; s__unclassified; 23558; EU474950.1 gg_id:292979 red river hog feces clone RRH_aaa03d10, EU474950.1 gg_id:292979 red river hog feces clone RRH_aaa03d10,10,36.0,0.556640625,0.7914449891791329,0.022010114543430267,180.5,282.97597251945854,0.9025232501776794,0.9754023282151151,-0.044444444444444446,True,1.0,12905.0,FMF,Male,Placebo-resistant (STRICT-ADAPTIVE)
24947, g__Faecalibacterium, s__Faecalibacterium prausnitzii, p__Firmicutes, c__Clostridia, o__Clostridiales, f__Ruminococcaceae,k__Bacteria; p__Firmicutes; c__Clostridia; o__Clostridiales; f__Ruminococcaceae; g__Faecalibacterium; s__Faecalibacterium prausnitzii; 24947; DQ825282.1 gg_id:176478 human fecal clone RL185_aan87g03, DQ825282.1 gg_id:176478 human fecal clone RL185_aan87g03,10,172.0,0.556640625,0.7914449891791329,0.050780568822521556,543.75,629.0926622578479,0.967435545139537,0.9928887934220945,0.022222222222222223,True,1.0,13326.5,FMF,Male,Placebo-resistant (STRICT-ADAPTIVE)
50736, g__Paenibacillus, s__unclassified, p__Firmicutes, c__Bacilli, o__Bacillales, f__Paenibacillaceae,k__Bacteria; p__Firmicutes; c__Bacilli; o__Bacillales; f__Paenibacillaceae; g__Paenibacillus; s__unclassified; 50736; EF016794.1 gg_id:251102 Hyper-Arid Atacama Desert Soils soil clone A2B-E3-114, EF016794.1 gg_id:251102 Hyper-Arid Atacama Desert Soils soil clone A2B-E3-114,10,206.5,0.556640625,0.7914449891791329,0.07168658517993978,1029.75,877.295655174342,0.8382564863858263,0.9581536201140475,-0.06666666666666667,True,1.0,11029.0,FMF,Male,Placebo-resistant (STRICT-ADAPTIVE)
73672, g__Candidatus Pelagibacter, s__unclassified, p__Proteobacteria, c__Alphaproteobacteria, o__Rickettsiales, f__Pelagibacteraceae,k__Bacteria; p__Proteobacteria; c__Alphaproteobacteria; o__Rickettsiales; f__Pelagibacteraceae; g__Candidatus Pelagibacter; s__unclassified; 73672; DQ071172.1 gg_id:128312 marine surface water clone Surf1.9, DQ071172.1 gg_id:128312 marine surface water clone Surf1.9,10,-87.5,1.0,1.0,0.030823169375087126,482.5,349.1961161550594,0.7131829113892982,0.9207147820005681,-0.1111111111111111,True,1.0,13429.5,FMF,Male,Placebo-resistant (STRICT-ADAPTIVE)
10620, g__Aquabacterium, s__unclassified, p__Proteobacteria, c__Betaproteobacteria, o__Burkholderiales, f__Aquabacteriaceae,k__Bacteria; p__Proteobacteria; c__Betaproteobacteria; o__Burkholderiales; f__Aquabacteriaceae; g__Aquabacterium; s__unclassified; 10620; GQ102895.1 gg_id:459159 Topographical and Temporal Human Skin Microbiome skin inguinal crease clone nbw707c07c1, GQ102895.1 gg_id:459159 Topographical and Temporal Human Skin Microbiome skin inguinal crease clone nbw707c07c1,10,233.0,0.232421875,0.7315836036008729,0.06107488650005268,525.25,896.1188237436919,0.6533789106936937,0.9002109436224224,0.13333333333333333,True,1.0,10895.5,FMF,Male,Placebo-resistant (STRICT-ADAPTIVE)
24634, g__Faecalibacterium, s__unclassified, p__Firmicutes, c__Clostridia, o__Clostridiales, f__Ruminococcaceae,k__Bacteria; p__Firmicutes; c__Clostridia; o__Clostridiales; f__Ruminococcaceae; g__Faecalibacterium; s__unclassified; 24634; FJ367544.1 gg_id:363659 feces adult twins and mothers; TS29 clone TS29_a04g10, FJ367544.1 gg_id:363659 feces adult twins and mothers TS29 clone TS29_a04g10,10,75.0,0.556640625,0.7914449891791329,0.05518973447556279,367.75,807.7748836017234,0.8382564863858263,0.9581536201140475,0.06666666666666667,True,1.0,14496.0,FMF,Male,Placebo-resistant (STRICT-ADAPTIVE)
72687, g__Lactobacillus, s__unclassified, p__Firmicutes, c__Bacilli, o__Lactobacillales, f__Lactobacillaceae,k__Bacteria; p__Firmicutes; c__Bacilli; o__Lactobacillales; f__Lactobacillaceae; g__Lactobacillus; s__unclassified; 72687; EU465427.1 gg_id:300717 lion feces clone LI3_aah77b08, EU465427.1 gg_id:300717 lion feces clone LI3_aah77b08,10,228.5,0.388671875,0.7455067855825108,0.060893849390907306,678.25,723.9791250282475,0.7133031738784577,0.9207147820005681,0.1111111111111111,True,1.0,11497.0,FMF,Male,Placebo-resistant (STRICT-ADAPTIVE)
54997, g__Akkermansia, s__Akkermansia muciniphila, p__Verrucomicrobia, c__Verrucomicrobiae, o__Verrucomicrobiales, f__Verrucomicrobiaceae,k__Bacteria; p__Verrucomicrobia; c__Verrucomicrobiae; o__Verrucomicrobiales; f__Verrucomicrobiaceae; g__Akkermansia; s__Akkermansia muciniphila; 54997; DQ807825.1 gg_id:178569 human fecal clone RL180_aah37f08, DQ807825.1 gg_id:178569 human fecal clone RL180_aah37f08,10,269.5,0.322265625,0.7315836036008729,0.060418470828900346,713.25,613.9952020406095,0.6533789106936937,0.9002109436224224,0.13333333333333333,True,1.0,10781.5,FMF,Male,Placebo-resistant (STRICT-ADAPTIVE)
67467, g__Prevotella, s__unclassified, p__Bacteroidetes, c__Bacteroidia, o__Bacteroidales, f__Prevotellaceae,k__Bacteria; p__Bacteroidetes; c__Bacteroidia; o__Bacteroidales; f__Prevotellaceae; g__Prevotella; s__unclassified; 67467; GQ004014.1 gg_id:505648 Topographical and Temporal Human Skin Microbiome skin umbilicus clone nbu67e09c1, GQ004014.1 gg_id:505648 Topographical and Temporal Human Skin Microbiome skin umbilicus clone nbu67e09c1,10,75.5,0.6953125,0.848255880244983,0.1505813517586093,851.0,915.4053117420477,0.8382564863858263,0.9581536201140475,0.06666666666666667,True,1.0,9786.5,FMF,Male,Placebo-resistant (STRICT-ADAPTIVE)
69408, g__unclassified, s__unclassified, p__Firmicutes, c__Clostridia, o__Clostridiales, f__Clostridiales Family XI. Incertae Sedis,k__Bacteria; p__Firmicutes; c__Clostridia; o__Clostridiales; f__Clostridiales Family XI. Incertae Sedis; g__unclassified; s__unclassified; 69408; EU289106.1 gg_id:242578 microbiome cloacal openings urogenital and anal tracts tammar wallaby Macropus eugenii cloaca clone 8837-D0--1F, EU289106.1 gg_id:242578 microbiome cloacal openings urogenital and anal tracts tammar wallaby Macropus eugenii cloaca clone 8837-D0--1F,10,-58.0,0.4921875,0.7635226801988401,0.02817083445810531,273.75,271.3438961928407,0.9025232501776794,0.9754023282151151,-0.044444444444444446,True,1.0,13374.5,FMF,Male,Placebo-resistant (STRICT-ADAPTIVE)
44282, g__Clostridium, s__unclassified, p__Firmicutes, c__Clostridia, o__Clostridiales, f__Clostridiaceae,k__Bacteria; p__Firmicutes; c__Clostridia; o__Clostridiales; f__Clostridiaceae; g__Clostridium; s__unclassified; 44282; FJ682017.1 gg_id:512879 Synecology primary and secondary habitats Escherichia coli O157:H7 fecal MARC beef cattle feedlot animal #4351 pen 301; was negative STEC O157 clone 8-1G16, FJ682017.1 gg_id:512879 Synecology primary and secondary habitats Escherichia coli O157:H7 fecal MARC beef cattle feedlot animal #4351 pen 301 was negative STEC O157 clone 8-1G16,10,76.5,0.10546875,0.7315836036008729,0.04797377141346829,496.75,412.70246436547154,0.6533789106936937,0.9002109436224224,0.13333333333333333,True,1.0,13527.5,FMF,Male,Placebo-resistant (STRICT-ADAPTIVE)
32213, g__Corynebacterium, s__unclassified, p__Actinobacteria, c__Actinobacteria, o__Actinomycetales, f__Corynebacteriaceae,k__Bacteria; p__Actinobacteria; c__Actinobacteria; o__Actinomycetales; f__Corynebacteriaceae; g__Corynebacterium; s__unclassified; 32213; GQ010732.1 gg_id:498933 Topographical and Temporal Human Skin Microbiome skin glabella clone nbw738b09c1, GQ010732.1 gg_id:498933 Topographical and Temporal Human Skin Microbiome skin glabella clone nbw738b09c1,10,151.0,0.322265625,0.7315836036008729,0.040219252997928334,416.0,550.6716396557129,0.967435545139537,0.9928887934220945,0.022222222222222223,True,1.0,11733.0,FMF,Male,Placebo-resistant (STRICT-ADAPTIVE)
25494, g__Faecalibacterium, s__unclassified, p__Firmicutes, c__Clostridia, o__Clostridiales, f__Ruminococcaceae,k__Bacteria; p__Firmicutes; c__Clostridia; o__Clostridiales; f__Ruminococcaceae; g__Faecalibacterium; s__unclassified; 25494; FJ363917.1 gg_id:361782 feces adult twins and mothers; TS14 clone TS14_a04h05, FJ363917.1 gg_id:361782 feces adult twins and mothers TS14 clone TS14_a04h05,10,-37.0,1.0,1.0,0.052482050752583075,388.5,816.8395926414602,0.7750513736700824,0.9376534160753778,-0.08888888888888889,True,1.0,13533.0,FMF,Male,Placebo-resistant (STRICT-ADAPTIVE)
44684, g__Streptococcus, s__unclassified, p__Firmicutes, c__Bacilli, o__Lactobacillales, f__Streptococcaceae,k__Bacteria; p__Firmicutes; c__Bacilli; o__Lactobacillales; f__Streptococcaceae; g__Streptococcus; s__unclassified; 44684; GQ018860.1 gg_id:490807 Topographical and Temporal Human Skin Microbiome skin umbilicus clone nbu191f07c1, GQ018860.1 gg_id:490807 Topographical and Temporal Human Skin Microbiome skin umbilicus clone nbu191f07c1,10,-23.5,0.845703125,0.9248303534925827,0.0309214074152623,436.0,309.03809115094896,0.967435545139537,0.9928887934220945,0.022222222222222223,True,1.0,12209.5,FMF,Male,Placebo-resistant (STRICT-ADAPTIVE)
72799, g__Clostridium, s__unclassified, p__Firmicutes, c__Clostridia, o__Clostridiales, f__Clostridiaceae,k__Bacteria; p__Firmicutes; c__Clostridia; o__Clostridiales; f__Clostridiaceae; g__Clostridium; s__unclassified; 72799; EU376532.1 gg_id:275993 Clostridium sp. str. SL149, EU376532.1 gg_id:275993 Clostridium sp. str. SL149,10,55.5,0.76953125,0.8836442490494296,0.06287745158500091,741.75,567.3474969647987,0.8382564863858263,0.9581536201140475,0.06666666666666667,True,1.0,11216.0,FMF,Male,Placebo-resistant (STRICT-ADAPTIVE)
70773, g__Anaerococcus, s__unclassified, p__Firmicutes, c__Clostridia, o__Clostridiales, f__Clostridiales Family XI. Incertae Sedis,k__Bacteria; p__Firmicutes; c__Clostridia; o__Clostridiales; f__Clostridiales Family XI. Incertae Sedis; g__Anaerococcus; s__unclassified; 70773; GQ091453.1 gg_id:401886 Topographical and Temporal Human Skin Microbiome skin glabella clone nbw346c05c1, GQ091453.1 gg_id:401886 Topographical and Temporal Human Skin Microbiome skin glabella clone nbw346c05c1,10,79.0,0.10546875,0.7315836036008729,0.01621132014359048,161.0,131.64490372462836,0.8382564863858263,0.9581536201140475,0.06666666666666667,True,1.0,13552.5,FMF,Male,Placebo-resistant (STRICT-ADAPTIVE)
67605, g__Prevotella, s__unclassified, p__Bacteroidetes, c__Bacteroidia, o__Bacteroidales, f__Prevotellaceae,k__Bacteria; p__Bacteroidetes; c__Bacteroidia; o__Bacteroidales; f__Prevotellaceae; g__Prevotella; s__unclassified; 67605; AB477014.2 gg_id:528418 Prevotella dentasini str. NUM 1903, AB477014.2 gg_id:528418 Prevotella dentasini str. NUM 1903,10,431.5,0.232421875,0.7315836036008729,0.09340063227707798,768.75,733.2608824824142,0.9025232501776794,0.9754023282151151,0.044444444444444446,True,1.0,12080.0,FMF,Male,Placebo-resistant (STRICT-ADAPTIVE)
58352, g__Myxococcus, s__unclassified, p__Proteobacteria, c__Deltaproteobacteria, o__Myxococcales, f__Myxococcaceae,k__Bacteria; p__Proteobacteria; c__Deltaproteobacteria; o__Myxococcales; f__Myxococcaceae; g__Myxococcus; s__unclassified; 58352; AJ233930.1 gg_id:10615 Myxococcus xanthus str. Mx x132, AJ233930.1 gg_id:10615 Myxococcus xanthus str. Mx x132,10,280.0,0.130859375,0.7315836036008729,0.1066452816637219,687.5,900.3318580421086,0.9025232501776794,0.9754023282151151,-0.044444444444444446,True,1.0,12015.5,FMF,Male,Placebo-resistant (STRICT-ADAPTIVE)
56252, g__Akkermansia, s__unclassified, p__Verrucomicrobia, c__Verrucomicrobiae, o__Verrucomicrobiales, f__Verrucomicrobiaceae,k__Bacteria; p__Verrucomicrobia; c__Verrucomicrobiae; o__Verrucomicrobiales; f__Verrucomicrobiaceae; g__Akkermansia; s__unclassified; 56252; GQ492323.1 gg_id:588591 Effect Diet on Human Gut Microbiome: Metagenomic Humanized Gnotobiotic Mice cecal contents Mus musculus strain C57BL/6J; PM5 clone PM5_a01f08, GQ492323.1 gg_id:588591 Effect Diet on Human Gut Microbiome: Metagenomic Humanized Gnotobiotic Mice cecal contents Mus musculus strain C57BL/6J PM5 clone PM5_a01f08,10,422.5,0.16015625,0.7315836036008729,0.10977548157110571,634.0,1177.6187022410004,0.7133031738784577,0.9207147820005681,0.1111111111111111,True,1.0,10577.0,FMF,Male,Placebo-resistant (STRICT-ADAPTIVE)
33407, g__Corynebacterium, s__unclassified, p__Actinobacteria, c__Actinobacteria, o__Actinomycetales, f__Corynebacteriaceae,k__Bacteria; p__Actinobacteria; c__Actinobacteria; o__Actinomycetales; f__Corynebacteriaceae; g__Corynebacterium; s__unclassified; 33407; GQ097047.1 gg_id:439117 Topographical and Temporal Human Skin Microbiome skin popliteal fossa clone nbw393c04c1, GQ097047.1 gg_id:439117 Topographical and Temporal Human Skin Microbiome skin popliteal fossa clone nbw393c04c1,10,171.0,0.10546875,0.7315836036008729,0.02081306204884807,358.5,204.82692401418106,0.7750513736700824,0.9376534160753778,0.08888888888888889,True,1.0,13281.0,FMF,Male,Placebo-resistant (STRICT-ADAPTIVE)
50499, g__Veillonella, s__Veillonella dispar, p__Firmicutes, c__Clostridia, o__Clostridiales, f__Veillonellaceae,k__Bacteria; p__Firmicutes; c__Clostridia; o__Clostridiales; f__Veillonellaceae; g__Veillonella; s__Veillonella dispar; 50499; GQ073722.1 gg_id:412083 Topographical and Temporal Human Skin Microbiome skin interdigital web space clone nbw212b04c1, GQ073722.1 gg_id:412083 Topographical and Temporal Human Skin Microbiome skin interdigital web space clone nbw212b04c1,10,1.5,0.921875,0.9628597924917722,0.17634011347579293,1557.25,1807.9764419879295,0.967435545139537,0.9928887934220945,0.022222222222222223,True,1.0,10404.5,FMF,Male,Placebo-resistant (STRICT-ADAPTIVE)
55731, g__Akkermansia, s__unclassified, p__Verrucomicrobia, c__Verrucomicrobiae, o__Verrucomicrobiales, f__Verrucomicrobiaceae,k__Bacteria; p__Verrucomicrobia; c__Verrucomicrobiae; o__Verrucomicrobiales; f__Verrucomicrobiaceae; g__Akkermansia; s__unclassified; 55731; GQ492726.1 gg_id:543645 Effect Diet on Human Gut Microbiome: Metagenomic Humanized Gnotobiotic Mice cecal contents Mus musculus strain C57BL/6J; PM9 clone PM9_a04c11, GQ492726.1 gg_id:543645 Effect Diet on Human Gut Microbiome: Metagenomic Humanized Gnotobiotic Mice cecal contents Mus musculus strain C57BL/6J PM9 clone PM9_a04c11,10,222.5,0.431640625,0.7455067855825108,0.1965937570622636,986.25,1254.1655060743246,0.967435545139537,0.9928887934220945,0.022222222222222223,True,1.0,10062.0,FMF,Male,Placebo-resistant (STRICT-ADAPTIVE)
17647, g__Roseburia, s__Eubacterium rectale, p__Firmicutes, c__Clostridia, o__Clostridiales, f__Lachnospiraceae,k__Bacteria; p__Firmicutes; c__Clostridia; o__Clostridiales; f__Lachnospiraceae; g__Roseburia; s__Eubacterium rectale; 17647; DQ801961.1 gg_id:194918 human fecal clone RL241_aaj01a10, DQ801961.1 gg_id:194918 human fecal clone RL241_aaj01a10,10,81.0,1.0,1.0,0.03968777751588611,513.0,556.5969534152259,0.6533789106936937,0.9002109436224224,0.13333333333333333,True,1.0,14640.5,FMF,Male,Placebo-resistant (STRICT-ADAPTIVE)
5324, g__Salmonella, s__Salmonella enterica, p__Proteobacteria, c__Gammaproteobacteria, o__Enterobacteriales, f__Enterobacteriaceae,k__Bacteria; p__Proteobacteria; c__Gammaproteobacteria; o__Enterobacteriales; f__Enterobacteriaceae; g__Salmonella; s__Salmonella enterica; 5324; EF604385.1 gg_id:233497 Salmonella typhimurium Exploits Inflammation Compete Intestinal Microbiota mouse cecum clone 16saw45-2a02.p1ka, EF604385.1 gg_id:233497 Salmonella typhimurium Exploits Inflammation Compete Intestinal Microbiota mouse cecum clone 16saw45-2a02.p1ka,10,263.0,0.232421875,0.7315836036008729,0.10408039858794652,700.5,1107.0838458907358,1.0,1.0,0.0,True,1.0,10729.0,FMF,Male,Placebo-resistant (STRICT-ADAPTIVE)
5263, g__unclassified, s__unclassified, p__Proteobacteria, c__Gammaproteobacteria, o__Enterobacteriales, f__Enterobacteriaceae,k__Bacteria; p__Proteobacteria; c__Gammaproteobacteria; o__Enterobacteriales; f__Enterobacteriaceae; g__unclassified; s__unclassified; 5263; EU472757.1 gg_id:301762 red panda feces clone RPSD_1aaa02d04, EU472757.1 gg_id:301762 red panda feces clone RPSD_1aaa02d04,10,102.0,0.275390625,0.7315836036008729,0.022112022805733156,292.75,297.9045441915917,0.9025232501776794,0.9754023282151151,-0.044444444444444446,True,1.0,13045.5,FMF,Male,Placebo-resistant (STRICT-ADAPTIVE)
55508, g__Akkermansia, s__unclassified, p__Verrucomicrobia, c__Verrucomicrobiae, o__Verrucomicrobiales, f__Verrucomicrobiaceae,k__Bacteria; p__Verrucomicrobia; c__Verrucomicrobiae; o__Verrucomicrobiales; f__Verrucomicrobiaceae; g__Akkermansia; s__unclassified; 55508; DQ797870.1 gg_id:196376 human fecal clone RL206_aaj16g12, DQ797870.1 gg_id:196376 human fecal clone RL206_aaj16g12,10,139.5,0.431640625,0.7455067855825108,0.15058662288544514,868.25,858.0459918837555,0.6533789106936937,0.9002109436224224,-0.13333333333333333,True,1.0,6667.5,FMF,Male,Placebo-resistant (STRICT-ADAPTIVE)
14417, g__Burkholderia, s__unclassified, p__Proteobacteria, c__Betaproteobacteria, o__Burkholderiales, f__Burkholderiaceae,k__Bacteria; p__Proteobacteria; c__Betaproteobacteria; o__Burkholderiales; f__Burkholderiaceae; g__Burkholderia; s__unclassified; 14417; AM502995.1 gg_id:214181 endobacteria some ectomycorrhizas pine root, AM502995.1 gg_id:214181 endobacteria some ectomycorrhizas pine root,10,373.5,0.10546875,0.7315836036008729,0.09120373906445968,451.75,910.1492511847837,0.6533789106936937,0.9002109436224224,0.13333333333333333,True,1.0,10373.0,FMF,Male,Placebo-resistant (STRICT-ADAPTIVE)
17685, g__Roseburia, s__Eubacterium rectale, p__Firmicutes, c__Clostridia, o__Clostridiales, f__Lachnospiraceae,k__Bacteria; p__Firmicutes; c__Clostridia; o__Clostridiales; f__Lachnospiraceae; g__Roseburia; s__Eubacterium rectale; 17685; DQ802070.1 gg_id:175760 human fecal clone RL241_aaj02f12, DQ802070.1 gg_id:175760 human fecal clone RL241_aaj02f12,10,140.0,0.76953125,0.8836442490494296,0.051772863034072636,676.5,671.6231194228898,0.7750513736700824,0.9376534160753778,0.08888888888888889,True,1.0,13909.5,FMF,Male,Placebo-resistant (STRICT-ADAPTIVE)
49007, g__Bacillus, s__Bacillus sp. SG-1, p__Firmicutes, c__Bacilli, o__Bacillales, f__Bacillaceae,k__Bacteria; p__Firmicutes; c__Bacilli; o__Bacillales; f__Bacillaceae; g__Bacillus; s__Bacillus sp. SG-1; 49007; FJ373036.1 gg_id:319978 Bacillus sp. str. S6-1, FJ373036.1 gg_id:319978 Bacillus sp. str. S6-1,10,222.0,0.431640625,0.7455067855825108,0.036109497874341326,554.0,585.0839612150645,0.9025232501776794,0.9754023282151151,-0.044444444444444446,True,1.0,12634.0,FMF,Male,Placebo-resistant (STRICT-ADAPTIVE)
50224, g__Dialister, s__unclassified, p__Firmicutes, c__Clostridia, o__Clostridiales, f__Veillonellaceae,k__Bacteria; p__Firmicutes; c__Clostridia; o__Clostridiales; f__Veillonellaceae; g__Dialister; s__unclassified; 50224; EU773545.1 gg_id:349811 Goeldi's Marmoset feces clone CAL_e11, EU773545.1 gg_id:349811 Goeldi's Marmoset feces clone CAL_e11,10,115.5,0.921875,0.9628597924917722,0.06544438882383061,433.75,806.4268645829646,0.8382564863858263,0.9581536201140475,0.06666666666666667,True,1.0,12118.0,FMF,Male,Placebo-resistant (STRICT-ADAPTIVE)
67395, g__Prevotella, s__unclassified, p__Bacteroidetes, c__Bacteroidia, o__Bacteroidales, f__Prevotellaceae,k__Bacteria; p__Bacteroidetes; c__Bacteroidia; o__Bacteroidales; f__Prevotellaceae; g__Prevotella; s__unclassified; 67395; GQ491127.1 gg_id:593125 Effect Diet on Human Gut Microbiome: Metagenomic Humanized Gnotobiotic Mice cecal contents Mus musculus strain C57BL/6J; PM6 clone PM6_a03d03, GQ491127.1 gg_id:593125 Effect Diet on Human Gut Microbiome: Metagenomic Humanized Gnotobiotic Mice cecal contents Mus musculus strain C57BL/6J PM6 clone PM6_a03d03,10,382.5,0.375,0.7328566955432627,0.07234341459974089,377.5,785.4806347114272,0.8382564863858263,0.9581536201140475,0.06666666666666667,True,1.0,13842.0,FMF,Male,Placebo-resistant (STRICT-ADAPTIVE)
25742, g__Faecalibacterium, s__unclassified, p__Firmicutes, c__Clostridia, o__Clostridiales, f__Ruminococcaceae,k__Bacteria; p__Firmicutes; c__Clostridia; o__Clostridiales; f__Ruminococcaceae; g__Faecalibacterium; s__unclassified; 25742; FJ681597.1 gg_id:524607 Synecology primary and secondary habitats Escherichia coli O157:H7 fecal MARC beef cattle feedlot animal #4281 pen 301; was positive STEC O157 clone 5-7M9, FJ681597.1 gg_id:524607 Synecology primary and secondary habitats Escherichia coli O157:H7 fecal MARC beef cattle feedlot animal #4281 pen 301 was positive STEC O157 clone 5-7M9,10,305.5,0.275390625,0.7315836036008729,0.07473327185573467,407.0,1134.4620543362785,0.9025232501776794,0.9754023282151151,0.044444444444444446,True,1.0,12412.5,FMF,Male,Placebo-resistant (STRICT-ADAPTIVE)
25847, g__Faecalibacterium, s__Faecalibacterium prausnitzii, p__Firmicutes, c__Clostridia, o__Clostridiales, f__Ruminococcaceae,k__Bacteria; p__Firmicutes; c__Clostridia; o__Clostridiales; f__Ruminococcaceae; g__Faecalibacterium; s__Faecalibacterium prausnitzii; 25847; FJ372125.1 gg_id:364515 feces adult twins and mothers; TS9 clone TS9_a02a07, FJ372125.1 gg_id:364515 feces adult twins and mothers TS9 clone TS9_a02a07,10,216.5,0.431640625,0.7455067855825108,0.050910019017759614,404.0,800.6262579374279,0.7750513736700824,0.9376534160753778,0.08888888888888889,True,1.0,13797.5,FMF,Male,Placebo-resistant (STRICT-ADAPTIVE)
24759, g__Faecalibacterium, s__unclassified, p__Firmicutes, c__Clostridia, o__Clostridiales, f__Ruminococcaceae,k__Bacteria; p__Firmicutes; c__Clostridia; o__Clostridiales; f__Ruminococcaceae; g__Faecalibacterium; s__unclassified; 24759; FJ365576.1 gg_id:361467 feces adult twins and mothers; TS20 clone TS20_a04e04, FJ365576.1 gg_id:361467 feces adult twins and mothers TS20 clone TS20_a04e04,10,273.5,0.193359375,0.7315836036008729,0.09092727405076699,570.75,882.0411205487468,0.7133031738784577,0.9207147820005681,0.1111111111111111,True,1.0,11814.5,FMF,Male,Placebo-resistant (STRICT-ADAPTIVE)
25750, g__Faecalibacterium, s__Faecalibacterium prausnitzii, p__Firmicutes, c__Clostridia, o__Clostridiales, f__Ruminococcaceae,k__Bacteria; p__Firmicutes; c__Clostridia; o__Clostridiales; f__Ruminococcaceae; g__Faecalibacterium; s__Faecalibacterium prausnitzii; 25750; DQ325830.1 gg_id:148853 Metagenomic gut microbiome healthy human stool clone B575, DQ325830.1 gg_id:148853 Metagenomic gut microbiome healthy human stool clone B575,10,83.5,0.845703125,0.9248303534925827,0.05131375563849227,313.75,646.7771689263966,0.8382564863858263,0.9581536201140475,-0.06666666666666667,True,1.0,13824.5,FMF,Male,Placebo-resistant (STRICT-ADAPTIVE)
70035, g__unclassified, s__unclassified, p__Firmicutes, c__Clostridia, o__Clostridiales, f__Lachnospiraceae,k__Bacteria; p__Firmicutes; c__Clostridia; o__Clostridiales; f__Lachnospiraceae; g__unclassified; s__unclassified; 70035; DQ797460.1 gg_id:186606 human fecal clone RL248_aai99f02, DQ797460.1 gg_id:186606 human fecal clone RL248_aai99f02,10,-5.0,0.921875,0.9628597924917722,0.053750171688129136,354.25,506.65603388075607,0.9025232501776794,0.9754023282151151,-0.044444444444444446,True,1.0,12530.5,FMF,Male,Placebo-resistant (STRICT-ADAPTIVE)
36550, g__Corynebacterium, s__unclassified, p__Actinobacteria, c__Actinobacteria, o__Actinomycetales, f__Corynebacteriaceae,k__Bacteria; p__Actinobacteria; c__Actinobacteria; o__Actinomycetales; f__Corynebacteriaceae; g__Corynebacterium; s__unclassified; 36550; GQ083847.1 gg_id:417117 Topographical and Temporal Human Skin Microbiome skin nare clone nbw254e09c1, GQ083847.1 gg_id:417117 Topographical and Temporal Human Skin Microbiome skin nare clone nbw254e09c1,10,59.0,0.07421875,0.7315836036008729,0.032727343647903515,207.75,322.6642468383781,0.8382564863858263,0.9581536201140475,0.06666666666666667,True,1.0,13116.5,FMF,Male,Placebo-resistant (STRICT-ADAPTIVE)
20367, g__unclassified, s__unclassified, p__Firmicutes, c__Clostridia, o__Clostridiales, f__Lachnospiraceae,k__Bacteria; p__Firmicutes; c__Clostridia; o__Clostridiales; f__Lachnospiraceae; g__unclassified; s__unclassified; 20367; DQ794467.1 gg_id:180911 human fecal clone RL197_aah88c06, DQ794467.1 gg_id:180911 human fecal clone RL197_aah88c06,10,-138.0,0.556640625,0.7914449891791329,0.08425389674333045,843.75,981.3107579066548,0.9025232501776794,0.9754023282151151,0.044444444444444446,True,1.0,12614.0,FMF,Male,Placebo-resistant (STRICT-ADAPTIVE)
67990, g__Prevotella, s__unclassified, p__Bacteroidetes, c__Bacteroidia, o__Bacteroidales, f__Prevotellaceae,k__Bacteria; p__Bacteroidetes; c__Bacteroidia; o__Bacteroidales; f__Prevotellaceae; g__Prevotella; s__unclassified; 67990; FJ673624.1 gg_id:513335 Synecology primary and secondary habitats Escherichia coli O157:H7 fecal MARC beef cattle feedlot animal #4262 pen 301; was positive STEC O157 clone 130-5M8, FJ673624.1 gg_id:513335 Synecology primary and secondary habitats Escherichia coli O157:H7 fecal MARC beef cattle feedlot animal #4262 pen 301 was positive STEC O157 clone 130-5M8,10,396.5,0.375,0.7328566955432627,0.0878748165441739,858.25,909.3268611114977,0.5674585271954133,0.8815286128988666,0.14444444444444443,True,1.0,13005.5,FMF,Male,Placebo-resistant (STRICT-ADAPTIVE)
15957, g__Succinivibrio, s__unclassified, p__Proteobacteria, c__Gammaproteobacteria, o__Aeromonadales, f__Succinivibrionaceae,k__Bacteria; p__Proteobacteria; c__Gammaproteobacteria; o__Aeromonadales; f__Succinivibrionaceae; g__Succinivibrio; s__unclassified; 15957; FJ681014.1 gg_id:514935 Synecology primary and secondary habitats Escherichia coli O157:H7 fecal MARC beef cattle feedlot animal #4281 pen 301; was positive STEC O157 clone 5-5B17, FJ681014.1 gg_id:514935 Synecology primary and secondary habitats Escherichia coli O157:H7 fecal MARC beef cattle feedlot animal #4281 pen 301 was positive STEC O157 clone 5-5B17,10,244.5,0.064453125,0.7315836036008729,0.0849001175417448,781.25,663.9622200505421,0.7133031738784577,0.9207147820005681,0.1111111111111111,True,1.0,12505.0,FMF,Male,Placebo-resistant (STRICT-ADAPTIVE)
25265, g__Faecalibacterium, s__Faecalibacterium prausnitzii, p__Firmicutes, c__Clostridia, o__Clostridiales, f__Ruminococcaceae,k__Bacteria; p__Firmicutes; c__Clostridia; o__Clostridiales; f__Ruminococcaceae; g__Faecalibacterium; s__Faecalibacterium prausnitzii; 25265; GQ898309.1 gg_id:561072 Diets enriched fructans and/or can alter dominant fecal humans but do so non-consistent manner feces human soy protein supplemented diet clone S2-23, GQ898309.1 gg_id:561072 Diets enriched fructans and/or can alter dominant fecal humans but do so non-consistent manner feces human soy protein supplemented diet clone S2-23,10,100.5,1.0,1.0,0.017457249146706218,321.0,284.60540123124855,0.9025232501776794,0.9754023282151151,0.044444444444444446,True,1.0,14297.5,FMF,Male,Placebo-resistant (STRICT-ADAPTIVE)
25791, g__Faecalibacterium, s__unclassified, p__Firmicutes, c__Clostridia, o__Clostridiales, f__Ruminococcaceae,k__Bacteria; p__Firmicutes; c__Clostridia; o__Clostridiales; f__Ruminococcaceae; g__Faecalibacterium; s__unclassified; 25791; DQ801929.1 gg_id:189446 human fecal clone RL201_aai48f03, DQ801929.1 gg_id:189446 human fecal clone RL201_aai48f03,10,115.0,0.275390625,0.7315836036008729,0.029074964519735274,289.75,354.32423278372846,0.6533789106936937,0.9002109436224224,0.13333333333333333,True,1.0,13768.0,FMF,Male,Placebo-resistant (STRICT-ADAPTIVE)
46183, g__Staphylococcus, s__Staphylococcus epidermidis, p__Firmicutes, c__Bacilli, o__Bacillales, f__Staphylococcaceae,k__Bacteria; p__Firmicutes; c__Bacilli; o__Bacillales; f__Staphylococcaceae; g__Staphylococcus; s__Staphylococcus epidermidis; 46183; GQ074022.1 gg_id:426723 Topographical and Temporal Human Skin Microbiome skin retroauricular crease clone nbw160f08c1, GQ074022.1 gg_id:426723 Topographical and Temporal Human Skin Microbiome skin retroauricular crease clone nbw160f08c1,10,-50.0,0.76953125,0.8836442490494296,0.032247360037755884,337.5,451.1751510407756,0.967435545139537,0.9928887934220945,-0.022222222222222223,True,1.0,12256.5,FMF,Male,Placebo-resistant (STRICT-ADAPTIVE)
67389, g__Prevotella, s__unclassified, p__Bacteroidetes, c__Bacteroidia, o__Bacteroidales, f__Prevotellaceae,k__Bacteria; p__Bacteroidetes; c__Bacteroidia; o__Bacteroidales; f__Prevotellaceae; g__Prevotella; s__unclassified; 67389; GQ491485.1 gg_id:562839 Effect Diet on Human Gut Microbiome: Metagenomic Humanized Gnotobiotic Mice cecal contents Mus musculus strain C57BL/6J; PM6 clone PM6_a02a10, GQ491485.1 gg_id:562839 Effect Diet on Human Gut Microbiome: Metagenomic Humanized Gnotobiotic Mice cecal contents Mus musculus strain C57BL/6J PM6 clone PM6_a02a10,10,386.5,0.5703125,0.8097771479487375,0.05708031513946199,386.5,790.7370767103592,0.6533789106936937,0.9002109436224224,0.13333333333333333,True,1.0,13566.0,FMF,Male,Placebo-resistant (STRICT-ADAPTIVE)
50641, g__Veillonella, s__Veillonella dispar, p__Firmicutes, c__Clostridia, o__Clostridiales, f__Veillonellaceae,k__Bacteria; p__Firmicutes; c__Clostridia; o__Clostridiales; f__Veillonellaceae; g__Veillonella; s__Veillonella dispar; 50641; GQ032144.1 gg_id:465685 Topographical and Temporal Human Skin Microbiome skin volar forearm clone nbw903a09c1, GQ032144.1 gg_id:465685 Topographical and Temporal Human Skin Microbiome skin volar forearm clone nbw903a09c1,10,95.5,0.76953125,0.8836442490494296,0.11159913922250675,656.5,1110.9696507925958,0.967435545139537,0.9928887934220945,0.022222222222222223,True,1.0,12629.0,FMF,Male,Placebo-resistant (STRICT-ADAPTIVE)
41681, g__Actinomadura, s__unclassified, p__Actinobacteria, c__Actinobacteria, o__Actinomycetales, f__Thermomonosporaceae,k__Bacteria; p__Actinobacteria; c__Actinobacteria; o__Actinomycetales; f__Thermomonosporaceae; g__Actinomadura; s__unclassified; 41681; AJ293717.1 gg_id:101749 Actinomadura cremea str. IMSNU 22168, AJ293717.1 gg_id:101749 Actinomadura cremea str. IMSNU 22168,10,180.0,0.10546875,0.7315836036008729,0.15658189601375505,1152.5,850.1415346347401,0.967435545139537,0.9928887934220945,-0.022222222222222223,True,1.0,9761.5,FMF,Male,Placebo-resistant (STRICT-ADAPTIVE)
68040, g__Prevotella, s__unclassified, p__Bacteroidetes, c__Bacteroidia, o__Bacteroidales, f__Prevotellaceae,k__Bacteria; p__Bacteroidetes; c__Bacteroidia; o__Bacteroidales; f__Prevotellaceae; g__Prevotella; s__unclassified; 68040; FJ681799.1 gg_id:520235 Synecology primary and secondary habitats Escherichia coli O157:H7 fecal MARC beef cattle feedlot animal #4281 pen 301; was positive STEC O157 clone 5-8I11, FJ681799.1 gg_id:520235 Synecology primary and secondary habitats Escherichia coli O157:H7 fecal MARC beef cattle feedlot animal #4281 pen 301 was positive STEC O157 clone 5-8I11,10,165.0,0.556640625,0.7914449891791329,0.06245690299508688,500.5,861.5171138565837,0.9025232501776794,0.9754023282151151,0.044444444444444446,True,1.0,14003.0,FMF,Male,Placebo-resistant (STRICT-ADAPTIVE)
26372, g__Faecalibacterium, s__Faecalibacterium prausnitzii, p__Firmicutes, c__Clostridia, o__Clostridiales, f__Ruminococcaceae,k__Bacteria; p__Firmicutes; c__Clostridia; o__Clostridiales; f__Ruminococcaceae; g__Faecalibacterium; s__Faecalibacterium prausnitzii; 26372; AY982315.1 gg_id:118123 human sigmoid colon mucosal biopsy clone MI93, AY982315.1 gg_id:118123 human sigmoid colon mucosal biopsy clone MI93,10,135.5,0.322265625,0.7315836036008729,0.0796451619548296,535.5,1041.6102021517775,0.7750513736700824,0.9376534160753778,0.08888888888888889,True,1.0,13381.5,FMF,Male,Placebo-resistant (STRICT-ADAPTIVE)
68879, g__Bacteroides, s__Bacteroides acidifaciens, p__Bacteroidetes, c__Bacteroidia, o__Bacteroidales, f__Bacteroidaceae,k__Bacteria; p__Bacteroidetes; c__Bacteroidia; o__Bacteroidales; f__Bacteroidaceae; g__Bacteroides; s__Bacteroides acidifaciens; 68879; EU136694.1 gg_id:256779 Bacteroides acidifaciens str. JCM10556, EU136694.1 gg_id:256779 Bacteroides acidifaciens str. JCM10556,10,-33.0,1.0,1.0,0.07162694131744549,879.75,834.6117477033524,0.8382564863858263,0.9581536201140475,-0.06666666666666667,True,1.0,12708.5,FMF,Male,Placebo-resistant (STRICT-ADAPTIVE)
17562, g__Roseburia, s__Eubacterium rectale, p__Firmicutes, c__Clostridia, o__Clostridiales, f__Lachnospiraceae,k__Bacteria; p__Firmicutes; c__Clostridia; o__Clostridiales; f__Lachnospiraceae; g__Roseburia; s__Eubacterium rectale; 17562; FJ371131.1 gg_id:360819 feces adult twins and mothers; TS6 clone TS6_a01c10, FJ371131.1 gg_id:360819 feces adult twins and mothers TS6 clone TS6_a01c10,10,117.5,0.921875,0.9628597924917722,0.06065840235179693,648.75,676.71394189618,0.7133031738784577,0.9207147820005681,0.1111111111111111,True,1.0,14097.5,FMF,Male,Placebo-resistant (STRICT-ADAPTIVE)
16471, g__Succinivibrio, s__unclassified, p__Proteobacteria, c__Gammaproteobacteria, o__Aeromonadales, f__Succinivibrionaceae,k__Bacteria; p__Proteobacteria; c__Gammaproteobacteria; o__Aeromonadales; f__Succinivibrionaceae; g__Succinivibrio; s__unclassified; 16471; FJ673002.1 gg_id:524997 Synecology primary and secondary habitats Escherichia coli O157:H7 fecal MARC beef cattle feedlot animal #4262 pen 301; was positive STEC O157 clone 130-1C3, FJ673002.1 gg_id:524997 Synecology primary and secondary habitats Escherichia coli O157:H7 fecal MARC beef cattle feedlot animal #4262 pen 301 was positive STEC O157 clone 130-1C3,10,66.0,0.322265625,0.7315836036008729,0.12666753678890008,1114.0,927.957426504279,0.9025232501776794,0.9754023282151151,0.044444444444444446,True,1.0,10615.5,FMF,Male,Placebo-resistant (STRICT-ADAPTIVE)
55438, g__Akkermansia, s__Akkermansia muciniphila, p__Verrucomicrobia, c__Verrucomicrobiae, o__Verrucomicrobiales, f__Verrucomicrobiaceae,k__Bacteria; p__Verrucomicrobia; c__Verrucomicrobiae; o__Verrucomicrobiales; f__Verrucomicrobiaceae; g__Akkermansia; s__Akkermansia muciniphila; 55438; EU768083.1 gg_id:340215 Pervasive effects antibiotic on human gut microbiota deep sequencing fecal clone C4_325, EU768083.1 gg_id:340215 Pervasive effects antibiotic on human gut microbiota deep sequencing fecal clone C4_325,10,201.5,0.130859375,0.7315836036008729,0.06407553640750528,516.25,622.6984482333502,0.9025232501776794,0.9754023282151151,0.044444444444444446,True,1.0,9253.0,FMF,Male,Placebo-resistant (STRICT-ADAPTIVE)
50716, g__Collinsella, s__unclassified, p__Actinobacteria, c__Actinobacteria, o__Coriobacteriales, f__Coriobacteriaceae,k__Bacteria; p__Actinobacteria; c__Actinobacteria; o__Coriobacteriales; f__Coriobacteriaceae; g__Collinsella; s__unclassified; 50716; EU463038.1 gg_id:301713 southern three-banded armadillo feces clone arma_aaj56h02, EU463038.1 gg_id:301713 southern three-banded armadillo feces clone arma_aaj56h02,10,100.5,0.193359375,0.7315836036008729,0.020650293270760126,300.5,413.22665612631204,0.6533789106936937,0.9002109436224224,0.13333333333333333,True,1.0,13087.0,FMF,Male,Placebo-resistant (STRICT-ADAPTIVE)
44606, g__Clostridium, s__unclassified, p__Firmicutes, c__Clostridia, o__Clostridiales, f__Clostridiaceae,k__Bacteria; p__Firmicutes; c__Clostridia; o__Clostridiales; f__Clostridiaceae; g__Clostridium; s__unclassified; 44606; EU471447.1 gg_id:291025 spectacled bear feces clone SB_2aaa03f07, EU471447.1 gg_id:291025 spectacled bear feces clone SB_2aaa03f07,10,68.5,0.232421875,0.7315836036008729,0.07040258330475951,825.75,676.3926284143947,0.7133031738784577,0.9207147820005681,0.1111111111111111,True,1.0,12558.5,FMF,Male,Placebo-resistant (STRICT-ADAPTIVE)
28334, g__unclassified, s__unclassified, p__Firmicutes, c__Clostridia, o__Clostridiales, f__Lachnospiraceae,k__Bacteria; p__Firmicutes; c__Clostridia; o__Clostridiales; f__Lachnospiraceae; g__unclassified; s__unclassified; 28334; FJ366015.1 gg_id:367674 feces adult twins and mothers; TS25 clone TS25_a01g03, FJ366015.1 gg_id:367674 feces adult twins and mothers TS25 clone TS25_a01g03,10,371.5,0.419921875,0.7455067855825108,0.11417194984206981,1306.0,896.1840640311192,0.7131829113892982,0.9207147820005681,0.1111111111111111,True,1.0,11827.0,FMF,Male,Placebo-resistant (STRICT-ADAPTIVE)
19524, g__Lachnospira, s__unclassified, p__Firmicutes, c__Clostridia, o__Clostridiales, f__Lachnospiraceae,k__Bacteria; p__Firmicutes; c__Clostridia; o__Clostridiales; f__Lachnospiraceae; g__Lachnospira; s__unclassified; 19524; FJ368392.1 gg_id:369652 feces adult twins and mothers; TS3 clone TS3_a03h01, FJ368392.1 gg_id:369652 feces adult twins and mothers TS3 clone TS3_a03h01,10,224.0,0.625,0.8184138750961605,0.1622801112737645,964.0,1235.5933085607091,0.9025232501776794,0.9754023282151151,0.044444444444444446,True,1.0,11270.0,FMF,Male,Placebo-resistant (STRICT-ADAPTIVE)
26934, g__unclassified, s__unclassified, p__Firmicutes, c__Clostridia, o__Clostridiales, f__Ruminococcaceae,k__Bacteria; p__Firmicutes; c__Clostridia; o__Clostridiales; f__Ruminococcaceae; g__unclassified; s__unclassified; 26934; GQ491889.1 gg_id:560663 Effect Diet on Human Gut Microbiome: Metagenomic Humanized Gnotobiotic Mice cecal contents Mus musculus strain C57BL/6J; PM9t2 clone PM9t2_a03e08, GQ491889.1 gg_id:560663 Effect Diet on Human Gut Microbiome: Metagenomic Humanized Gnotobiotic Mice cecal contents Mus musculus strain C57BL/6J PM9t2 clone PM9t2_a03e08,10,100.5,0.6953125,0.848255880244983,0.06273090727864462,723.25,472.24782740986046,0.7750513736700824,0.9376534160753778,-0.08888888888888889,True,1.0,10102.0,FMF,Male,Placebo-resistant (STRICT-ADAPTIVE)
26420, g__Faecalibacterium, s__unclassified, p__Firmicutes, c__Clostridia, o__Clostridiales, f__Ruminococcaceae,k__Bacteria; p__Firmicutes; c__Clostridia; o__Clostridiales; f__Ruminococcaceae; g__Faecalibacterium; s__unclassified; 26420; GQ016078.1 gg_id:493589 Topographical and Temporal Human Skin Microbiome skin gluteal crease clone nbw820g12c1, GQ016078.1 gg_id:493589 Topographical and Temporal Human Skin Microbiome skin gluteal crease clone nbw820g12c1,10,128.0,0.275390625,0.7315836036008729,0.039662394256548605,234.75,576.3197882194688,0.9025232501776794,0.9754023282151151,-0.044444444444444446,True,1.0,13929.5,FMF,Male,Placebo-resistant (STRICT-ADAPTIVE)
30798, g__Corynebacterium, s__unclassified, p__Actinobacteria, c__Actinobacteria, o__Actinomycetales, f__Corynebacteriaceae,k__Bacteria; p__Actinobacteria; c__Actinobacteria; o__Actinomycetales; f__Corynebacteriaceae; g__Corynebacterium; s__unclassified; 30798; GQ054118.1 gg_id:432811 Topographical and Temporal Human Skin Microbiome skin buttock clone nbw1098g11c1, GQ054118.1 gg_id:432811 Topographical and Temporal Human Skin Microbiome skin buttock clone nbw1098g11c1,10,138.0,0.265625,0.7315836036008729,0.058352758254935966,486.25,733.3292295673056,1.0,1.0,0.0,True,1.0,11278.5,FMF,Male,Placebo-resistant (STRICT-ADAPTIVE)
45159, g__Clostridium, s__unclassified, p__Firmicutes, c__Clostridia, o__Clostridiales, f__Clostridiaceae,k__Bacteria; p__Firmicutes; c__Clostridia; o__Clostridiales; f__Clostridiaceae; g__Clostridium; s__unclassified; 45159; FJ679435.1 gg_id:517527 Synecology primary and secondary habitats Escherichia coli O157:H7 fecal MARC beef cattle feedlot animal #4017 pen 301; was positive STEC O157 clone 4-1M21, FJ679435.1 gg_id:517527 Synecology primary and secondary habitats Escherichia coli O157:H7 fecal MARC beef cattle feedlot animal #4017 pen 301 was positive STEC O157 clone 4-1M21,10,50.5,0.76953125,0.8836442490494296,0.05939991473367031,710.0,880.4414115557163,0.6533789106936937,0.9002109436224224,0.13333333333333333,True,1.0,11300.5,FMF,Male,Placebo-resistant (STRICT-ADAPTIVE)
58625, g__unclassified, s__unclassified, p__Gemmatimonadetes, c__Gemmatimonadetes, o__Gemmatimonadales, f__Gemmatimonadaceae,k__Bacteria; p__Gemmatimonadetes; c__Gemmatimonadetes; o__Gemmatimonadales; f__Gemmatimonadaceae; g__unclassified; s__unclassified; 58625; EF688378.1 gg_id:250371 soil clone F6-84, EF688378.1 gg_id:250371 soil clone F6-84,10,-36.0,0.921875,0.9628597924917722,0.07665195759211835,650.75,780.5676398934874,0.7750513736700824,0.9376534160753778,-0.08888888888888889,True,1.0,12496.0,FMF,Male,Placebo-resistant (STRICT-ADAPTIVE)
56093, g__Rubrobacter, s__unclassified, p__Actinobacteria, c__Actinobacteria, o__Rubrobacterales, f__Rubrobacteraceae,k__Bacteria; p__Actinobacteria; c__Actinobacteria; o__Rubrobacterales; f__Rubrobacteraceae; g__Rubrobacter; s__unclassified; 56093; EU132476.1 gg_id:251161 tallgrass prarie soil clone FFCH12333, EU132476.1 gg_id:251161 tallgrass prarie soil clone FFCH12333,10,170.0,0.431640625,0.7455067855825108,0.057012472818061016,698.25,648.5849262312873,0.7133031738784577,0.9207147820005681,-0.1111111111111111,True,1.0,11687.0,FMF,Male,Placebo-resistant (STRICT-ADAPTIVE)
26665, g__unclassified, s__unclassified, p__Firmicutes, c__Clostridia, o__Clostridiales, f__Ruminococcaceae,k__Bacteria; p__Firmicutes; c__Clostridia; o__Clostridiales; f__Ruminococcaceae; g__unclassified; s__unclassified; 26665; GQ079311.1 gg_id:435792 Topographical and Temporal Human Skin Microbiome skin occiput clone nbw1231c09c1, GQ079311.1 gg_id:435792 Topographical and Temporal Human Skin Microbiome skin occiput clone nbw1231c09c1,10,81.5,0.845703125,0.9248303534925827,0.05958103687699546,711.25,647.6140308719556,0.6533789106936937,0.9002109436224224,-0.13333333333333333,True,1.0,13831.5,FMF,Male,Placebo-resistant (STRICT-ADAPTIVE)
22611, g__unclassified, s__unclassified, p__Firmicutes, c__Clostridia, o__Clostridiales, f__Ruminococcaceae,k__Bacteria; p__Firmicutes; c__Clostridia; o__Clostridiales; f__Ruminococcaceae; g__unclassified; s__unclassified; 22611; EU344680.1 gg_id:264114 Foregut Fermentation Birds: Hoatzin Crop Supports Case Convergence Ruminants adult hoatzin crop clone hoa61_12g12, EU344680.1 gg_id:264114 Foregut Fermentation Birds: Hoatzin Crop Supports Case Convergence Ruminants adult hoatzin crop clone hoa61_12g12,10,114.5,0.16015625,0.7315836036008729,0.03463134770110599,245.5,398.62628654055305,0.967435545139537,0.9928887934220945,-0.022222222222222223,True,1.0,12632.0,FMF,Male,Placebo-resistant (STRICT-ADAPTIVE)
47724, g__Staphylococcus, s__Staphylococcus epidermidis, p__Firmicutes, c__Bacilli, o__Bacillales, f__Staphylococcaceae,k__Bacteria; p__Firmicutes; c__Bacilli; o__Bacillales; f__Staphylococcaceae; g__Staphylococcus; s__Staphylococcus epidermidis; 47724; GQ001928.1 gg_id:507732 Topographical and Temporal Human Skin Microbiome skin axillary vault clone nbu165h01c1, GQ001928.1 gg_id:507732 Topographical and Temporal Human Skin Microbiome skin axillary vault clone nbu165h01c1,10,-135.5,0.275390625,0.7315836036008729,0.037630814578686174,373.25,670.7167872060458,0.8382564863858263,0.9581536201140475,0.06666666666666667,True,1.0,13151.5,FMF,Male,Placebo-resistant (STRICT-ADAPTIVE)
45630, g__Clostridium, s__unclassified, p__Firmicutes, c__Clostridia, o__Clostridiales, f__Clostridiaceae,k__Bacteria; p__Firmicutes; c__Clostridia; o__Clostridiales; f__Clostridiaceae; g__Clostridium; s__unclassified; 45630; EU775687.1 gg_id:312729 Hedgehog feces clone HH_aai33b04, EU775687.1 gg_id:312729 Hedgehog feces clone HH_aai33b04,10,269.5,0.013671875,0.7315836036008729,0.029291099593448906,284.0,387.1237175216442,0.7750513736700824,0.9376534160753778,0.08888888888888889,True,1.0,13269.0,FMF,Male,Placebo-resistant (STRICT-ADAPTIVE)
68476, g__unclassified, s__unclassified, p__Bacteroidetes, c__Bacteroidia, o__Bacteroidales, f__RikenellaceaeII,k__Bacteria; p__Bacteroidetes; c__Bacteroidia; o__Bacteroidales; f__RikenellaceaeII; g__unclassified; s__unclassified; 68476; GU322884.1 gg_id:568069 Metaproteomics -temperature anaerobic granular sludge cultivated temperatures clone B2, GU322884.1 gg_id:568069 Metaproteomics -temperature anaerobic granular sludge cultivated temperatures clone B2,10,95.5,0.845703125,0.9248303534925827,0.07336267673240522,635.5,628.9028220294981,0.967435545139537,0.9928887934220945,-0.022222222222222223,True,1.0,12746.5,FMF,Male,Placebo-resistant (STRICT-ADAPTIVE)
72242, g__Lactobacillus, s__Lactobacillus crispatus, p__Firmicutes, c__Bacilli, o__Lactobacillales, f__Lactobacillaceae,k__Bacteria; p__Firmicutes; c__Bacilli; o__Lactobacillales; f__Lactobacillaceae; g__Lactobacillus; s__Lactobacillus crispatus; 72242; GQ011573.1 gg_id:498091 Topographical and Temporal Human Skin Microbiome skin occiput clone nbw793f10c1, GQ011573.1 gg_id:498091 Topographical and Temporal Human Skin Microbiome skin occiput clone nbw793f10c1,10,238.0,0.130859375,0.7315836036008729,0.02837452223241061,377.75,356.13873203352153,0.7438630522159773,0.9376534160753778,0.07777777777777778,True,1.0,13380.5,FMF,Male,Placebo-resistant (STRICT-ADAPTIVE)
20286, g__Eubacterium, s__unclassified, p__Firmicutes, c__Clostridia, o__Clostridiales, f__Lachnospiraceae,k__Bacteria; p__Firmicutes; c__Clostridia; o__Clostridiales; f__Lachnospiraceae; g__Eubacterium; s__unclassified; 20286; EU464338.1 gg_id:295189 hamadryas baboon feces clone AFBAB_aai03a06, EU464338.1 gg_id:295189 hamadryas baboon feces clone AFBAB_aai03a06,10,-122.0,0.375,0.7328566955432627,0.04647557695110628,183.5,397.08739743425645,0.967435545139537,0.9928887934220945,-0.022222222222222223,True,1.0,11611.0,FMF,Male,Placebo-resistant (STRICT-ADAPTIVE)
25999, g__Faecalibacterium, s__Faecalibacterium prausnitzii, p__Firmicutes, c__Clostridia, o__Clostridiales, f__Ruminococcaceae,k__Bacteria; p__Firmicutes; c__Clostridia; o__Clostridiales; f__Ruminococcaceae; g__Faecalibacterium; s__Faecalibacterium prausnitzii; 25999; GQ448805.1 gg_id:512975 Microbiome neonatal calves: shedding microorganisms fecal clone calf32_2wks_grp3_F03, GQ448805.1 gg_id:512975 Microbiome neonatal calves: shedding microorganisms fecal clone calf32_2wks_grp3_F03,10,170.5,0.431640625,0.7455067855825108,0.05930025014865198,371.0,818.6284497058344,0.8382564863858263,0.9581536201140475,0.06666666666666667,True,1.0,12199.0,FMF,Male,Placebo-resistant (STRICT-ADAPTIVE)
67805, g__Prevotella, s__unclassified, p__Bacteroidetes, c__Bacteroidia, o__Bacteroidales, f__Prevotellaceae,k__Bacteria; p__Bacteroidetes; c__Bacteroidia; o__Bacteroidales; f__Prevotellaceae; g__Prevotella; s__unclassified; 67805; FJ673935.1 gg_id:531755 Synecology primary and secondary habitats Escherichia coli O157:H7 fecal MARC beef cattle feedlot animal #4262 pen 301; was positive STEC O157 clone 130-6L24, FJ673935.1 gg_id:531755 Synecology primary and secondary habitats Escherichia coli O157:H7 fecal MARC beef cattle feedlot animal #4262 pen 301 was positive STEC O157 clone 130-6L24,10,111.5,0.76953125,0.8836442490494296,0.06877750569539065,537.0,896.91676546873,0.7750513736700824,0.9376534160753778,0.08888888888888889,True,1.0,13880.0,FMF,Male,Placebo-resistant (STRICT-ADAPTIVE)
54937, g__Akkermansia, s__Akkermansia muciniphila, p__Verrucomicrobia, c__Verrucomicrobiae, o__Verrucomicrobiales, f__Verrucomicrobiaceae,k__Bacteria; p__Verrucomicrobia; c__Verrucomicrobiae; o__Verrucomicrobiales; f__Verrucomicrobiaceae; g__Akkermansia; s__Akkermansia muciniphila; 54937; EF099597.1 gg_id:184418 mouse cecum clone SWPT4_aaa01f05, EF099597.1 gg_id:184418 mouse cecum clone SWPT4_aaa01f05,10,179.0,0.322265625,0.7315836036008729,0.02625261219990795,439.0,285.2286329420663,0.967435545139537,0.9928887934220945,0.022222222222222223,True,1.0,12291.5,FMF,Male,Placebo-resistant (STRICT-ADAPTIVE)
55401, g__Akkermansia, s__unclassified, p__Verrucomicrobia, c__Verrucomicrobiae, o__Verrucomicrobiales, f__Verrucomicrobiaceae,k__Bacteria; p__Verrucomicrobia; c__Verrucomicrobiae; o__Verrucomicrobiales; f__Verrucomicrobiaceae; g__Akkermansia; s__unclassified; 55401; GQ493064.1 gg_id:577245 Effect Diet on Human Gut Microbiome: Metagenomic Humanized Gnotobiotic Mice cecal contents Mus musculus strain C57BL/6J; PM9t2 clone PM9t2_a02d12, GQ493064.1 gg_id:577245 Effect Diet on Human Gut Microbiome: Metagenomic Humanized Gnotobiotic Mice cecal contents Mus musculus strain C57BL/6J PM9t2 clone PM9t2_a02d12,10,95.5,0.76953125,0.8836442490494296,0.032807615978987154,380.0,361.0448504241236,0.9025232501776794,0.9754023282151151,0.044444444444444446,True,1.0,12535.5,FMF,Male,Placebo-resistant (STRICT-ADAPTIVE)
8977, g__Diaphorobacter, s__unclassified, p__Proteobacteria, c__Betaproteobacteria, o__Burkholderiales, f__Comamonadaceae,k__Bacteria; p__Proteobacteria; c__Betaproteobacteria; o__Burkholderiales; f__Comamonadaceae; g__Diaphorobacter; s__unclassified; 8977; GQ007221.1 gg_id:502441 Topographical and Temporal Human Skin Microbiome skin antecubital fossa clone nbw102c10c1, GQ007221.1 gg_id:502441 Topographical and Temporal Human Skin Microbiome skin antecubital fossa clone nbw102c10c1,10,172.5,0.447265625,0.7635226801988401,0.06228187638270697,658.5,560.8138763945367,0.8382564863858263,0.9581536201140475,0.06666666666666667,True,1.0,11445.0,FMF,Male,Placebo-resistant (STRICT-ADAPTIVE)
50925, g__Veillonella, s__unclassified, p__Firmicutes, c__Clostridia, o__Clostridiales, f__Veillonellaceae,k__Bacteria; p__Firmicutes; c__Clostridia; o__Clostridiales; f__Veillonellaceae; g__Veillonella; s__unclassified; 50925; GQ019421.1 gg_id:490247 Topographical and Temporal Human Skin Microbiome skin umbilicus clone nbu189g11c1, GQ019421.1 gg_id:490247 Topographical and Temporal Human Skin Microbiome skin umbilicus clone nbu189g11c1,10,104.5,0.375,0.7328566955432627,0.09468083709693971,439.25,832.0769250930001,0.7133031738784577,0.9207147820005681,0.1111111111111111,True,1.0,12761.5,FMF,Male,Placebo-resistant (STRICT-ADAPTIVE)
49995, g__Dialister, s__unclassified, p__Firmicutes, c__Clostridia, o__Clostridiales, f__Veillonellaceae,k__Bacteria; p__Firmicutes; c__Clostridia; o__Clostridiales; f__Veillonellaceae; g__Dialister; s__unclassified; 49995; FM872697.1 gg_id:365104 occupant source house floor dust clone FA02F02, FM872697.1 gg_id:365104 occupant source house floor dust clone FA02F02,10,102.5,0.921875,0.9628597924917722,0.04158530168953017,649.0,441.6977738089448,0.7750513736700824,0.9376534160753778,-0.08888888888888889,True,1.0,13421.0,FMF,Male,Placebo-resistant (STRICT-ADAPTIVE)
25508, g__Faecalibacterium, s__Faecalibacterium prausnitzii, p__Firmicutes, c__Clostridia, o__Clostridiales, f__Ruminococcaceae,k__Bacteria; p__Firmicutes; c__Clostridia; o__Clostridiales; f__Ruminococcaceae; g__Faecalibacterium; s__Faecalibacterium prausnitzii; 25508; FJ674151.1 gg_id:531913 Synecology primary and secondary habitats Escherichia coli O157:H7 fecal MARC beef cattle feedlot animal #4262 pen 301; was positive STEC O157 clone 130-8A17, FJ674151.1 gg_id:531913 Synecology primary and secondary habitats Escherichia coli O157:H7 fecal MARC beef cattle feedlot animal #4262 pen 301 was positive STEC O157 clone 130-8A17,10,-11.5,0.6953125,0.848255880244983,0.0292766431681526,357.5,282.5119408371185,0.967435545139537,0.9928887934220945,-0.022222222222222223,True,1.0,13413.0,FMF,Male,Placebo-resistant (STRICT-ADAPTIVE)
4418, g__unclassified, s__unclassified, p__Proteobacteria, c__Gammaproteobacteria, o__Enterobacteriales, f__Enterobacteriaceae,k__Bacteria; p__Proteobacteria; c__Gammaproteobacteria; o__Enterobacteriales; f__Enterobacteriaceae; g__unclassified; s__unclassified; 4418; GQ025616.1 gg_id:409079 Topographical and Temporal Human Skin Microbiome skin antecubital fossa clone nbw891f09c1, GQ025616.1 gg_id:409079 Topographical and Temporal Human Skin Microbiome skin antecubital fossa clone nbw891f09c1,10,76.0,0.556640625,0.7914449891791329,0.051217011936239405,615.25,527.0363889197363,0.6533789106936937,0.9002109436224224,-0.13333333333333333,True,1.0,12776.0,FMF,Male,Placebo-resistant (STRICT-ADAPTIVE)
71842, g__unclassified, s__unclassified, p__Firmicutes, c__Clostridia, o__Clostridiales, f__Clostridiaceae,k__Bacteria; p__Firmicutes; c__Clostridia; o__Clostridiales; f__Clostridiaceae; g__unclassified; s__unclassified; 71842; EU775654.1 gg_id:310410 Hedgehog feces clone HH_aai36a02, EU775654.1 gg_id:310410 Hedgehog feces clone HH_aai36a02,10,229.0,0.083984375,0.7315836036008729,0.12556339032376124,1024.0,957.8241892266963,0.7750513736700824,0.9376534160753778,0.08888888888888889,True,1.0,10503.5,FMF,Male,Placebo-resistant (STRICT-ADAPTIVE)
5861, g__Citrobacter, s__unclassified, p__Proteobacteria, c__Gammaproteobacteria, o__Enterobacteriales, f__Enterobacteriaceae,k__Bacteria; p__Proteobacteria; c__Gammaproteobacteria; o__Enterobacteriales; f__Enterobacteriaceae; g__Citrobacter; s__unclassified; 5861; EU468065.1 gg_id:295328 cheetah feces clone CE2_b11_3, EU468065.1 gg_id:295328 cheetah feces clone CE2_b11_3,10,213.5,0.232421875,0.7315836036008729,0.05566865367281073,301.25,733.7813843645803,0.6533789106936937,0.9002109436224224,0.13333333333333333,True,1.0,10580.5,FMF,Male,Placebo-resistant (STRICT-ADAPTIVE)
26440, g__Faecalibacterium, s__unclassified, p__Firmicutes, c__Clostridia, o__Clostridiales, f__Ruminococcaceae,k__Bacteria; p__Firmicutes; c__Clostridia; o__Clostridiales; f__Ruminococcaceae; g__Faecalibacterium; s__unclassified; 26440; EF403606.1 gg_id:216458 human fecal clone SJTU_A2_04_26, EF403606.1 gg_id:216458 human fecal clone SJTU_A2_04_26,10,144.5,0.4921875,0.7635226801988401,0.06169392208794991,354.5,881.5875795461277,0.6533789106936937,0.9002109436224224,0.13333333333333333,True,1.0,14116.5,FMF,Male,Placebo-resistant (STRICT-ADAPTIVE)
61752, g__Rhizobium, s__unclassified, p__Proteobacteria, c__Alphaproteobacteria, o__Rhizobiales, f__Rhizobiaceae,k__Bacteria; p__Proteobacteria; c__Alphaproteobacteria; o__Rhizobiales; f__Rhizobiaceae; g__Rhizobium; s__unclassified; 61752; FJ528271.1 gg_id:573223 Rhizobium sp. str. Cs217, FJ528271.1 gg_id:573223 Rhizobium sp. str. Cs217,10,116.5,0.232421875,0.7315836036008729,0.04768075993742383,531.5,779.9184789315411,0.6533789106936937,0.9002109436224224,0.13333333333333333,True,1.0,10839.5,FMF,Male,Placebo-resistant (STRICT-ADAPTIVE)
56370, g__Rubrobacter, s__unclassified, p__Actinobacteria, c__Actinobacteria, o__Rubrobacterales, f__Rubrobacteraceae,k__Bacteria; p__Actinobacteria; c__Actinobacteria; o__Rubrobacterales; f__Rubrobacteraceae; g__Rubrobacter; s__unclassified; 56370; EU132752.1 gg_id:242600 tallgrass prarie soil clone FFCH12170, EU132752.1 gg_id:242600 tallgrass prarie soil clone FFCH12170,10,230.5,0.625,0.8184138750961605,0.12485662514355157,943.25,1239.4422798016856,0.9025232501776794,0.9754023282151151,0.044444444444444446,True,1.0,11573.0,FMF,Male,Placebo-resistant (STRICT-ADAPTIVE)
50076, g__Veillonella, s__Veillonella dispar, p__Firmicutes, c__Clostridia, o__Clostridiales, f__Veillonellaceae,k__Bacteria; p__Firmicutes; c__Clostridia; o__Clostridiales; f__Veillonellaceae; g__Veillonella; s__Veillonella dispar; 50076; GQ113978.1 gg_id:387664 Topographical and Temporal Human Skin Microbiome skin retroauricular crease clone nbw679h09c1, GQ113978.1 gg_id:387664 Topographical and Temporal Human Skin Microbiome skin retroauricular crease clone nbw679h09c1,10,78.5,0.845703125,0.9248303534925827,0.09946261899898856,457.75,894.0542904246178,0.8382564863858263,0.9581536201140475,0.06666666666666667,True,1.0,12614.0,FMF,Male,Placebo-resistant (STRICT-ADAPTIVE)
5014, g__unclassified, s__unclassified, p__Proteobacteria, c__Gammaproteobacteria, o__Enterobacteriales, f__Enterobacteriaceae,k__Bacteria; p__Proteobacteria; c__Gammaproteobacteria; o__Enterobacteriales; f__Enterobacteriaceae; g__unclassified; s__unclassified; 5014; EF620926.1 gg_id:254200 Escherichia coli str. WD02, EF620926.1 gg_id:254200 Escherichia coli str. WD02,10,112.0,0.322265625,0.7315836036008729,0.07299360478774287,737.5,742.7078764868162,0.7133031738784577,0.9207147820005681,0.1111111111111111,True,1.0,11293.5,FMF,Male,Placebo-resistant (STRICT-ADAPTIVE)
55271, g__Akkermansia, s__unclassified, p__Verrucomicrobia, c__Verrucomicrobiae, o__Verrucomicrobiales, f__Verrucomicrobiaceae,k__Bacteria; p__Verrucomicrobia; c__Verrucomicrobiae; o__Verrucomicrobiales; f__Verrucomicrobiaceae; g__Akkermansia; s__unclassified; 55271; GQ492737.1 gg_id:585879 Effect Diet on Human Gut Microbiome: Metagenomic Humanized Gnotobiotic Mice cecal contents Mus musculus strain C57BL/6J; PM1 clone PM1_a01d03, GQ492737.1 gg_id:585879 Effect Diet on Human Gut Microbiome: Metagenomic Humanized Gnotobiotic Mice cecal contents Mus musculus strain C57BL/6J PM1 clone PM1_a01d03,10,133.5,0.625,0.8184138750961605,0.032086099459066625,358.25,404.83763374825827,0.8382564863858263,0.9581536201140475,-0.06666666666666667,True,1.0,12174.5,FMF,Male,Placebo-resistant (STRICT-ADAPTIVE)
70130, g__unclassified, s__unclassified, p__Firmicutes, c__Clostridia, o__Clostridiales, f__Clostridiales Family XIII. Incertae Sedis,k__Bacteria; p__Firmicutes; c__Clostridia; o__Clostridiales; f__Clostridiales Family XIII. Incertae Sedis; g__unclassified; s__unclassified; 70130; GQ014713.1 gg_id:494953 Topographical and Temporal Human Skin Microbiome skin umbilicus clone nbw763c07c1, GQ014713.1 gg_id:494953 Topographical and Temporal Human Skin Microbiome skin umbilicus clone nbw763c07c1,10,392.5,0.048828125,0.7315836036008729,0.057134127194075936,614.5,713.9496713549057,0.8382564863858263,0.9581536201140475,0.06666666666666667,True,1.0,11559.5,FMF,Male,Placebo-resistant (STRICT-ADAPTIVE)
35042, g__Corynebacterium, s__unclassified, p__Actinobacteria, c__Actinobacteria, o__Actinomycetales, f__Corynebacteriaceae,k__Bacteria; p__Actinobacteria; c__Actinobacteria; o__Actinomycetales; f__Corynebacteriaceae; g__Corynebacterium; s__unclassified; 35042; GQ014413.1 gg_id:495254 Topographical and Temporal Human Skin Microbiome skin axillary vault clone nbw811a12c1, GQ014413.1 gg_id:495254 Topographical and Temporal Human Skin Microbiome skin axillary vault clone nbw811a12c1,10,-17.0,0.6953125,0.848255880244983,0.020853099163598322,133.5,186.2705783441568,1.0,1.0,-0.011111111111111112,True,1.0,13793.5,FMF,Male,Placebo-resistant (STRICT-ADAPTIVE)
26158, g__Faecalibacterium, s__unclassified, p__Firmicutes, c__Clostridia, o__Clostridiales, f__Ruminococcaceae,k__Bacteria; p__Firmicutes; c__Clostridia; o__Clostridiales; f__Ruminococcaceae; g__Faecalibacterium; s__unclassified; 26158; FJ366549.1 gg_id:368072 feces adult twins and mothers; TS27 clone TS27_a01a10, FJ366549.1 gg_id:368072 feces adult twins and mothers TS27 clone TS27_a01a10,10,89.0,0.4921875,0.7635226801988401,0.08896030660585698,337.25,791.3898108749358,0.9025232501776794,0.9754023282151151,0.044444444444444446,True,1.0,12778.5,FMF,Male,Placebo-resistant (STRICT-ADAPTIVE)
73027, g__Clostridium, s__unclassified, p__Firmicutes, c__Clostridia, o__Clostridiales, f__Clostridiaceae,k__Bacteria; p__Firmicutes; c__Clostridia; o__Clostridiales; f__Clostridiaceae; g__Clostridium; s__unclassified; 73027; EU073771.1 gg_id:248695 Microbial subsurface beds and methanogenic s coal enrichment clone ObedB-8G, EU073771.1 gg_id:248695 Microbial subsurface beds and methanogenic s coal enrichment clone ObedB-8G,10,213.0,0.275390625,0.7315836036008729,0.07860107693107737,842.5,623.87594673229,0.7133031738784577,0.9207147820005681,0.1111111111111111,True,1.0,11423.5,FMF,Male,Placebo-resistant (STRICT-ADAPTIVE)
44810, g__Clostridium, s__unclassified, p__Firmicutes, c__Clostridia, o__Clostridiales, f__Clostridiaceae,k__Bacteria; p__Firmicutes; c__Clostridia; o__Clostridiales; f__Clostridiaceae; g__Clostridium; s__unclassified; 44810; FJ681136.1 gg_id:512574 Synecology primary and secondary habitats Escherichia coli O157:H7 fecal MARC beef cattle feedlot animal #4281 pen 301; was positive STEC O157 clone 5-5M11, FJ681136.1 gg_id:512574 Synecology primary and secondary habitats Escherichia coli O157:H7 fecal MARC beef cattle feedlot animal #4281 pen 301 was positive STEC O157 clone 5-5M11,10,395.5,0.232421875,0.7315836036008729,0.06554781518884,795.25,546.736913697987,0.6533789106936937,0.9002109436224224,0.13333333333333333,True,1.0,12074.0,FMF,Male,Placebo-resistant (STRICT-ADAPTIVE)
5057, g__unclassified, s__unclassified, p__Proteobacteria, c__Gammaproteobacteria, o__Enterobacteriales, f__Enterobacteriaceae,k__Bacteria; p__Proteobacteria; c__Gammaproteobacteria; o__Enterobacteriales; f__Enterobacteriaceae; g__unclassified; s__unclassified; 5057; EU470953.1 gg_id:293383 red panda feces clone RP_2aaa01e06, EU470953.1 gg_id:293383 red panda feces clone RP_2aaa01e06,10,62.0,0.4921875,0.7635226801988401,0.061220586914094065,652.25,875.5876270279545,0.967435545139537,0.9928887934220945,-0.022222222222222223,True,1.0,11801.5,FMF,Male,Placebo-resistant (STRICT-ADAPTIVE)
11509, g__Aquabacterium, s__unclassified, p__Proteobacteria, c__Betaproteobacteria, o__Burkholderiales, f__Aquabacteriaceae,k__Bacteria; p__Proteobacteria; c__Betaproteobacteria; o__Burkholderiales; f__Aquabacteriaceae; g__Aquabacterium; s__unclassified; 11509; GQ103041.1 gg_id:402571 Topographical and Temporal Human Skin Microbiome skin toe web space clone nbw709a03c1, GQ103041.1 gg_id:402571 Topographical and Temporal Human Skin Microbiome skin toe web space clone nbw709a03c1,10,155.5,0.556640625,0.7914449891791329,0.046640858205989205,512.0,433.5902679309632,0.6533789106936937,0.9002109436224224,0.13333333333333333,True,1.0,13143.0,FMF,Male,Placebo-resistant (STRICT-ADAPTIVE)
13215, g__Aquabacterium, s__unclassified, p__Proteobacteria, c__Betaproteobacteria, o__Burkholderiales, f__Aquabacteriaceae,k__Bacteria; p__Proteobacteria; c__Betaproteobacteria; o__Burkholderiales; f__Aquabacteriaceae; g__Aquabacterium; s__unclassified; 13215; GQ098315.1 gg_id:444176 Topographical and Temporal Human Skin Microbiome skin manubrium clone nbw404b08c1, GQ098315.1 gg_id:444176 Topographical and Temporal Human Skin Microbiome skin manubrium clone nbw404b08c1,10,220.0,0.71484375,0.8708916894397813,0.08392693251613965,1213.25,1073.0625138302883,0.8382564863858263,0.9581536201140475,0.06666666666666667,True,1.0,10527.0,FMF,Male,Placebo-resistant (STRICT-ADAPTIVE)
11469, g__Aquabacterium, s__unclassified, p__Proteobacteria, c__Betaproteobacteria, o__Burkholderiales, f__Aquabacteriaceae,k__Bacteria; p__Proteobacteria; c__Betaproteobacteria; o__Burkholderiales; f__Aquabacteriaceae; g__Aquabacterium; s__unclassified; 11469; GQ105091.1 gg_id:425034 Topographical and Temporal Human Skin Microbiome skin volar forearm clone nbw526a04c1, GQ105091.1 gg_id:425034 Topographical and Temporal Human Skin Microbiome skin volar forearm clone nbw526a04c1,10,364.0,0.130859375,0.7315836036008729,0.08198073495425712,938.25,970.0393704747821,0.934896814773755,0.9928887934220945,-0.044444444444444446,True,1.0,11919.5,FMF,Male,Placebo-resistant (STRICT-ADAPTIVE)
55094, g__Akkermansia, s__unclassified, p__Verrucomicrobia, c__Verrucomicrobiae, o__Verrucomicrobiales, f__Verrucomicrobiaceae,k__Bacteria; p__Verrucomicrobia; c__Verrucomicrobiae; o__Verrucomicrobiales; f__Verrucomicrobiaceae; g__Akkermansia; s__unclassified; 55094; EF098506.1 gg_id:198546 mouse cecum clone SWPT15_aaa04e05, EF098506.1 gg_id:198546 mouse cecum clone SWPT15_aaa04e05,10,343.0,0.224609375,0.7315836036008729,0.07241266738127712,985.25,719.5900256434602,0.774955307165551,0.9376534160753778,0.08888888888888889,True,1.0,10911.5,FMF,Male,Placebo-resistant (STRICT-ADAPTIVE)
21772, g__unclassified, s__unclassified, p__Firmicutes, c__Clostridia, o__Clostridiales, f__Lachnospiraceae,k__Bacteria; p__Firmicutes; c__Clostridia; o__Clostridiales; f__Lachnospiraceae; g__unclassified; s__unclassified; 21772; EF099034.1 gg_id:177397 mouse cecum clone SWPT2_aaa01d02, EF099034.1 gg_id:177397 mouse cecum clone SWPT2_aaa01d02,10,153.0,0.431640625,0.7455067855825108,0.05684906708429021,358.0,493.61546946878485,0.7750513736700824,0.9376534160753778,-0.08888888888888889,True,1.0,10500.0,FMF,Male,Placebo-resistant (STRICT-ADAPTIVE)
5169, g__unclassified, s__unclassified, p__Proteobacteria, c__Gammaproteobacteria, o__Enterobacteriales, f__Enterobacteriaceae,k__Bacteria; p__Proteobacteria; c__Gammaproteobacteria; o__Enterobacteriales; f__Enterobacteriaceae; g__unclassified; s__unclassified; 5169; FJ405334.1 gg_id:366426 Escherichia coli str. 4061, FJ405334.1 gg_id:366426 Escherichia coli str. 4061,10,384.0,0.232421875,0.7315836036008729,0.16669527010007062,1709.75,1288.4601026031037,1.0,1.0,0.0,True,1.0,12544.5,FMF,Male,Placebo-resistant (STRICT-ADAPTIVE)
24591, g__Faecalibacterium, s__unclassified, p__Firmicutes, c__Clostridia, o__Clostridiales, f__Ruminococcaceae,k__Bacteria; p__Firmicutes; c__Clostridia; o__Clostridiales; f__Ruminococcaceae; g__Faecalibacterium; s__unclassified; 24591; FJ367962.1 gg_id:358593 feces adult twins and mothers; TS30 clone TS30_a01g09, FJ367962.1 gg_id:358593 feces adult twins and mothers TS30 clone TS30_a01g09,10,83.5,0.556640625,0.7914449891791329,0.035728744036353864,457.75,345.4156120273405,0.9024806826878791,0.9754023282151151,0.044444444444444446,True,1.0,13874.0,FMF,Male,Placebo-resistant (STRICT-ADAPTIVE)
26312, g__Faecalibacterium, s__Faecalibacterium prausnitzii, p__Firmicutes, c__Clostridia, o__Clostridiales, f__Ruminococcaceae,k__Bacteria; p__Firmicutes; c__Clostridia; o__Clostridiales; f__Ruminococcaceae; g__Faecalibacterium; s__Faecalibacterium prausnitzii; 26312; DQ808789.1 gg_id:182311 human fecal clone RL243_aai85c07, DQ808789.1 gg_id:182311 human fecal clone RL243_aai85c07,10,193.0,0.625,0.8184138750961605,0.051749398549813495,823.75,704.0933175281368,0.9025232501776794,0.9754023282151151,0.044444444444444446,True,1.0,12794.5,FMF,Male,Placebo-resistant (STRICT-ADAPTIVE)
12282, g__Aquabacterium, s__unclassified, p__Proteobacteria, c__Betaproteobacteria, o__Burkholderiales, f__Aquabacteriaceae,k__Bacteria; p__Proteobacteria; c__Betaproteobacteria; o__Burkholderiales; f__Aquabacteriaceae; g__Aquabacterium; s__unclassified; 12282; GQ015397.1 gg_id:494269 Topographical and Temporal Human Skin Microbiome skin palm clone nbw767h11c1, GQ015397.1 gg_id:494269 Topographical and Temporal Human Skin Microbiome skin palm clone nbw767h11c1,10,148.0,0.556640625,0.7914449891791329,0.13429890610490094,1446.0,1504.197612031079,0.8382564863858263,0.9581536201140475,-0.06666666666666667,True,1.0,12061.0,FMF,Male,Placebo-resistant (STRICT-ADAPTIVE)
69196, g__Paludibacter, s__unclassified, p__Bacteroidetes, c__Bacteroidia, o__Bacteroidales, f__Porphyromonadaceae,k__Bacteria; p__Bacteroidetes; c__Bacteroidia; o__Bacteroidales; f__Porphyromonadaceae; g__Paludibacter; s__unclassified; 69196; EU794092.1 gg_id:330762 bovine microbiota via oligonucleotide fingerprinting genes fecal clone EMP_O3, EU794092.1 gg_id:330762 bovine microbiota via oligonucleotide fingerprinting genes fecal clone EMP_O3,10,105.5,0.556640625,0.7914449891791329,0.1906153637601947,781.5,1364.2228417222263,1.0,1.0,0.0,True,1.0,9432.5,FMF,Male,Placebo-resistant (STRICT-ADAPTIVE)
3874, g__Acinetobacter, s__unclassified, p__Proteobacteria, c__Gammaproteobacteria, o__Pseudomonadales, f__Moraxellaceae,k__Bacteria; p__Proteobacteria; c__Gammaproteobacteria; o__Pseudomonadales; f__Moraxellaceae; g__Acinetobacter; s__unclassified; 3874; GQ045189.1 gg_id:445146 Topographical and Temporal Human Skin Microbiome skin interdigital web space clone nbu545g10c1, GQ045189.1 gg_id:445146 Topographical and Temporal Human Skin Microbiome skin interdigital web space clone nbu545g10c1,10,67.0,0.4921875,0.7635226801988401,0.03314735091118249,372.75,629.3118500296795,1.0,1.0,0.0,True,1.0,11899.0,FMF,Male,Placebo-resistant (STRICT-ADAPTIVE)
26025, g__Faecalibacterium, s__unclassified, p__Firmicutes, c__Clostridia, o__Clostridiales, f__Ruminococcaceae,k__Bacteria; p__Firmicutes; c__Clostridia; o__Clostridiales; f__Ruminococcaceae; g__Faecalibacterium; s__unclassified; 26025; FJ371264.1 gg_id:362859 feces adult twins and mothers; TS6 clone TS6_a02h08, FJ371264.1 gg_id:362859 feces adult twins and mothers TS6 clone TS6_a02h08,10,138.5,0.16015625,0.7315836036008729,0.040612572772580784,304.25,528.6505320614829,0.6533789106936937,0.9002109436224224,0.13333333333333333,True,1.0,13053.5,FMF,Male,Placebo-resistant (STRICT-ADAPTIVE)
70333, g__unclassified, s__unclassified, p__Firmicutes, c__Clostridia, o__Clostridiales, f__Lachnospiraceae,k__Bacteria; p__Firmicutes; c__Clostridia; o__Clostridiales; f__Lachnospiraceae; g__unclassified; s__unclassified; 70333; GQ502532.1 gg_id:583216 Effects Geographic Location on Formosan Subterranean Termite (FST) gut clone Cf4-48, GQ502532.1 gg_id:583216 Effects Geographic Location on Formosan Subterranean Termite (FST) gut clone Cf4-48,10,106.5,0.625,0.8184138750961605,0.034014282967897554,347.75,393.08527364936987,0.8382564863858263,0.9581536201140475,0.06666666666666667,True,1.0,13471.5,FMF,Male,Placebo-resistant (STRICT-ADAPTIVE)
70625, g__unclassified, s__unclassified, p__Firmicutes, c__Clostridia, o__Clostridiales, f__Lachnospiraceae,k__Bacteria; p__Firmicutes; c__Clostridia; o__Clostridiales; f__Lachnospiraceae; g__unclassified; s__unclassified; 70625; DQ796528.1 gg_id:191842 human fecal clone RL179aan74b10, DQ796528.1 gg_id:191842 human fecal clone RL179aan74b10,10,60.0,0.625,0.8184138750961605,0.0632764777974322,789.5,825.0307683158112,0.9025232501776794,0.9754023282151151,-0.044444444444444446,True,1.0,12430.5,FMF,Male,Placebo-resistant (STRICT-ADAPTIVE)
52638, g__unclassified, s__unclassified, p__Proteobacteria, c__Deltaproteobacteria, o__Syntrophobacterales, f__Syntrophaceae,k__Bacteria; p__Proteobacteria; c__Deltaproteobacteria; o__Syntrophobacterales; f__Syntrophaceae; g__unclassified; s__unclassified; 52638; EU592411.1 gg_id:535455 Seasonal changes Salton Sea hypersaline sediment clone SSS15N, EU592411.1 gg_id:535455 Seasonal changes Salton Sea hypersaline sediment clone SSS15N,10,203.0,0.10546875,0.7315836036008729,0.06915830071256382,652.75,594.7024785367703,0.7750513736700824,0.9376534160753778,0.08888888888888889,True,1.0,10184.0,FMF,Male,Placebo-resistant (STRICT-ADAPTIVE)
25933, g__unclassified, s__unclassified, p__Firmicutes, c__Clostridia, o__Clostridiales, f__Ruminococcaceae,k__Bacteria; p__Firmicutes; c__Clostridia; o__Clostridiales; f__Ruminococcaceae; g__unclassified; s__unclassified; 25933; FJ366231.1 gg_id:367348 feces adult twins and mothers; TS25 clone TS25_a04c05, FJ366231.1 gg_id:367348 feces adult twins and mothers TS25 clone TS25_a04c05,10,192.5,0.4921875,0.7635226801988401,0.05313356297833628,321.25,540.9601747674632,0.9025232501776794,0.9754023282151151,0.044444444444444446,True,1.0,13375.0,FMF,Male,Placebo-resistant (STRICT-ADAPTIVE)
45036, g__Clostridium, s__unclassified, p__Firmicutes, c__Clostridia, o__Clostridiales, f__Clostridiaceae,k__Bacteria; p__Firmicutes; c__Clostridia; o__Clostridiales; f__Clostridiaceae; g__Clostridium; s__unclassified; 45036; FJ678772.1 gg_id:525918 Synecology primary and secondary habitats Escherichia coli O157:H7 fecal MARC beef cattle feedlot animal #4017 pen 301; was positive STEC O157 clone 4-7G20, FJ678772.1 gg_id:525918 Synecology primary and secondary habitats Escherichia coli O157:H7 fecal MARC beef cattle feedlot animal #4017 pen 301 was positive STEC O157 clone 4-7G20,10,323.0,0.013671875,0.7315836036008729,0.06087557977321002,466.5,663.9284349954863,0.6533789106936937,0.9002109436224224,0.13333333333333333,True,1.0,10800.5,FMF,Male,Placebo-resistant (STRICT-ADAPTIVE)
50504, g__Dialister, s__unclassified, p__Firmicutes, c__Clostridia, o__Clostridiales, f__Veillonellaceae,k__Bacteria; p__Firmicutes; c__Clostridia; o__Clostridiales; f__Veillonellaceae; g__Dialister; s__unclassified; 50504; AY958942.1 gg_id:128228 Microbes on human vaginal epithelium clone rRNA169, AY958942.1 gg_id:128228 Microbes on human vaginal epithelium clone rRNA169,10,136.0,0.625,0.8184138750961605,0.024284058554435713,393.75,351.13521529936776,0.9025232501776794,0.9754023282151151,0.044444444444444446,True,1.0,13798.0,FMF,Male,Placebo-resistant (STRICT-ADAPTIVE)
51512, g__unclassified, s__unclassified, p__Acidobacteria, c__Acidobacteria, o__Acidobacteriales, f__Acidobacteriaceae,k__Bacteria; p__Acidobacteria; c__Acidobacteria; o__Acidobacteriales; f__Acidobacteriaceae; g__unclassified; s__unclassified; 51512; FJ466085.1 gg_id:548939 and carbon monoxide-oxidizing across successional on recent Hawaiian 1959 Kilauea volcanic deposit clone B127, FJ466085.1 gg_id:548939 and carbon monoxide-oxidizing across successional on recent Hawaiian 1959 Kilauea volcanic deposit clone B127,10,171.5,0.375,0.7328566955432627,0.038387012553541454,439.25,477.01784003908654,0.7133031738784577,0.9207147820005681,0.1111111111111111,True,1.0,12250.5,FMF,Male,Placebo-resistant (STRICT-ADAPTIVE)
28326, g__unclassified, s__unclassified, p__Firmicutes, c__Clostridia, o__Clostridiales, f__Lachnospiraceae,k__Bacteria; p__Firmicutes; c__Clostridia; o__Clostridiales; f__Lachnospiraceae; g__unclassified; s__unclassified; 28326; EF404664.1 gg_id:209153 human fecal clone SJTU_C_14_24, EF404664.1 gg_id:209153 human fecal clone SJTU_C_14_24,10,93.0,0.921875,0.9628597924917722,0.09597437410184097,724.5,1079.3593365304973,0.9025232501776794,0.9754023282151151,0.044444444444444446,True,1.0,13044.5,FMF,Male,Placebo-resistant (STRICT-ADAPTIVE)
44546, g__Clostridium, s__unclassified, p__Firmicutes, c__Clostridia, o__Clostridiales, f__Clostridiaceae,k__Bacteria; p__Firmicutes; c__Clostridia; o__Clostridiales; f__Clostridiaceae; g__Clostridium; s__unclassified; 44546; EU473216.1 gg_id:287467 giant panda feces clone GP_1aaa01d05, EU473216.1 gg_id:287467 giant panda feces clone GP_1aaa01d05,10,268.0,0.625,0.8184138750961605,0.041847184568921524,660.5,515.3532083370912,0.7750513736700824,0.9376534160753778,0.08888888888888889,True,1.0,13145.5,FMF,Male,Placebo-resistant (STRICT-ADAPTIVE)
50360, g__Collinsella, s__unclassified, p__Actinobacteria, c__Actinobacteria, o__Coriobacteriales, f__Coriobacteriaceae,k__Bacteria; p__Actinobacteria; c__Actinobacteria; o__Coriobacteriales; f__Coriobacteriaceae; g__Collinsella; s__unclassified; 50360; NZ_ABXH02000037.1 gg_id:470150 Collinsella intestinalis str. DSM 13280, NZ_ABXH02000037.1 gg_id:470150 Collinsella intestinalis str. DSM 13280,10,154.0,0.064453125,0.7315836036008729,0.024088843167829343,304.0,336.0574379741919,0.6533789106936937,0.9002109436224224,0.13333333333333333,True,1.0,13445.5,FMF,Male,Placebo-resistant (STRICT-ADAPTIVE)
71970, g__Lactobacillus, s__Lactobacillus fermentum, p__Firmicutes, c__Bacilli, o__Lactobacillales, f__Lactobacillaceae,k__Bacteria; p__Firmicutes; c__Bacilli; o__Lactobacillales; f__Lactobacillaceae; g__Lactobacillus; s__Lactobacillus fermentum; 71970; AF302116.1 gg_id:52471 Lactobacillus fermentum str. KLD, AF302116.1 gg_id:52471 Lactobacillus fermentum str. KLD,10,-3.0,0.845703125,0.9248303534925827,0.02451838068678734,250.5,437.22733552974984,0.967435545139537,0.9928887934220945,-0.022222222222222223,True,1.0,12767.0,FMF,Male,Placebo-resistant (STRICT-ADAPTIVE)
19758, g__Lachnospira, s__unclassified, p__Firmicutes, c__Clostridia, o__Clostridiales, f__Lachnospiraceae,k__Bacteria; p__Firmicutes; c__Clostridia; o__Clostridiales; f__Lachnospiraceae; g__Lachnospira; s__unclassified; 19758; EU768588.1 gg_id:314431 Pervasive effects antibiotic on human gut microbiota deep sequencing fecal clone C5_192, EU768588.1 gg_id:314431 Pervasive effects antibiotic on human gut microbiota deep sequencing fecal clone C5_192,10,335.5,0.6953125,0.848255880244983,0.09982153398826638,1618.75,985.685715902612,0.7133031738784577,0.9207147820005681,-0.1111111111111111,True,1.0,12280.0,FMF,Male,Placebo-resistant (STRICT-ADAPTIVE)
67091, g__Prevotella, s__unclassified, p__Bacteroidetes, c__Bacteroidia, o__Bacteroidales, f__Prevotellaceae,k__Bacteria; p__Bacteroidetes; c__Bacteroidia; o__Bacteroidales; f__Prevotellaceae; g__Prevotella; s__unclassified; 67091; FJ684964.1 gg_id:523901 Synecology primary and secondary habitats Escherichia coli O157:H7 fecal MARC beef cattle feedlot animal #4228 pen 301; was negative STEC O157 clone 6-1J9, FJ684964.1 gg_id:523901 Synecology primary and secondary habitats Escherichia coli O157:H7 fecal MARC beef cattle feedlot animal #4228 pen 301 was negative STEC O157 clone 6-1J9,10,206.0,0.625,0.8184138750961605,0.04133606976455211,461.5,836.0817887264379,0.7133031738784577,0.9207147820005681,0.1111111111111111,True,1.0,13357.5,FMF,Male,Placebo-resistant (STRICT-ADAPTIVE)
48366, g__unclassified, s__unclassified, p__Firmicutes, c__Clostridia, o__Clostridiales, f__Syntrophomonadaceae,k__Bacteria; p__Firmicutes; c__Clostridia; o__Clostridiales; f__Syntrophomonadaceae; g__unclassified; s__unclassified; 48366; AB274497.1 gg_id:203894 packed-bed reactor clone CFB-8, AB274497.1 gg_id:203894 packed-bed reactor clone CFB-8,10,168.5,0.275390625,0.7315836036008729,0.036984831256269855,377.5,376.84787241449743,0.7750513736700824,0.9376534160753778,0.08888888888888889,True,1.0,12471.5,FMF,Male,Placebo-resistant (STRICT-ADAPTIVE)
28245, g__unclassified, s__unclassified, p__Firmicutes, c__Clostridia, o__Clostridiales, f__Lachnospiraceae,k__Bacteria; p__Firmicutes; c__Clostridia; o__Clostridiales; f__Lachnospiraceae; g__unclassified; s__unclassified; 28245; DQ905419.1 gg_id:168661 human fecal clone 013C-E4, DQ905419.1 gg_id:168661 human fecal clone 013C-E4,10,336.5,0.431640625,0.7455067855825108,0.08670019692509895,490.25,924.6856291260409,0.7750513736700824,0.9376534160753778,0.08888888888888889,True,1.0,11546.0,FMF,Male,Placebo-resistant (STRICT-ADAPTIVE)
26642, g__unclassified, s__unclassified, p__Firmicutes, c__Clostridia, o__Clostridiales, f__Ruminococcaceae,k__Bacteria; p__Firmicutes; c__Clostridia; o__Clostridiales; f__Ruminococcaceae; g__unclassified; s__unclassified; 26642; EU469998.1 gg_id:296456 trancaspain urial feces clone TU1_aaa03e06, EU469998.1 gg_id:296456 trancaspain urial feces clone TU1_aaa03e06,10,13.5,0.6953125,0.848255880244983,0.06282483573761803,779.5,524.9728179471136,0.8382564863858263,0.9581536201140475,-0.06666666666666667,True,1.0,10404.5,FMF,Male,Placebo-resistant (STRICT-ADAPTIVE)
68321, g__unclassified, s__unclassified, p__Bacteroidetes, c__Bacteroidia, o__Bacteroidales, f__RikenellaceaeII,k__Bacteria; p__Bacteroidetes; c__Bacteroidia; o__Bacteroidales; f__RikenellaceaeII; g__unclassified; s__unclassified; 68321; EU462383.1 gg_id:296340 Sumatran orangutan feces clone orang1_aai53d11, EU462383.1 gg_id:296340 Sumatran orangutan feces clone orang1_aai53d11,10,-92.0,0.625,0.8184138750961605,0.0707485074424341,633.75,682.7599494868848,0.9025232501776794,0.9754023282151151,0.044444444444444446,True,1.0,9635.5,FMF,Male,Placebo-resistant (STRICT-ADAPTIVE)
17910, g__Roseburia, s__Eubacterium rectale, p__Firmicutes, c__Clostridia, o__Clostridiales, f__Lachnospiraceae,k__Bacteria; p__Firmicutes; c__Clostridia; o__Clostridiales; f__Lachnospiraceae; g__Roseburia; s__Eubacterium rectale; 17910; FJ363257.1 gg_id:358710 feces adult twins and mothers; TS149 clone TS149_a01b06, FJ363257.1 gg_id:358710 feces adult twins and mothers TS149 clone TS149_a01b06,10,127.0,0.921875,0.9628597924917722,0.1164238836467117,828.75,1190.9227744139323,0.7750513736700824,0.9376534160753778,-0.08888888888888889,True,1.0,13093.5,FMF,Male,Placebo-resistant (STRICT-ADAPTIVE)
22170, g__unclassified, s__unclassified, p__Firmicutes, c__Clostridia, o__Clostridiales, f__Ruminococcaceae,k__Bacteria; p__Firmicutes; c__Clostridia; o__Clostridiales; f__Ruminococcaceae; g__unclassified; s__unclassified; 22170; EU510699.1 gg_id:277228 cecal contents Mus musculus strain C57BL/6J; WD5 clone WD5_aak39e11, EU510699.1 gg_id:277228 cecal contents Mus musculus strain C57BL/6J WD5 clone WD5_aak39e11,10,62.5,0.6953125,0.848255880244983,0.03968472068316817,289.25,466.31292040622014,0.967435545139537,0.9928887934220945,0.022222222222222223,True,1.0,12112.0,FMF,Male,Placebo-resistant (STRICT-ADAPTIVE)
24700, g__Faecalibacterium, s__Faecalibacterium prausnitzii, p__Firmicutes, c__Clostridia, o__Clostridiales, f__Ruminococcaceae,k__Bacteria; p__Firmicutes; c__Clostridia; o__Clostridiales; f__Ruminococcaceae; g__Faecalibacterium; s__Faecalibacterium prausnitzii; 24700; DQ798149.1 gg_id:181186 human fecal clone RL302_aal96b04, DQ798149.1 gg_id:181186 human fecal clone RL302_aal96b04,10,111.5,0.556640625,0.7914449891791329,0.040606262330391385,402.0,730.8630238621249,0.6533789106936937,0.9002109436224224,0.13333333333333333,True,1.0,14442.5,FMF,Male,Placebo-resistant (STRICT-ADAPTIVE)
43780, g__Gemella, s__unclassified, p__Firmicutes, c__Bacilli, o__Gemellales, f__Gemellaceae,k__Bacteria; p__Firmicutes; c__Bacilli; o__Gemellales; f__Gemellaceae; g__Gemella; s__unclassified; 43780; GQ006635.1 gg_id:503029 Topographical and Temporal Human Skin Microbiome skin occiput clone nbu85h02c1, GQ006635.1 gg_id:503029 Topographical and Temporal Human Skin Microbiome skin occiput clone nbu85h02c1,10,149.5,0.16015625,0.7315836036008729,0.01816103741555482,329.0,202.0305532559095,0.934896814773755,0.9928887934220945,0.022222222222222223,True,1.0,13618.5,FMF,Male,Placebo-resistant (STRICT-ADAPTIVE)
50772, g__Veillonella, s__Veillonella parvula, p__Firmicutes, c__Clostridia, o__Clostridiales, f__Veillonellaceae,k__Bacteria; p__Firmicutes; c__Clostridia; o__Clostridiales; f__Veillonellaceae; g__Veillonella; s__Veillonella parvula; 50772; EF510428.1 gg_id:218682 Loss During Antibiotic Treatment 1 Intubated Patients Colonized Pseudomonas aeruginosa endotracheal aspirate clone P2D1-756, EF510428.1 gg_id:218682 Loss During Antibiotic Treatment 1 Intubated Patients Colonized Pseudomonas aeruginosa endotracheal aspirate clone P2D1-756,10,308.5,0.556640625,0.7914449891791329,0.12208890367199905,777.75,1054.6789711929723,0.967435545139537,0.9928887934220945,0.022222222222222223,True,1.0,11733.0,FMF,Male,Placebo-resistant (STRICT-ADAPTIVE)
50956, g__Veillonella, s__unclassified, p__Firmicutes, c__Clostridia, o__Clostridiales, f__Veillonellaceae,k__Bacteria; p__Firmicutes; c__Clostridia; o__Clostridiales; f__Veillonellaceae; g__Veillonella; s__unclassified; 50956; FJ558100.1 gg_id:517047 Survey Approach Assess Endotracheal Tube Biofilms and their Origins biofilm extubated endotracheal tube ICU patient clone ET_A_2f06, FJ558100.1 gg_id:517047 Survey Approach Assess Endotracheal Tube Biofilms and their Origins biofilm extubated endotracheal tube ICU patient clone ET_A_2f06,10,-119.0,0.431640625,0.7455067855825108,0.03687935889366888,356.25,320.2659539264898,0.8702263458891504,0.9754023282151151,-0.05555555555555555,True,1.0,12055.0,FMF,Male,Placebo-resistant (STRICT-ADAPTIVE)
6025, g__Klebsiella, s__unclassified, p__Proteobacteria, c__Gammaproteobacteria, o__Enterobacteriales, f__Enterobacteriaceae,k__Bacteria; p__Proteobacteria; c__Gammaproteobacteria; o__Enterobacteriales; f__Enterobacteriaceae; g__Klebsiella; s__unclassified; 6025; GQ155800.1 gg_id:537085 Human gut microbiome adopts alternative state bowel transplantation ileum intestinal transplant clone SHZH677, GQ155800.1 gg_id:537085 Human gut microbiome adopts alternative state bowel transplantation ileum intestinal transplant clone SHZH677,10,111.0,0.921875,0.9628597924917722,0.029376083841760787,341.0,329.9701939822242,0.7133031738784577,0.9207147820005681,-0.1111111111111111,True,1.0,12760.5,FMF,Male,Placebo-resistant (STRICT-ADAPTIVE)
70375, g__unclassified, s__unclassified, p__Firmicutes, c__Clostridia, o__Clostridiales, f__Lachnospiraceae,k__Bacteria; p__Firmicutes; c__Clostridia; o__Clostridiales; f__Lachnospiraceae; g__unclassified; s__unclassified; 70375; AY854303.1 gg_id:110359 herbivore gastrointestinal tract clone Thompsons105, AY854303.1 gg_id:110359 herbivore gastrointestinal tract clone Thompsons105,10,139.5,0.064453125,0.7315836036008729,0.04344570652309718,551.25,569.5563089360778,0.7133031738784577,0.9207147820005681,0.1111111111111111,True,1.0,12635.0,FMF,Male,Placebo-resistant (STRICT-ADAPTIVE)
68854, g__Bacteroides, s__Bacteroides acidifaciens, p__Bacteroidetes, c__Bacteroidia, o__Bacteroidales, f__Bacteroidaceae,k__Bacteria; p__Bacteroidetes; c__Bacteroidia; o__Bacteroidales; f__Bacteroidaceae; g__Bacteroides; s__Bacteroides acidifaciens; 68854; EU457210.1 gg_id:354314 Innate immunity and intestinal microbiota Type 1 diabetes mouse cecum clone H79S2_11e06, EU457210.1 gg_id:354314 Innate immunity and intestinal microbiota Type 1 diabetes mouse cecum clone H79S2_11e06,10,87.0,0.625,0.8184138750961605,0.07876661573292709,739.75,819.5386708583204,1.0,1.0,0.0,True,1.0,12692.0,FMF,Male,Placebo-resistant (STRICT-ADAPTIVE)
12326, g__Aquabacterium, s__unclassified, p__Proteobacteria, c__Betaproteobacteria, o__Burkholderiales, f__Aquabacteriaceae,k__Bacteria; p__Proteobacteria; c__Betaproteobacteria; o__Burkholderiales; f__Aquabacteriaceae; g__Aquabacterium; s__unclassified; 12326; GQ090536.1 gg_id:427225 Topographical and Temporal Human Skin Microbiome skin popliteal fossa clone nbw335c11c1, GQ090536.1 gg_id:427225 Topographical and Temporal Human Skin Microbiome skin popliteal fossa clone nbw335c11c1,10,75.5,0.193359375,0.7315836036008729,0.012773783205281454,99.25,160.45161148042942,1.0,1.0,0.0,True,1.0,14040.5,FMF,Male,Placebo-resistant (STRICT-ADAPTIVE)
21974, g__unclassified, s__unclassified, p__Firmicutes, c__Clostridia, o__Clostridiales, f__Ruminococcaceae,k__Bacteria; p__Firmicutes; c__Clostridia; o__Clostridiales; f__Ruminococcaceae; g__unclassified; s__unclassified; 21974; EU382039.1 gg_id:260436 Rumen eubacterial implicates Bacteroidetes major phylum rumen particulate phase fistulated Holstein heifer clone P5_D16, EU382039.1 gg_id:260436 Rumen eubacterial implicates Bacteroidetes major phylum rumen particulate phase fistulated Holstein heifer clone P5_D16,10,-34.0,0.826171875,0.9248303534925827,0.05180179087868099,692.75,665.6643495945318,0.9674212610240318,0.9928887934220945,0.022222222222222223,True,1.0,12397.0,FMF,Male,Placebo-resistant (STRICT-ADAPTIVE)
60044, g__Azospirillum, s__unclassified, p__Proteobacteria, c__Alphaproteobacteria, o__Rhodospirillales, f__Rhodospirillaceae,k__Bacteria; p__Proteobacteria; c__Alphaproteobacteria; o__Rhodospirillales; f__Rhodospirillaceae; g__Azospirillum; s__unclassified; 60044; AY118224.1 gg_id:63341 Azospirillum sp. str. DA2-3-1, AY118224.1 gg_id:63341 Azospirillum sp. str. DA2-3-1,10,-148.5,1.0,1.0,0.0375647176498184,460.5,362.32422062904436,0.7133031738784577,0.9207147820005681,-0.1111111111111111,True,1.0,11592.0,FMF,Male,Placebo-resistant (STRICT-ADAPTIVE)
50294, g__Veillonella, s__Veillonella dispar, p__Firmicutes, c__Clostridia, o__Clostridiales, f__Veillonellaceae,k__Bacteria; p__Firmicutes; c__Clostridia; o__Clostridiales; f__Veillonellaceae; g__Veillonella; s__Veillonella dispar; 50294; GQ032461.1 gg_id:463442 Topographical and Temporal Human Skin Microbiome skin volar forearm clone nbw906a08c1, GQ032461.1 gg_id:463442 Topographical and Temporal Human Skin Microbiome skin volar forearm clone nbw906a08c1,10,12.0,0.921875,0.9628597924917722,0.14073477390276873,1229.0,1380.8081761059757,1.0,1.0,0.0,True,1.0,11728.0,FMF,Male,Placebo-resistant (STRICT-ADAPTIVE)
17691, g__Roseburia, s__Eubacterium rectale, p__Firmicutes, c__Clostridia, o__Clostridiales, f__Lachnospiraceae,k__Bacteria; p__Firmicutes; c__Clostridia; o__Clostridiales; f__Lachnospiraceae; g__Roseburia; s__Eubacterium rectale; 17691; DQ905882.1 gg_id:168946 human fecal clone 29c-b1, DQ905882.1 gg_id:168946 human fecal clone 29c-b1,10,172.0,0.76953125,0.8836442490494296,0.09457389946647493,755.0,1076.2388024163906,0.7750513736700824,0.9376534160753778,0.08888888888888889,True,1.0,13325.0,FMF,Male,Placebo-resistant (STRICT-ADAPTIVE)
55738, g__Akkermansia, s__unclassified, p__Verrucomicrobia, c__Verrucomicrobiae, o__Verrucomicrobiales, f__Verrucomicrobiaceae,k__Bacteria; p__Verrucomicrobia; c__Verrucomicrobiae; o__Verrucomicrobiales; f__Verrucomicrobiaceae; g__Akkermansia; s__unclassified; 55738; GQ492710.1 gg_id:533891 Effect Diet on Human Gut Microbiome: Metagenomic Humanized Gnotobiotic Mice cecal contents Mus musculus strain C57BL/6J; PM9t2 clone PM9t2_a02e02, GQ492710.1 gg_id:533891 Effect Diet on Human Gut Microbiome: Metagenomic Humanized Gnotobiotic Mice cecal contents Mus musculus strain C57BL/6J PM9t2 clone PM9t2_a02e02,10,179.0,0.275390625,0.7315836036008729,0.19056312166155778,957.75,1300.0215765406017,0.967435545139537,0.9928887934220945,0.022222222222222223,True,1.0,10705.5,FMF,Male,Placebo-resistant (STRICT-ADAPTIVE)
30787, g__Corynebacterium, s__unclassified, p__Actinobacteria, c__Actinobacteria, o__Actinomycetales, f__Corynebacteriaceae,k__Bacteria; p__Actinobacteria; c__Actinobacteria; o__Actinomycetales; f__Corynebacteriaceae; g__Corynebacterium; s__unclassified; 30787; GQ017781.1 gg_id:491887 Topographical and Temporal Human Skin Microbiome skin inguinal crease clone nbu131e08c1, GQ017781.1 gg_id:491887 Topographical and Temporal Human Skin Microbiome skin inguinal crease clone nbu131e08c1,10,75.5,0.193359375,0.7315836036008729,0.012773783205281454,99.25,160.45161148042942,1.0,1.0,0.0,True,1.0,14040.5,FMF,Male,Placebo-resistant (STRICT-ADAPTIVE)
22308, g__unclassified, s__unclassified, p__Firmicutes, c__Clostridia, o__Clostridiales, f__Ruminococcaceae,k__Bacteria; p__Firmicutes; c__Clostridia; o__Clostridiales; f__Ruminococcaceae; g__unclassified; s__unclassified; 22308; EU775785.1 gg_id:348949 Horse feces clone horsem_aai93g06, EU775785.1 gg_id:348949 Horse feces clone horsem_aai93g06,10,51.5,0.6953125,0.848255880244983,0.029875658338635393,532.25,330.56299321679137,0.7133031738784577,0.9207147820005681,0.1111111111111111,True,1.0,12827.0,FMF,Male,Placebo-resistant (STRICT-ADAPTIVE)
46886, g__Staphylococcus, s__Staphylococcus epidermidis, p__Firmicutes, c__Bacilli, o__Bacillales, f__Staphylococcaceae,k__Bacteria; p__Firmicutes; c__Bacilli; o__Bacillales; f__Staphylococcaceae; g__Staphylococcus; s__Staphylococcus epidermidis; 46886; GQ099879.1 gg_id:418048 Topographical and Temporal Human Skin Microbiome skin alar crease clone nbw475c01c1, GQ099879.1 gg_id:418048 Topographical and Temporal Human Skin Microbiome skin alar crease clone nbw475c01c1,10,41.5,0.625,0.8184138750961605,0.0205376511720252,233.5,396.4339141003062,0.7133031738784577,0.9207147820005681,0.1111111111111111,True,1.0,13531.0,FMF,Male,Placebo-resistant (STRICT-ADAPTIVE)
17469, g__Roseburia, s__Eubacterium rectale, p__Firmicutes, c__Clostridia, o__Clostridiales, f__Lachnospiraceae,k__Bacteria; p__Firmicutes; c__Clostridia; o__Clostridiales; f__Lachnospiraceae; g__Roseburia; s__Eubacterium rectale; 17469; FJ371251.1 gg_id:363990 feces adult twins and mothers; TS6 clone TS6_a02g04, FJ371251.1 gg_id:363990 feces adult twins and mothers TS6 clone TS6_a02g04,10,139.5,1.0,1.0,0.07044672769982827,928.75,986.0008483295877,0.7133031738784577,0.9207147820005681,0.1111111111111111,True,1.0,13664.5,FMF,Male,Placebo-resistant (STRICT-ADAPTIVE)
53690, g__A4b, s__unclassified, p__Chloroflexi, c__Anaerolineae, o__Anaerolineales, f__Anaerolinaceae,k__Bacteria; p__Chloroflexi; c__Anaerolineae; o__Anaerolineales; f__Anaerolinaceae; g__A4b; s__unclassified; 53690; EU134013.1 gg_id:248412 tallgrass prarie soil clone FFCH5168, EU134013.1 gg_id:248412 tallgrass prarie soil clone FFCH5168,10,-82.5,0.275390625,0.7315836036008729,0.01443207986356001,177.5,174.61624620865035,0.7750513736700824,0.9376534160753778,0.08888888888888889,True,1.0,14246.0,FMF,Male,Placebo-resistant (STRICT-ADAPTIVE)
44878, g__Streptococcus, s__Streptococcus salivarius, p__Firmicutes, c__Bacilli, o__Lactobacillales, f__Streptococcaceae,k__Bacteria; p__Firmicutes; c__Bacilli; o__Lactobacillales; f__Streptococcaceae; g__Streptococcus; s__Streptococcus salivarius; 44878; GQ073188.1 gg_id:377770 Topographical and Temporal Human Skin Microbiome skin palm clone nbw206b04c1, GQ073188.1 gg_id:377770 Topographical and Temporal Human Skin Microbiome skin palm clone nbw206b04c1,10,-45.5,1.0,1.0,0.03741658862980246,544.5,385.73160889261965,0.7750513736700824,0.9376534160753778,0.08888888888888889,True,1.0,13413.0,FMF,Male,Placebo-resistant (STRICT-ADAPTIVE)
50308, g__Veillonella, s__Veillonella dispar, p__Firmicutes, c__Clostridia, o__Clostridiales, f__Veillonellaceae,k__Bacteria; p__Firmicutes; c__Clostridia; o__Clostridiales; f__Veillonellaceae; g__Veillonella; s__Veillonella dispar; 50308; GQ073357.1 gg_id:459514 Topographical and Temporal Human Skin Microbiome skin palm clone nbw208b01c1, GQ073357.1 gg_id:459514 Topographical and Temporal Human Skin Microbiome skin palm clone nbw208b01c1,10,75.5,0.76953125,0.8836442490494296,0.11858690217458226,710.75,1171.3726291720043,0.9025232501776794,0.9754023282151151,0.044444444444444446,True,1.0,12493.0,FMF,Male,Placebo-resistant (STRICT-ADAPTIVE)
70240, g__unclassified, s__unclassified, p__Firmicutes, c__Clostridia, o__Clostridiales, f__Lachnospiraceae,k__Bacteria; p__Firmicutes; c__Clostridia; o__Clostridiales; f__Lachnospiraceae; g__unclassified; s__unclassified; 70240; EU775509.1 gg_id:306730 Western lowland gorilla feces clone GOR_aag73e05, EU775509.1 gg_id:306730 Western lowland gorilla feces clone GOR_aag73e05,10,153.5,0.431640625,0.7455067855825108,0.04709178247973515,563.0,524.0135242359897,0.6533789106936937,0.9002109436224224,0.13333333333333333,True,1.0,12839.0,FMF,Male,Placebo-resistant (STRICT-ADAPTIVE)
33671, g__Corynebacterium, s__unclassified, p__Actinobacteria, c__Actinobacteria, o__Actinomycetales, f__Corynebacteriaceae,k__Bacteria; p__Actinobacteria; c__Actinobacteria; o__Actinomycetales; f__Corynebacteriaceae; g__Corynebacterium; s__unclassified; 33671; GQ036643.1 gg_id:426710 Topographical and Temporal Human Skin Microbiome skin inguinal crease clone nbu367b11c1, GQ036643.1 gg_id:426710 Topographical and Temporal Human Skin Microbiome skin inguinal crease clone nbu367b11c1,10,43.5,0.232421875,0.7315836036008729,0.006646327680463655,57.5,111.68783737622365,0.7750513736700824,0.9376534160753778,0.08888888888888889,True,1.0,14406.5,FMF,Male,Placebo-resistant (STRICT-ADAPTIVE)
22011, g__unclassified, s__unclassified, p__Firmicutes, c__Clostridia, o__Clostridiales, f__Ruminococcaceae,k__Bacteria; p__Firmicutes; c__Clostridia; o__Clostridiales; f__Ruminococcaceae; g__unclassified; s__unclassified; 22011; EU772027.1 gg_id:354741 Argali sheep feces clone AS1_aao37a07.Contig1, EU772027.1 gg_id:354741 Argali sheep feces clone AS1_aao37a07.Contig1,10,112.0,0.556640625,0.7914449891791329,0.029996062106467783,379.5,308.3284780590697,0.8382564863858263,0.9581536201140475,0.06666666666666667,True,1.0,13108.0,FMF,Male,Placebo-resistant (STRICT-ADAPTIVE)
52353, g__Ktedonobacter, s__unclassified, p__Chloroflexi, c__Ktedonobacteria, o__Ktedonobacteriales, f__Ktedonobacteraceae,k__Bacteria; p__Chloroflexi; c__Ktedonobacteria; o__Ktedonobacteriales; f__Ktedonobacteraceae; g__Ktedonobacter; s__unclassified; 52353; EU134187.1 gg_id:238971 tallgrass prarie soil clone FFCH11515, EU134187.1 gg_id:238971 tallgrass prarie soil clone FFCH11515,10,32.0,0.6953125,0.848255880244983,0.07125499352870839,824.25,630.9254621092556,0.6533789106936937,0.9002109436224224,0.13333333333333333,True,1.0,10747.5,FMF,Male,Placebo-resistant (STRICT-ADAPTIVE)
49992, g__Veillonella, s__Veillonella parvula, p__Firmicutes, c__Clostridia, o__Clostridiales, f__Veillonellaceae,k__Bacteria; p__Firmicutes; c__Clostridia; o__Clostridiales; f__Veillonellaceae; g__Veillonella; s__Veillonella parvula; 49992; GQ006633.1 gg_id:503031 Topographical and Temporal Human Skin Microbiome skin occiput clone nbu85g12c1, GQ006633.1 gg_id:503031 Topographical and Temporal Human Skin Microbiome skin occiput clone nbu85g12c1,10,48.0,1.0,1.0,0.047583061862005234,699.25,550.4635143030725,0.8382564863858263,0.9581536201140475,0.06666666666666667,True,1.0,12704.5,FMF,Male,Placebo-resistant (STRICT-ADAPTIVE)
44940, g__Clostridium, s__unclassified, p__Firmicutes, c__Clostridia, o__Clostridiales, f__Clostridiaceae,k__Bacteria; p__Firmicutes; c__Clostridia; o__Clostridiales; f__Clostridiaceae; g__Clostridium; s__unclassified; 44940; GQ359970.1 gg_id:582866 Microbial intestinal contents and mucus yel catfish (Pelteobagrus fulvidraco) intestine content clone IC7, GQ359970.1 gg_id:582866 Microbial intestinal contents and mucus yel catfish (Pelteobagrus fulvidraco) intestine content clone IC7,10,326.5,0.431640625,0.7455067855825108,0.05354267176658704,472.0,918.7636613744705,0.967435545139537,0.9928887934220945,0.022222222222222223,True,1.0,12025.5,FMF,Male,Placebo-resistant (STRICT-ADAPTIVE)
24548, g__Faecalibacterium, s__Faecalibacterium prausnitzii, p__Firmicutes, c__Clostridia, o__Clostridiales, f__Ruminococcaceae,k__Bacteria; p__Firmicutes; c__Clostridia; o__Clostridiales; f__Ruminococcaceae; g__Faecalibacterium; s__Faecalibacterium prausnitzii; 24548; DQ798178.1 gg_id:183655 human fecal clone RL302_aal96d12, DQ798178.1 gg_id:183655 human fecal clone RL302_aal96d12,10,151.5,0.76953125,0.8836442490494296,0.04289698736807661,319.5,740.6549934341151,0.6533789106936937,0.9002109436224224,0.13333333333333333,True,1.0,13892.0,FMF,Male,Placebo-resistant (STRICT-ADAPTIVE)
50234, g__Veillonella, s__Veillonella parvula, p__Firmicutes, c__Clostridia, o__Clostridiales, f__Veillonellaceae,k__Bacteria; p__Firmicutes; c__Clostridia; o__Clostridiales; f__Veillonellaceae; g__Veillonella; s__Veillonella parvula; 50234; EU766448.1 gg_id:328607 Pervasive effects antibiotic on human gut microbiota deep sequencing fecal clone B5_047, EU766448.1 gg_id:328607 Pervasive effects antibiotic on human gut microbiota deep sequencing fecal clone B5_047,10,189.0,0.232421875,0.7315836036008729,0.09732079276543941,987.5,814.1163839921442,1.0,1.0,0.0,True,1.0,12152.5,FMF,Male,Placebo-resistant (STRICT-ADAPTIVE)
24853, g__Faecalibacterium, s__unclassified, p__Firmicutes, c__Clostridia, o__Clostridiales, f__Ruminococcaceae,k__Bacteria; p__Firmicutes; c__Clostridia; o__Clostridiales; f__Ruminococcaceae; g__Faecalibacterium; s__unclassified; 24853; FJ365643.1 gg_id:369286 feces adult twins and mothers; TS21 clone TS21_a01c10, FJ365643.1 gg_id:369286 feces adult twins and mothers TS21 clone TS21_a01c10,10,127.5,0.6953125,0.848255880244983,0.06924465748342525,734.25,978.104940364558,0.7750513736700824,0.9376534160753778,0.08888888888888889,True,1.0,12169.0,FMF,Male,Placebo-resistant (STRICT-ADAPTIVE)
54383, g__sfC, s__unclassified, p__Verrucomicrobia, c__Verruco-5, o__RFP12, f__unclassified,k__Bacteria; p__Verrucomicrobia; c__Verruco-5; o__RFP12; f__unclassified; g__sfC; s__unclassified; 54383; EU864491.1 gg_id:327984 structures under selection pressure levels antibiotics Xiao River receiving treated oxytetracycline production wastewater clone E26, EU864491.1 gg_id:327984 structures under selection pressure levels antibiotics Xiao River receiving treated oxytetracycline production wastewater clone E26,10,221.5,0.130859375,0.7315836036008729,0.07433592611340172,554.5,684.5246299407754,0.7133031738784577,0.9207147820005681,-0.1111111111111111,True,1.0,11056.0,FMF,Male,Placebo-resistant (STRICT-ADAPTIVE)
52099, g__unclassified, s__unclassified, p__Proteobacteria, c__Deltaproteobacteria, o__Syntrophobacterales, f__Syntrophobacteraceae,k__Bacteria; p__Proteobacteria; c__Deltaproteobacteria; o__Syntrophobacterales; f__Syntrophobacteraceae; g__unclassified; s__unclassified; 52099; GQ259289.1 gg_id:564500 Microbial activities coastal marine sediments and water column Svalbard deep sediment clone sediment_deep34, GQ259289.1 gg_id:564500 Microbial activities coastal marine sediments and water column Svalbard deep sediment clone sediment_deep34,10,4.0,0.845703125,0.9248303534925827,0.017473612990397888,183.25,180.79205696662183,0.9025232501776794,0.9754023282151151,0.044444444444444446,True,1.0,12778.0,FMF,Male,Placebo-resistant (STRICT-ADAPTIVE)
24679, g__Faecalibacterium, s__Faecalibacterium prausnitzii, p__Firmicutes, c__Clostridia, o__Clostridiales, f__Ruminococcaceae,k__Bacteria; p__Firmicutes; c__Clostridia; o__Clostridiales; f__Ruminococcaceae; g__Faecalibacterium; s__Faecalibacterium prausnitzii; 24679; FJ678815.1 gg_id:532216 Synecology primary and secondary habitats Escherichia coli O157:H7 fecal MARC beef cattle feedlot animal #4017 pen 301; was positive STEC O157 clone 4-7K9, FJ678815.1 gg_id:532216 Synecology primary and secondary habitats Escherichia coli O157:H7 fecal MARC beef cattle feedlot animal #4017 pen 301 was positive STEC O157 clone 4-7K9,10,92.0,0.083984375,0.7315836036008729,0.07178723399796158,144.0,912.3909454717801,0.7133031738784577,0.9207147820005681,0.1111111111111111,True,1.0,13409.5,FMF,Male,Placebo-resistant (STRICT-ADAPTIVE)
50284, g__Dialister, s__unclassified, p__Firmicutes, c__Clostridia, o__Clostridiales, f__Veillonellaceae,k__Bacteria; p__Firmicutes; c__Clostridia; o__Clostridiales; f__Veillonellaceae; g__Dialister; s__unclassified; 50284; DQ796597.1 gg_id:184999 human fecal clone RL179aan75f02, DQ796597.1 gg_id:184999 human fecal clone RL179aan75f02,10,71.0,0.57421875,0.814273846940321,0.027705182352365125,344.0,343.8216500341743,0.967435545139537,0.9928887934220945,-0.022222222222222223,True,1.0,13642.5,FMF,Male,Placebo-resistant (STRICT-ADAPTIVE)
28292, g__unclassified, s__unclassified, p__Firmicutes, c__Clostridia, o__Clostridiales, f__Lachnospiraceae,k__Bacteria; p__Firmicutes; c__Clostridia; o__Clostridiales; f__Lachnospiraceae; g__unclassified; s__unclassified; 28292; EU509847.1 gg_id:260454 cecal contents Mus musculus strain C57BL/6J; WD11 clone WD11_aak22d05, EU509847.1 gg_id:260454 cecal contents Mus musculus strain C57BL/6J WD11 clone WD11_aak22d05,10,-150.0,0.5390625,0.7914449891791329,0.08421295662082223,468.75,846.5844771820208,0.7128212146058353,0.9207147820005681,0.1,True,1.0,13155.5,FMF,Male,Placebo-resistant (STRICT-ADAPTIVE)
25919, g__Faecalibacterium, s__Faecalibacterium prausnitzii, p__Firmicutes, c__Clostridia, o__Clostridiales, f__Ruminococcaceae,k__Bacteria; p__Firmicutes; c__Clostridia; o__Clostridiales; f__Ruminococcaceae; g__Faecalibacterium; s__Faecalibacterium prausnitzii; 25919; FJ363414.1 gg_id:369631 feces adult twins and mothers; TS149 clone TS149_a03a02, FJ363414.1 gg_id:369631 feces adult twins and mothers TS149 clone TS149_a03a02,10,28.5,0.6953125,0.848255880244983,0.0314276089349253,231.75,436.426459733545,0.6240539694958962,0.9002109436224224,0.13333333333333333,True,1.0,12867.5,FMF,Male,Placebo-resistant (STRICT-ADAPTIVE)
12737, g__Aquabacterium, s__unclassified, p__Proteobacteria, c__Betaproteobacteria, o__Burkholderiales, f__Aquabacteriaceae,k__Bacteria; p__Proteobacteria; c__Betaproteobacteria; o__Burkholderiales; f__Aquabacteriaceae; g__Aquabacterium; s__unclassified; 12737; GQ094196.1 gg_id:453201 Topographical and Temporal Human Skin Microbiome skin alar crease clone nbw371a09c1, GQ094196.1 gg_id:453201 Topographical and Temporal Human Skin Microbiome skin alar crease clone nbw371a09c1,10,-68.0,0.6953125,0.848255880244983,0.0657880001015663,929.25,832.628664315612,0.9025232501776794,0.9754023282151151,0.044444444444444446,True,1.0,10303.5,FMF,Male,Placebo-resistant (STRICT-ADAPTIVE)
24787, g__Faecalibacterium, s__Faecalibacterium prausnitzii, p__Firmicutes, c__Clostridia, o__Clostridiales, f__Ruminococcaceae,k__Bacteria; p__Firmicutes; c__Clostridia; o__Clostridiales; f__Ruminococcaceae; g__Faecalibacterium; s__Faecalibacterium prausnitzii; 24787; DQ807022.1 gg_id:187683 human fecal clone RL244_aaj45c02, DQ807022.1 gg_id:187683 human fecal clone RL244_aaj45c02,10,156.5,0.556640625,0.7914449891791329,0.04033368832090878,477.0,752.2022981914137,0.9025232501776794,0.9754023282151151,0.044444444444444446,True,1.0,14013.0,FMF,Male,Placebo-resistant (STRICT-ADAPTIVE)
26565, g__Faecalibacterium, s__Faecalibacterium prausnitzii, p__Firmicutes, c__Clostridia, o__Clostridiales, f__Ruminococcaceae,k__Bacteria; p__Firmicutes; c__Clostridia; o__Clostridiales; f__Ruminococcaceae; g__Faecalibacterium; s__Faecalibacterium prausnitzii; 26565; FJ682388.1 gg_id:514957 Synecology primary and secondary habitats Escherichia coli O157:H7 fecal MARC beef cattle feedlot animal #4351 pen 301; was negative STEC O157 clone 8-3D12, FJ682388.1 gg_id:514957 Synecology primary and secondary habitats Escherichia coli O157:H7 fecal MARC beef cattle feedlot animal #4351 pen 301 was negative STEC O157 clone 8-3D12,10,115.5,0.4921875,0.7635226801988401,0.048206872156450704,310.5,777.7831935671763,0.6829598733032564,0.9207147820005681,0.1111111111111111,True,1.0,14073.0,FMF,Male,Placebo-resistant (STRICT-ADAPTIVE)
70479, g__Helcococcus, s__unclassified, p__Firmicutes, c__Clostridia, o__Clostridiales, f__Clostridiales Family XI. Incertae Sedis,k__Bacteria; p__Firmicutes; c__Clostridia; o__Clostridiales; f__Clostridiales Family XI. Incertae Sedis; g__Helcococcus; s__unclassified; 70479; FJ959504.1 gg_id:586313 bottlenose dolphin upper respiratory tract blowhole clone D896_088, FJ959504.1 gg_id:586313 bottlenose dolphin upper respiratory tract blowhole clone D896_088,10,100.0,0.625,0.8184138750961605,0.03315703304539847,435.75,354.98146255199794,0.9025232501776794,0.9754023282151151,0.044444444444444446,True,1.0,11675.5,FMF,Male,Placebo-resistant (STRICT-ADAPTIVE)
53532, g__sfG, s__unclassified, p__Proteobacteria, c__Deltaproteobacteria, o__NB1-j, f__unclassified,k__Bacteria; p__Proteobacteria; c__Deltaproteobacteria; o__NB1-j; f__unclassified; g__sfG; s__unclassified; 53532; EU287101.1 gg_id:255323 Pacific arctic surface sediment clone P13-8, EU287101.1 gg_id:255323 Pacific arctic surface sediment clone P13-8,10,175.5,0.16015625,0.7315836036008729,0.0920673949167467,636.0,849.3605091995847,0.967435545139537,0.9928887934220945,-0.022222222222222223,True,1.0,11537.0,FMF,Male,Placebo-resistant (STRICT-ADAPTIVE)
19473, g__Clostridium, s__unclassified, p__Firmicutes, c__Clostridia, o__Clostridiales, f__Lachnospiraceae,k__Bacteria; p__Firmicutes; c__Clostridia; o__Clostridiales; f__Lachnospiraceae; g__Clostridium; s__unclassified; 19473; EF614857.1 gg_id:232638 Obesity alters gut microbial ecology cecum mother 1 mouse offspring genotype ob/ob clone C14_g01_2, EF614857.1 gg_id:232638 Obesity alters gut microbial ecology cecum mother 1 mouse offspring genotype ob/ob clone C14_g01_2,10,79.0,0.375,0.7328566955432627,0.033195322076645245,548.5,320.5306078659086,0.967435545139537,0.9928887934220945,0.022222222222222223,True,1.0,13126.0,FMF,Male,Placebo-resistant (STRICT-ADAPTIVE)
28360, g__unclassified, s__unclassified, p__Firmicutes, c__Clostridia, o__Clostridiales, f__Lachnospiraceae,k__Bacteria; p__Firmicutes; c__Clostridia; o__Clostridiales; f__Lachnospiraceae; g__unclassified; s__unclassified; 28360; FJ679911.1 gg_id:530129 Synecology primary and secondary habitats Escherichia coli O157:H7 fecal MARC beef cattle feedlot animal #4017 pen 301; was positive STEC O157 clone 4-3F9, FJ679911.1 gg_id:530129 Synecology primary and secondary habitats Escherichia coli O157:H7 fecal MARC beef cattle feedlot animal #4017 pen 301 was positive STEC O157 clone 4-3F9,10,-44.0,1.0,1.0,0.09285351110301845,544.75,948.8053691815712,0.9025232501776794,0.9754023282151151,0.044444444444444446,True,1.0,10369.5,FMF,Male,Placebo-resistant (STRICT-ADAPTIVE)
24498, g__Faecalibacterium, s__unclassified, p__Firmicutes, c__Clostridia, o__Clostridiales, f__Ruminococcaceae,k__Bacteria; p__Firmicutes; c__Clostridia; o__Clostridiales; f__Ruminococcaceae; g__Faecalibacterium; s__unclassified; 24498; EU765882.1 gg_id:343729 Pervasive effects antibiotic on human gut microbiota deep sequencing fecal clone B4_765, EU765882.1 gg_id:343729 Pervasive effects antibiotic on human gut microbiota deep sequencing fecal clone B4_765,10,194.0,0.275390625,0.7315836036008729,0.07404176629972042,258.5,1068.1754111594014,0.8382564863858263,0.9581536201140475,0.06666666666666667,True,1.0,12750.0,FMF,Male,Placebo-resistant (STRICT-ADAPTIVE)
22260, g__unclassified, s__unclassified, p__Firmicutes, c__Clostridia, o__Clostridiales, f__Ruminococcaceae,k__Bacteria; p__Firmicutes; c__Clostridia; o__Clostridiales; f__Ruminococcaceae; g__unclassified; s__unclassified; 22260; AB192035.1 gg_id:143918 termite gut homogenate clone M2PB4-66, AB192035.1 gg_id:143918 termite gut homogenate clone M2PB4-66,10,98.0,0.625,0.8184138750961605,0.08461109142144453,466.5,813.4727384491752,0.6533789106936937,0.9002109436224224,0.13333333333333333,True,1.0,11251.0,FMF,Male,Placebo-resistant (STRICT-ADAPTIVE)
50069, g__Veillonella, s__unclassified, p__Firmicutes, c__Clostridia, o__Clostridiales, f__Veillonellaceae,k__Bacteria; p__Firmicutes; c__Clostridia; o__Clostridiales; f__Veillonellaceae; g__Veillonella; s__unclassified; 50069; GQ010293.1 gg_id:499375 Topographical and Temporal Human Skin Microbiome skin antecubital fossa clone nbw785c08c1, GQ010293.1 gg_id:499375 Topographical and Temporal Human Skin Microbiome skin antecubital fossa clone nbw785c08c1,10,-122.5,0.556640625,0.7914449891791329,0.12572176000762947,1089.25,1285.1964838978256,0.7133031738784577,0.9207147820005681,-0.1111111111111111,True,1.0,10766.0,FMF,Male,Placebo-resistant (STRICT-ADAPTIVE)
25930, g__Faecalibacterium, s__Faecalibacterium prausnitzii, p__Firmicutes, c__Clostridia, o__Clostridiales, f__Ruminococcaceae,k__Bacteria; p__Firmicutes; c__Clostridia; o__Clostridiales; f__Ruminococcaceae; g__Faecalibacterium; s__Faecalibacterium prausnitzii; 25930; FJ371915.1 gg_id:361722 feces adult twins and mothers; TS8 clone TS8_a03f08, FJ371915.1 gg_id:361722 feces adult twins and mothers TS8 clone TS8_a03f08,10,116.5,0.556640625,0.7914449891791329,0.05900531820130254,331.75,733.9073176241141,0.967435545139537,0.9928887934220945,-0.022222222222222223,True,1.0,12956.5,FMF,Male,Placebo-resistant (STRICT-ADAPTIVE)
25552, g__Faecalibacterium, s__unclassified, p__Firmicutes, c__Clostridia, o__Clostridiales, f__Ruminococcaceae,k__Bacteria; p__Firmicutes; c__Clostridia; o__Clostridiales; f__Ruminococcaceae; g__Faecalibacterium; s__unclassified; 25552; FJ677915.1 gg_id:529462 Synecology primary and secondary habitats Escherichia coli O157:H7 fecal MARC beef cattle feedlot animal #4225 pen 301; was negative STEC O157 clone 3-4C2, FJ677915.1 gg_id:529462 Synecology primary and secondary habitats Escherichia coli O157:H7 fecal MARC beef cattle feedlot animal #4225 pen 301 was negative STEC O157 clone 3-4C2,10,66.0,0.625,0.8184138750961605,0.03044370683352078,354.25,394.3139320797861,0.8382564863858263,0.9581536201140475,0.06666666666666667,True,1.0,13840.0,FMF,Male,Placebo-resistant (STRICT-ADAPTIVE)
24478, g__Faecalibacterium, s__unclassified, p__Firmicutes, c__Clostridia, o__Clostridiales, f__Ruminococcaceae,k__Bacteria; p__Firmicutes; c__Clostridia; o__Clostridiales; f__Ruminococcaceae; g__Faecalibacterium; s__unclassified; 24478; FJ683263.1 gg_id:514730 Synecology primary and secondary habitats Escherichia coli O157:H7 fecal MARC beef cattle feedlot animal #4351 pen 301; was negative STEC O157 clone 8-6C10, FJ683263.1 gg_id:514730 Synecology primary and secondary habitats Escherichia coli O157:H7 fecal MARC beef cattle feedlot animal #4351 pen 301 was negative STEC O157 clone 8-6C10,10,103.5,0.275390625,0.7315836036008729,0.027543866159948513,223.25,341.55491841478926,0.8382564863858263,0.9581536201140475,0.06666666666666667,True,1.0,14153.5,FMF,Male,Placebo-resistant (STRICT-ADAPTIVE)
24555, g__Faecalibacterium, s__unclassified, p__Firmicutes, c__Clostridia, o__Clostridiales, f__Ruminococcaceae,k__Bacteria; p__Firmicutes; c__Clostridia; o__Clostridiales; f__Ruminococcaceae; g__Faecalibacterium; s__unclassified; 24555; DQ798784.1 gg_id:190019 human fecal clone RL242_aaj97c12, DQ798784.1 gg_id:190019 human fecal clone RL242_aaj97c12,10,-172.0,0.322265625,0.7315836036008729,0.05448792796443803,142.5,675.1638557499292,1.0,1.0,0.0,True,1.0,12500.0,FMF,Male,Placebo-resistant (STRICT-ADAPTIVE)
28412, g__unclassified, s__unclassified, p__Firmicutes, c__Clostridia, o__Clostridiales, f__Lachnospiraceae,k__Bacteria; p__Firmicutes; c__Clostridia; o__Clostridiales; f__Lachnospiraceae; g__unclassified; s__unclassified; 28412; EU773847.1 gg_id:346063 Cheetah feces clone CE3_aai08f04, EU773847.1 gg_id:346063 Cheetah feces clone CE3_aai08f04,10,98.0,0.275390625,0.7315836036008729,0.018294493805655548,226.25,188.78897260933672,1.0,1.0,0.0,True,1.0,13423.0,FMF,Male,Placebo-resistant (STRICT-ADAPTIVE)
15942, g__Succinivibrio, s__unclassified, p__Proteobacteria, c__Gammaproteobacteria, o__Aeromonadales, f__Succinivibrionaceae,k__Bacteria; p__Proteobacteria; c__Gammaproteobacteria; o__Aeromonadales; f__Succinivibrionaceae; g__Succinivibrio; s__unclassified; 15942; FJ673136.1 gg_id:513301 Synecology primary and secondary habitats Escherichia coli O157:H7 fecal MARC beef cattle feedlot animal #4262 pen 301; was positive STEC O157 clone 130-1J14, FJ673136.1 gg_id:513301 Synecology primary and secondary habitats Escherichia coli O157:H7 fecal MARC beef cattle feedlot animal #4262 pen 301 was positive STEC O157 clone 130-1J14,10,116.0,0.921875,0.9628597924917722,0.14737728304243244,658.5,1109.969557292251,0.8382564863858263,0.9581536201140475,-0.06666666666666667,True,1.0,9099.0,FMF,Male,Placebo-resistant (STRICT-ADAPTIVE)
50187, g__Veillonella, s__Veillonella dispar, p__Firmicutes, c__Clostridia, o__Clostridiales, f__Veillonellaceae,k__Bacteria; p__Firmicutes; c__Clostridia; o__Clostridiales; f__Veillonellaceae; g__Veillonella; s__Veillonella dispar; 50187; GQ073407.1 gg_id:468068 Topographical and Temporal Human Skin Microbiome skin palm clone nbw208f10c1, GQ073407.1 gg_id:468068 Topographical and Temporal Human Skin Microbiome skin palm clone nbw208f10c1,10,194.0,0.6953125,0.848255880244983,0.1505966661739397,930.75,1439.1611603199044,1.0,1.0,0.0,True,1.0,11188.5,FMF,Male,Placebo-resistant (STRICT-ADAPTIVE)
52144, g__unclassified, s__unclassified, p__Proteobacteria, c__Deltaproteobacteria, o__Desulfobacterales, f__Nitrospinaceae,k__Bacteria; p__Proteobacteria; c__Deltaproteobacteria; o__Desulfobacterales; f__Nitrospinaceae; g__unclassified; s__unclassified; 52144; FJ484693.1 gg_id:512592 microbial autonomous rover world's deepest phreatic sinkhole wall biomat El Zacaton 273m depth clone Z273MB6, FJ484693.1 gg_id:512592 microbial autonomous rover world's deepest phreatic sinkhole wall biomat El Zacaton 273m depth clone Z273MB6,10,169.5,0.76953125,0.8836442490494296,0.0306480826804561,432.0,368.28585531863393,0.967435545139537,0.9928887934220945,-0.022222222222222223,True,1.0,12771.5,FMF,Male,Placebo-resistant (STRICT-ADAPTIVE)
55787, g__Akkermansia, s__unclassified, p__Verrucomicrobia, c__Verrucomicrobiae, o__Verrucomicrobiales, f__Verrucomicrobiaceae,k__Bacteria; p__Verrucomicrobia; c__Verrucomicrobiae; o__Verrucomicrobiales; f__Verrucomicrobiaceae; g__Akkermansia; s__unclassified; 55787; DQ824465.1 gg_id:199450 human fecal clone RL304_aal76c12, DQ824465.1 gg_id:199450 human fecal clone RL304_aal76c12,10,55.0,0.71875,0.8754228192285175,0.059240199430641315,440.0,636.311234122981,0.7750513736700824,0.9376534160753778,0.08888888888888889,True,1.0,11031.0,FMF,Male,Placebo-resistant (STRICT-ADAPTIVE)
5705, g__Klebsiella, s__unclassified, p__Proteobacteria, c__Gammaproteobacteria, o__Enterobacteriales, f__Enterobacteriaceae,k__Bacteria; p__Proteobacteria; c__Gammaproteobacteria; o__Enterobacteriales; f__Enterobacteriaceae; g__Klebsiella; s__unclassified; 5705; EU734822.1 gg_id:349243 Pseudomonas aeruginosa str. NBRAJG90, EU734822.1 gg_id:349243 Pseudomonas aeruginosa str. NBRAJG90,10,-31.0,0.921875,0.9628597924917722,0.05419525992104065,706.0,492.53734879363884,0.7133031738784577,0.9207147820005681,-0.1111111111111111,True,1.0,11573.5,FMF,Male,Placebo-resistant (STRICT-ADAPTIVE)
26598, g__Faecalibacterium, s__unclassified, p__Firmicutes, c__Clostridia, o__Clostridiales, f__Ruminococcaceae,k__Bacteria; p__Firmicutes; c__Clostridia; o__Clostridiales; f__Ruminococcaceae; g__Faecalibacterium; s__unclassified; 26598; DQ326372.1 gg_id:149213 Metagenomic gut microbiome healthy human stool clone C386, DQ326372.1 gg_id:149213 Metagenomic gut microbiome healthy human stool clone C386,10,96.0,0.375,0.7328566955432627,0.058198367512391075,429.75,984.5983372144988,0.7438630522159773,0.9376534160753778,0.08888888888888889,True,1.0,14010.0,FMF,Male,Placebo-resistant (STRICT-ADAPTIVE)
25801, g__Faecalibacterium, s__Faecalibacterium prausnitzii, p__Firmicutes, c__Clostridia, o__Clostridiales, f__Ruminococcaceae,k__Bacteria; p__Firmicutes; c__Clostridia; o__Clostridiales; f__Ruminococcaceae; g__Faecalibacterium; s__Faecalibacterium prausnitzii; 25801; DQ797128.1 gg_id:183253 human fecal clone RL386_aao87d02, DQ797128.1 gg_id:183253 human fecal clone RL386_aao87d02,10,125.0,0.625,0.8184138750961605,0.04128487160938723,423.0,689.5935513490698,0.7750513736700824,0.9376534160753778,0.08888888888888889,True,1.0,14339.5,FMF,Male,Placebo-resistant (STRICT-ADAPTIVE)
32411, g__Corynebacterium, s__unclassified, p__Actinobacteria, c__Actinobacteria, o__Actinomycetales, f__Corynebacteriaceae,k__Bacteria; p__Actinobacteria; c__Actinobacteria; o__Actinomycetales; f__Corynebacteriaceae; g__Corynebacterium; s__unclassified; 32411; GQ034158.1 gg_id:422999 Topographical and Temporal Human Skin Microbiome skin retroauricular crease clone nbu351d11c1, GQ034158.1 gg_id:422999 Topographical and Temporal Human Skin Microbiome skin retroauricular crease clone nbu351d11c1,10,51.0,0.10546875,0.7315836036008729,0.015585955040354985,184.75,125.43450684188407,0.6533789106936937,0.9002109436224224,0.13333333333333333,True,1.0,14094.5,FMF,Male,Placebo-resistant (STRICT-ADAPTIVE)
72776, g__Clostridium, s__unclassified, p__Firmicutes, c__Clostridia, o__Clostridiales, f__Clostridiaceae,k__Bacteria; p__Firmicutes; c__Clostridia; o__Clostridiales; f__Clostridiaceae; g__Clostridium; s__unclassified; 72776; AB479046.1 gg_id:571847 SSU sequences Alps Cadagno di Fuori submerged biofilm mats montane wetland mainly pink clone B05-Capima, AB479046.1 gg_id:571847 SSU sequences Alps Cadagno di Fuori submerged biofilm mats montane wetland mainly pink clone B05-Capima,10,26.0,0.57421875,0.814273846940321,0.13001513942196477,1591.25,902.8997341553368,0.7750513736700824,0.9376534160753778,-0.08888888888888889,True,1.0,10033.5,FMF,Male,Placebo-resistant (STRICT-ADAPTIVE)
58771, g__sfA, s__unclassified, p__Firmicutes, c__Clostridia, o__SHA-98, f__unclassified,k__Bacteria; p__Firmicutes; c__Clostridia; o__SHA-98; f__unclassified; g__sfA; s__unclassified; 58771; CU919263.1 gg_id:549429 Towards definition core microorganisms involved digestion mesophilic anaerobic digester which treats municipal wastewater sludge clone, CU919263.1 gg_id:549429 Towards definition core microorganisms involved digestion mesophilic anaerobic digester which treats municipal wastewater sludge clone,10,71.5,0.375,0.7328566955432627,0.05210896063945403,462.5,448.0024491116093,0.7133031738784577,0.9207147820005681,0.1111111111111111,True,1.0,11370.5,FMF,Male,Placebo-resistant (STRICT-ADAPTIVE)
50916, g__Veillonella, s__unclassified, p__Firmicutes, c__Clostridia, o__Clostridiales, f__Veillonellaceae,k__Bacteria; p__Firmicutes; c__Clostridia; o__Clostridiales; f__Veillonellaceae; g__Veillonella; s__unclassified; 50916; GQ000861.1 gg_id:469425 Topographical and Temporal Human Skin Microbiome skin interdigital web space clone nbu108f12c1, GQ000861.1 gg_id:469425 Topographical and Temporal Human Skin Microbiome skin interdigital web space clone nbu108f12c1,10,316.0,0.322265625,0.7315836036008729,0.10929018259103762,693.5,1003.5352295654044,0.7750513736700824,0.9376534160753778,0.08888888888888889,True,1.0,11495.0,FMF,Male,Placebo-resistant (STRICT-ADAPTIVE)
23524, g__unclassified, s__unclassified, p__Firmicutes, c__Clostridia, o__Clostridiales, f__Lachnospiraceae,k__Bacteria; p__Firmicutes; c__Clostridia; o__Clostridiales; f__Lachnospiraceae; g__unclassified; s__unclassified; 23524; EU507387.1 gg_id:271326 cecal contents Mus musculus strain C57BL/6J; MD23 clone MD23_2aaa02e05, EU507387.1 gg_id:271326 cecal contents Mus musculus strain C57BL/6J MD23 clone MD23_2aaa02e05,10,73.0,0.556640625,0.7914449891791329,0.02167079093668919,258.25,259.61204805332983,0.6533789106936937,0.9002109436224224,0.13333333333333333,True,1.0,13533.5,FMF,Male,Placebo-resistant (STRICT-ADAPTIVE)
25618, g__Faecalibacterium, s__Faecalibacterium prausnitzii, p__Firmicutes, c__Clostridia, o__Clostridiales, f__Ruminococcaceae,k__Bacteria; p__Firmicutes; c__Clostridia; o__Clostridiales; f__Ruminococcaceae; g__Faecalibacterium; s__Faecalibacterium prausnitzii; 25618; DQ825022.1 gg_id:182247 human fecal clone RL185_aao72d05, DQ825022.1 gg_id:182247 human fecal clone RL185_aao72d05,10,141.5,0.431640625,0.7455067855825108,0.024362989256844342,374.0,312.89334388005835,0.967435545139537,0.9928887934220945,-0.022222222222222223,True,1.0,13984.0,FMF,Male,Placebo-resistant (STRICT-ADAPTIVE)
45367, g__Streptococcus, s__Streptococcus pseudopneumoniae, p__Firmicutes, c__Bacilli, o__Lactobacillales, f__Streptococcaceae,k__Bacteria; p__Firmicutes; c__Bacilli; o__Lactobacillales; f__Streptococcaceae; g__Streptococcus; s__Streptococcus pseudopneumoniae; 45367; GQ076920.1 gg_id:399933 Topographical and Temporal Human Skin Microbiome skin umbilicus clone nbw1155c03c1, GQ076920.1 gg_id:399933 Topographical and Temporal Human Skin Microbiome skin umbilicus clone nbw1155c03c1,10,-57.0,1.0,1.0,0.029301337859983213,334.5,311.4313358172053,0.6532367441100604,0.9002109436224224,0.13333333333333333,True,1.0,12129.5,FMF,Male,Placebo-resistant (STRICT-ADAPTIVE)
36510, g__Corynebacterium, s__unclassified, p__Actinobacteria, c__Actinobacteria, o__Actinomycetales, f__Corynebacteriaceae,k__Bacteria; p__Actinobacteria; c__Actinobacteria; o__Actinomycetales; f__Corynebacteriaceae; g__Corynebacterium; s__unclassified; 36510; GQ040165.1 gg_id:382469 Topographical and Temporal Human Skin Microbiome skin manubrium clone nbw950h04c1, GQ040165.1 gg_id:382469 Topographical and Temporal Human Skin Microbiome skin manubrium clone nbw950h04c1,10,0.5,0.865234375,0.945747135872738,0.012231940644309887,67.5,152.7343257679091,0.9025232501776794,0.9754023282151151,0.044444444444444446,True,1.0,13818.5,FMF,Male,Placebo-resistant (STRICT-ADAPTIVE)
33892, g__Corynebacterium, s__unclassified, p__Actinobacteria, c__Actinobacteria, o__Actinomycetales, f__Corynebacteriaceae,k__Bacteria; p__Actinobacteria; c__Actinobacteria; o__Actinomycetales; f__Corynebacteriaceae; g__Corynebacterium; s__unclassified; 33892; GQ068538.1 gg_id:411889 Topographical and Temporal Human Skin Microbiome skin nare clone nbw151h01c1, GQ068538.1 gg_id:411889 Topographical and Temporal Human Skin Microbiome skin nare clone nbw151h01c1,10,-58.0,0.431640625,0.7455067855825108,0.026504105751530085,201.5,230.2702796691073,0.9025232501776794,0.9754023282151151,-0.044444444444444446,True,1.0,10795.5,FMF,Male,Placebo-resistant (STRICT-ADAPTIVE)
41870, g__Bifidobacterium, s__unclassified, p__Actinobacteria, c__Actinobacteria, o__Bifidobacteriales, f__Bifidobacteriaceae,k__Bacteria; p__Actinobacteria; c__Actinobacteria; o__Bifidobacteriales; f__Bifidobacteriaceae; g__Bifidobacterium; s__unclassified; 41870; AF333390.1 gg_id:49417 Bifidobacterium pseudocatenulatum str. F34, AF333390.1 gg_id:49417 Bifidobacterium pseudocatenulatum str. F34,10,263.0,0.232421875,0.7315836036008729,0.09034968380545333,280.0,624.9053154980983,0.7133031738784577,0.9207147820005681,0.1111111111111111,True,1.0,9792.5,FMF,Male,Placebo-resistant (STRICT-ADAPTIVE)
25656, g__unclassified, s__unclassified, p__Firmicutes, c__Clostridia, o__Clostridiales, f__Ruminococcaceae,k__Bacteria; p__Firmicutes; c__Clostridia; o__Clostridiales; f__Ruminococcaceae; g__unclassified; s__unclassified; 25656; DQ823743.1 gg_id:188160 human fecal clone RL250_aaj78d11, DQ823743.1 gg_id:188160 human fecal clone RL250_aaj78d11,10,157.5,0.322265625,0.7315836036008729,0.07295771798579896,456.25,795.1384630895707,0.7750513736700824,0.9376534160753778,0.08888888888888889,True,1.0,12027.0,FMF,Male,Placebo-resistant (STRICT-ADAPTIVE)
50555, g__Dialister, s__unclassified, p__Firmicutes, c__Clostridia, o__Clostridiales, f__Veillonellaceae,k__Bacteria; p__Firmicutes; c__Clostridia; o__Clostridiales; f__Veillonellaceae; g__Dialister; s__unclassified; 50555; DQ809210.1 gg_id:196169 human fecal clone RL308_aal83d11, DQ809210.1 gg_id:196169 human fecal clone RL308_aal83d11,10,178.5,0.845703125,0.9248303534925827,0.12461717868755218,1345.75,1165.0690988473125,0.8382564863858263,0.9581536201140475,-0.06666666666666667,True,1.0,11844.5,FMF,Male,Placebo-resistant (STRICT-ADAPTIVE)
69045, g__Bacteroides, s__unclassified, p__Bacteroidetes, c__Bacteroidia, o__Bacteroidales, f__Bacteroidaceae,k__Bacteria; p__Bacteroidetes; c__Bacteroidia; o__Bacteroidales; f__Bacteroidaceae; g__Bacteroides; s__unclassified; 69045; GQ079223.1 gg_id:456662 Topographical and Temporal Human Skin Microbiome skin occiput clone nbw1230a07c1, GQ079223.1 gg_id:456662 Topographical and Temporal Human Skin Microbiome skin occiput clone nbw1230a07c1,10,434.5,0.193359375,0.7315836036008729,0.14605863810509448,1295.25,1389.8330047923023,0.6533789106936937,0.9002109436224224,0.13333333333333333,True,1.0,12852.0,FMF,Male,Placebo-resistant (STRICT-ADAPTIVE)
24695, g__Faecalibacterium, s__unclassified, p__Firmicutes, c__Clostridia, o__Clostridiales, f__Ruminococcaceae,k__Bacteria; p__Firmicutes; c__Clostridia; o__Clostridiales; f__Ruminococcaceae; g__Faecalibacterium; s__unclassified; 24695; FJ679193.1 gg_id:521326 Synecology primary and secondary habitats Escherichia coli O157:H7 fecal MARC beef cattle feedlot animal #4017 pen 301; was positive STEC O157 clone 4-8P8, FJ679193.1 gg_id:521326 Synecology primary and secondary habitats Escherichia coli O157:H7 fecal MARC beef cattle feedlot animal #4017 pen 301 was positive STEC O157 clone 4-8P8,10,188.5,0.431640625,0.7455067855825108,0.0917430176145375,688.0,899.9450182471027,0.7750513736700824,0.9376534160753778,0.08888888888888889,True,1.0,12659.5,FMF,Male,Placebo-resistant (STRICT-ADAPTIVE)
51808, g__unclassified, s__unclassified, p__Acidobacteria, c__Acidobacteria, o__Acidobacteriales, f__Acidobacteriaceae,k__Bacteria; p__Acidobacteria; c__Acidobacteria; o__Acidobacteriales; f__Acidobacteriaceae; g__unclassified; s__unclassified; 51808; FJ517001.1 gg_id:551640 semiarid 'Tablas de Daimiel National Park' wetland (Central Spain) unravelled water clone TDNP_Wbc97_115_1_25, FJ517001.1 gg_id:551640 semiarid 'Tablas de Daimiel National Park' wetland (Central Spain) unravelled water clone TDNP_Wbc97_115_1_25,10,118.0,0.4921875,0.7635226801988401,0.08077361392247659,854.75,679.7649531549695,0.6533789106936937,0.9002109436224224,0.13333333333333333,True,1.0,11837.0,FMF,Male,Placebo-resistant (STRICT-ADAPTIVE)
54619, g__Kosmotoga, s__unclassified, p__Thermotogae, c__Thermotogae, o__Thermotogales, f__Thermotogaceae,k__Bacteria; p__Thermotogae; c__Thermotogae; o__Thermotogales; f__Thermotogaceae; g__Kosmotoga; s__unclassified; 54619; AB530678.1 gg_id:539611 Kosmotoga sp. str. S304, AB530678.1 gg_id:539611 Kosmotoga sp. str. S304,10,-2.5,1.0,1.0,0.047835927212564106,612.5,485.51297708254464,1.0,1.0,0.0,True,1.0,12399.5,FMF,Male,Placebo-resistant (STRICT-ADAPTIVE)
67251, g__Prevotella, s__unclassified, p__Bacteroidetes, c__Bacteroidia, o__Bacteroidales, f__Prevotellaceae,k__Bacteria; p__Bacteroidetes; c__Bacteroidia; o__Bacteroidales; f__Prevotellaceae; g__Prevotella; s__unclassified; 67251; FJ674224.1 gg_id:521529 Synecology primary and secondary habitats Escherichia coli O157:H7 fecal MARC beef cattle feedlot animal #4262 pen 301; was positive STEC O157 clone 130-8E9, FJ674224.1 gg_id:521529 Synecology primary and secondary habitats Escherichia coli O157:H7 fecal MARC beef cattle feedlot animal #4262 pen 301 was positive STEC O157 clone 130-8E9,10,118.0,0.921875,0.9628597924917722,0.10943057058060607,806.75,990.3144875217951,0.7750513736700824,0.9376534160753778,0.08888888888888889,True,1.0,12787.5,FMF,Male,Placebo-resistant (STRICT-ADAPTIVE)
37106, g__Corynebacterium, s__unclassified, p__Actinobacteria, c__Actinobacteria, o__Actinomycetales, f__Corynebacteriaceae,k__Bacteria; p__Actinobacteria; c__Actinobacteria; o__Actinomycetales; f__Corynebacteriaceae; g__Corynebacterium; s__unclassified; 37106; GQ045826.1 gg_id:402782 Topographical and Temporal Human Skin Microbiome skin antecubital fossa clone nbu551f02c1, GQ045826.1 gg_id:402782 Topographical and Temporal Human Skin Microbiome skin antecubital fossa clone nbu551f02c1,10,29.0,0.921875,0.9628597924917722,0.0261400135246508,361.75,312.0346138634124,0.7133031738784577,0.9207147820005681,0.1111111111111111,True,1.0,11232.0,FMF,Male,Placebo-resistant (STRICT-ADAPTIVE)
20303, g__unclassified, s__unclassified, p__Firmicutes, c__Clostridia, o__Clostridiales, f__Lachnospiraceae,k__Bacteria; p__Firmicutes; c__Clostridia; o__Clostridiales; f__Lachnospiraceae; g__unclassified; s__unclassified; 20303; EF404929.1 gg_id:204981 human fecal clone SJTU_G_08_37, EF404929.1 gg_id:204981 human fecal clone SJTU_G_08_37,10,104.0,0.5078125,0.7861982181246899,0.032073962245032846,420.5,347.6824301715576,0.7133031738784577,0.9207147820005681,0.1111111111111111,True,1.0,13893.5,FMF,Male,Placebo-resistant (STRICT-ADAPTIVE)
56653, g__unclassified, s__unclassified, p__Chlorobi, c__Ignavibacteria, o__Ignavibacteriales, f__Ignavibacteriaceae,k__Bacteria; p__Chlorobi; c__Ignavibacteria; o__Ignavibacteriales; f__Ignavibacteriaceae; g__unclassified; s__unclassified; 56653; AM490707.1 gg_id:564034 Linking and functional nutrient spiraling mats (USA) microbial mat sulfidic cave spring Lower Kane Cave Big Horn LKC22 clone SS_LKC22_UB50, AM490707.1 gg_id:564034 Linking and functional nutrient spiraling mats (USA) microbial mat sulfidic cave spring Lower Kane Cave Big Horn LKC22 clone SS_LKC22_UB50,10,72.0,0.6953125,0.848255880244983,0.045846745723110406,554.25,497.7309099514627,0.7133031738784577,0.9207147820005681,0.1111111111111111,True,1.0,13462.0,FMF,Male,Placebo-resistant (STRICT-ADAPTIVE)
13154, g__Aquabacterium, s__unclassified, p__Proteobacteria, c__Betaproteobacteria, o__Burkholderiales, f__Aquabacteriaceae,k__Bacteria; p__Proteobacteria; c__Betaproteobacteria; o__Burkholderiales; f__Aquabacteriaceae; g__Aquabacterium; s__unclassified; 13154; GQ039081.1 gg_id:375242 Topographical and Temporal Human Skin Microbiome skin buttock clone nbu524f04c1, GQ039081.1 gg_id:375242 Topographical and Temporal Human Skin Microbiome skin buttock clone nbu524f04c1,10,70.0,0.431640625,0.7455067855825108,0.04170497717320071,422.5,378.5898662082169,1.0,1.0,0.0,True,1.0,10660.0,FMF,Male,Placebo-resistant (STRICT-ADAPTIVE)
22160, g__Oscillospira, s__unclassified, p__Firmicutes, c__Clostridia, o__Clostridiales, f__Ruminococcaceae,k__Bacteria; p__Firmicutes; c__Clostridia; o__Clostridiales; f__Ruminococcaceae; g__Oscillospira; s__unclassified; 22160; FJ369766.1 gg_id:362078 feces adult twins and mothers; TS51 clone TS51_a04e10, FJ369766.1 gg_id:362078 feces adult twins and mothers TS51 clone TS51_a04e10,10,-139.0,0.6953125,0.848255880244983,0.09645735053108435,1197.25,921.0029493136515,0.7133031738784577,0.9207147820005681,-0.1111111111111111,True,1.0,12940.5,FMF,Male,Placebo-resistant (STRICT-ADAPTIVE)
1302, g__Pseudomonas, s__unclassified, p__Proteobacteria, c__Gammaproteobacteria, o__Pseudomonadales, f__Pseudomonadaceae,k__Bacteria; p__Proteobacteria; c__Gammaproteobacteria; o__Pseudomonadales; f__Pseudomonadaceae; g__Pseudomonas; s__unclassified; 1302; EU539417.1 gg_id:281214 profile human microbiota antecubital fossa (inner elbow) skin clone nbt238e04, EU539417.1 gg_id:281214 profile human microbiota antecubital fossa (inner elbow) skin clone nbt238e04,10,34.0,0.556640625,0.7914449891791329,0.040407669429821956,492.5,395.90892117590215,0.9025232501776794,0.9754023282151151,-0.044444444444444446,True,1.0,12052.0,FMF,Male,Placebo-resistant (STRICT-ADAPTIVE)
20149, g__Lachnospira, s__unclassified, p__Firmicutes, c__Clostridia, o__Clostridiales, f__Lachnospiraceae,k__Bacteria; p__Firmicutes; c__Clostridia; o__Clostridiales; f__Lachnospiraceae; g__Lachnospira; s__unclassified; 20149; EF402496.1 gg_id:214338 human fecal clone SJTU_B_08_71, EF402496.1 gg_id:214338 human fecal clone SJTU_B_08_71,10,139.0,0.322265625,0.7315836036008729,0.08153171946819726,348.0,590.9583638802314,0.7750513736700824,0.9376534160753778,0.08888888888888889,True,1.0,12176.5,FMF,Male,Placebo-resistant (STRICT-ADAPTIVE)
25166, g__Faecalibacterium, s__unclassified, p__Firmicutes, c__Clostridia, o__Clostridiales, f__Ruminococcaceae,k__Bacteria; p__Firmicutes; c__Clostridia; o__Clostridiales; f__Ruminococcaceae; g__Faecalibacterium; s__unclassified; 25166; FJ371741.1 gg_id:370050 feces adult twins and mothers; TS8 clone TS8_a01f10, FJ371741.1 gg_id:370050 feces adult twins and mothers TS8 clone TS8_a01f10,10,103.0,0.193359375,0.7315836036008729,0.027781039193339314,205.5,319.90793253511066,0.7133031738784577,0.9207147820005681,0.1111111111111111,True,1.0,13511.0,FMF,Male,Placebo-resistant (STRICT-ADAPTIVE)
19234, g__Clostridium, s__unclassified, p__Firmicutes, c__Clostridia, o__Clostridiales, f__Lachnospiraceae,k__Bacteria; p__Firmicutes; c__Clostridia; o__Clostridiales; f__Lachnospiraceae; g__Clostridium; s__unclassified; 19234; DQ799122.1 gg_id:197783 human fecal clone RL205_aaj17h06, DQ799122.1 gg_id:197783 human fecal clone RL205_aaj17h06,10,284.5,0.375,0.7328566955432627,0.2055304902003364,709.75,1279.9408471961158,0.7750513736700824,0.9376534160753778,0.08888888888888889,True,1.0,9502.0,FMF,Male,Placebo-resistant (STRICT-ADAPTIVE)
67114, g__Prevotella, s__unclassified, p__Bacteroidetes, c__Bacteroidia, o__Bacteroidales, f__Prevotellaceae,k__Bacteria; p__Bacteroidetes; c__Bacteroidia; o__Bacteroidales; f__Prevotellaceae; g__Prevotella; s__unclassified; 67114; FJ557908.1 gg_id:522663 Survey Approach Assess Endotracheal Tube Biofilms and their Origins biofilm extubated endotracheal tube ICU patient clone ET_G_3b10, FJ557908.1 gg_id:522663 Survey Approach Assess Endotracheal Tube Biofilms and their Origins biofilm extubated endotracheal tube ICU patient clone ET_G_3b10,10,367.5,0.16015625,0.7315836036008729,0.07688996983322026,350.5,652.3667525496851,0.7133031738784577,0.9207147820005681,0.1111111111111111,True,1.0,12630.0,FMF,Male,Placebo-resistant (STRICT-ADAPTIVE)
56218, g__Akkermansia, s__Akkermansia muciniphila, p__Verrucomicrobia, c__Verrucomicrobiae, o__Verrucomicrobiales, f__Verrucomicrobiaceae,k__Bacteria; p__Verrucomicrobia; c__Verrucomicrobiae; o__Verrucomicrobiales; f__Verrucomicrobiaceae; g__Akkermansia; s__Akkermansia muciniphila; 56218; DQ824286.1 gg_id:194232 human fecal clone RL304_aal74a01, DQ824286.1 gg_id:194232 human fecal clone RL304_aal74a01,10,218.5,0.322265625,0.7315836036008729,0.08085239206178753,532.5,732.6174434814758,0.967435545139537,0.9928887934220945,0.022222222222222223,True,1.0,10578.0,FMF,Male,Placebo-resistant (STRICT-ADAPTIVE)
26384, g__Faecalibacterium, s__unclassified, p__Firmicutes, c__Clostridia, o__Clostridiales, f__Ruminococcaceae,k__Bacteria; p__Firmicutes; c__Clostridia; o__Clostridiales; f__Ruminococcaceae; g__Faecalibacterium; s__unclassified; 26384; AY981860.1 gg_id:118738 human sigmoid colon mucosal biopsy clone NW64, AY981860.1 gg_id:118738 human sigmoid colon mucosal biopsy clone NW64,10,72.5,0.6953125,0.848255880244983,0.053651865411404466,403.75,1038.7967780487409,0.7133031738784577,0.9207147820005681,-0.1111111111111111,True,1.0,13288.5,FMF,Male,Placebo-resistant (STRICT-ADAPTIVE)
26472, g__Faecalibacterium, s__Faecalibacterium prausnitzii, p__Firmicutes, c__Clostridia, o__Clostridiales, f__Ruminococcaceae,k__Bacteria; p__Firmicutes; c__Clostridia; o__Clostridiales; f__Ruminococcaceae; g__Faecalibacterium; s__Faecalibacterium prausnitzii; 26472; FJ363015.1 gg_id:362968 feces adult twins and mothers; TS148 clone TS148_a01h09, FJ363015.1 gg_id:362968 feces adult twins and mothers TS148 clone TS148_a01h09,10,-20.5,1.0,1.0,0.01737115451923167,159.5,275.9172602550748,0.7133031738784577,0.9207147820005681,-0.1111111111111111,True,1.0,14141.0,FMF,Male,Placebo-resistant (STRICT-ADAPTIVE)
25835, g__Faecalibacterium, s__unclassified, p__Firmicutes, c__Clostridia, o__Clostridiales, f__Ruminococcaceae,k__Bacteria; p__Firmicutes; c__Clostridia; o__Clostridiales; f__Ruminococcaceae; g__Faecalibacterium; s__unclassified; 25835; DQ802632.1 gg_id:189025 human fecal clone RL188_aan94d04, DQ802632.1 gg_id:189025 human fecal clone RL188_aan94d04,10,96.5,0.375,0.7328566955432627,0.04618495318953306,388.5,681.9508757446455,0.9025232501776794,0.9754023282151151,0.044444444444444446,True,1.0,14229.0,FMF,Male,Placebo-resistant (STRICT-ADAPTIVE)
54514, g__unclassified, s__unclassified, p__Proteobacteria, c__Epsilonproteobacteria, o__Campylobacterales, f__Campylobacteraceae,k__Bacteria; p__Proteobacteria; c__Epsilonproteobacteria; o__Campylobacterales; f__Campylobacteraceae; g__unclassified; s__unclassified; 54514; DQ925875.1 gg_id:244236 Microbes and Thermal Gradients Temperature Hydrothermal Chimneys hydrothermal vent chimneys Guaymas Basin clone 165B24, DQ925875.1 gg_id:244236 Microbes and Thermal Gradients Temperature Hydrothermal Chimneys hydrothermal vent chimneys Guaymas Basin clone 165B24,10,89.5,0.416015625,0.7455067855825108,0.08832478417222978,621.0,624.9472486191669,0.8381864806450703,0.9581536201140475,0.06666666666666667,True,1.0,10621.5,FMF,Male,Placebo-resistant (STRICT-ADAPTIVE)
27020, g__unclassified, s__unclassified, p__Firmicutes, c__Clostridia, o__Clostridiales, f__Ruminococcaceae,k__Bacteria; p__Firmicutes; c__Clostridia; o__Clostridiales; f__Ruminococcaceae; g__unclassified; s__unclassified; 27020; DQ800873.1 gg_id:185826 human fecal clone RL183_aao04f02, DQ800873.1 gg_id:185826 human fecal clone RL183_aao04f02,10,188.5,0.431640625,0.7455067855825108,0.06885172315897652,561.25,956.6695199730967,0.8382564863858263,0.9581536201140475,0.06666666666666667,True,1.0,12726.0,FMF,Male,Placebo-resistant (STRICT-ADAPTIVE)
67735, g__Prevotella, s__unclassified, p__Bacteroidetes, c__Bacteroidia, o__Bacteroidales, f__Prevotellaceae,k__Bacteria; p__Bacteroidetes; c__Bacteroidia; o__Bacteroidales; f__Prevotellaceae; g__Prevotella; s__unclassified; 67735; FJ680885.1 gg_id:527286 Synecology primary and secondary habitats Escherichia coli O157:H7 fecal MARC beef cattle feedlot animal #4281 pen 301; was positive STEC O157 clone 5-4J7, FJ680885.1 gg_id:527286 Synecology primary and secondary habitats Escherichia coli O157:H7 fecal MARC beef cattle feedlot animal #4281 pen 301 was positive STEC O157 clone 5-4J7,10,202.5,0.275390625,0.7315836036008729,0.02746182014095464,400.75,521.5767900596123,0.6533789106936937,0.9002109436224224,0.13333333333333333,True,1.0,14203.0,FMF,Male,Placebo-resistant (STRICT-ADAPTIVE)
9629, g__Diaphorobacter, s__unclassified, p__Proteobacteria, c__Betaproteobacteria, o__Burkholderiales, f__Comamonadaceae,k__Bacteria; p__Proteobacteria; c__Betaproteobacteria; o__Burkholderiales; f__Comamonadaceae; g__Diaphorobacter; s__unclassified; 9629; GQ060129.1 gg_id:435451 Topographical and Temporal Human Skin Microbiome skin toe web space clone nbw44d08c1, GQ060129.1 gg_id:435451 Topographical and Temporal Human Skin Microbiome skin toe web space clone nbw44d08c1,10,42.5,0.431640625,0.7455067855825108,0.03317764606237926,281.0,311.1733389768474,0.8382564863858263,0.9581536201140475,0.06666666666666667,True,1.0,10850.0,FMF,Male,Placebo-resistant (STRICT-ADAPTIVE)
45152, g__Clostridium, s__unclassified, p__Firmicutes, c__Clostridia, o__Clostridiales, f__Clostridiaceae,k__Bacteria; p__Firmicutes; c__Clostridia; o__Clostridiales; f__Clostridiaceae; g__Clostridium; s__unclassified; 45152; FM873847.1 gg_id:359116 occupant source house mattress dust clone MB01G06, FM873847.1 gg_id:359116 occupant source house mattress dust clone MB01G06,10,322.0,0.048828125,0.7315836036008729,0.05618318349691288,643.25,391.1152081036993,0.6533789106936937,0.9002109436224224,0.13333333333333333,True,1.0,13186.0,FMF,Male,Placebo-resistant (STRICT-ADAPTIVE)
44758, g__Clostridium, s__unclassified, p__Firmicutes, c__Clostridia, o__Clostridiales, f__Clostridiaceae,k__Bacteria; p__Firmicutes; c__Clostridia; o__Clostridiales; f__Clostridiaceae; g__Clostridium; s__unclassified; 44758; FJ684155.1 gg_id:524467 Synecology primary and secondary habitats Escherichia coli O157:H7 fecal MARC beef cattle feedlot animal #4228 pen 301; was negative STEC O157 clone 6-3O22, FJ684155.1 gg_id:524467 Synecology primary and secondary habitats Escherichia coli O157:H7 fecal MARC beef cattle feedlot animal #4228 pen 301 was negative STEC O157 clone 6-3O22,10,155.5,0.16015625,0.7315836036008729,0.0372704035392808,302.5,343.60194505334874,0.7133031738784577,0.9207147820005681,0.1111111111111111,True,1.0,12746.0,FMF,Male,Placebo-resistant (STRICT-ADAPTIVE)
53739, g__Candidatus Scalindua, s__unclassified, p__Planctomycetes, c__Kueneniae, o__Kueneniales, f__Scalinduaceae,k__Bacteria; p__Planctomycetes; c__Kueneniae; o__Kueneniales; f__Scalinduaceae; g__Candidatus Scalindua; s__unclassified; 53739; GQ143786.1 gg_id:381880 Level Continental Shelf Sediment and Phylum-level lineages Phylum Planctomycetes Yel Sea continental shelf sediment clone JJB304, GQ143786.1 gg_id:381880 Level Continental Shelf Sediment and Phylum-level lineages Phylum Planctomycetes Yel Sea continental shelf sediment clone JJB304,10,-27.5,1.0,1.0,0.06035017185655041,524.5,521.5943832359904,0.7133031738784577,0.9207147820005681,0.1111111111111111,True,1.0,12454.5,FMF,Male,Placebo-resistant (STRICT-ADAPTIVE)
69805, g__unclassified, s__unclassified, p__Bacteroidetes, c__Bacteroidia, o__Bacteroidales, f__RikenellaceaeII,k__Bacteria; p__Bacteroidetes; c__Bacteroidia; o__Bacteroidales; f__RikenellaceaeII; g__unclassified; s__unclassified; 69805; EU771454.1 gg_id:311474 Hamadryas Baboon feces clone AFBAB_aai01g05, EU771454.1 gg_id:311474 Hamadryas Baboon feces clone AFBAB_aai01g05,10,284.0,0.232421875,0.7315836036008729,0.05250774845764311,441.0,837.5268737287048,0.967435545139537,0.9928887934220945,0.022222222222222223,True,1.0,13083.5,FMF,Male,Placebo-resistant (STRICT-ADAPTIVE)
58800, g__sfA, s__unclassified, p__Acidobacteria, c__RB25, o__unclassified, f__unclassified,k__Bacteria; p__Acidobacteria; c__RB25; o__unclassified; f__unclassified; g__sfA; s__unclassified; 58800; EU131992.1 gg_id:251390 tallgrass prarie soil clone FFCH458, EU131992.1 gg_id:251390 tallgrass prarie soil clone FFCH458,10,43.0,0.845703125,0.9248303534925827,0.07171480152113499,712.25,695.9739833012599,0.8381864806450703,0.9581536201140475,-0.06666666666666667,True,1.0,12793.0,FMF,Male,Placebo-resistant (STRICT-ADAPTIVE)
26254, g__Faecalibacterium, s__unclassified, p__Firmicutes, c__Clostridia, o__Clostridiales, f__Ruminococcaceae,k__Bacteria; p__Firmicutes; c__Clostridia; o__Clostridiales; f__Ruminococcaceae; g__Faecalibacterium; s__unclassified; 26254; FJ369135.1 gg_id:368234 feces adult twins and mothers; TS4 clone TS4_a04f08, FJ369135.1 gg_id:368234 feces adult twins and mothers TS4 clone TS4_a04f08,10,24.0,0.921875,0.9628597924917722,0.048699269029577906,737.5,926.6586810327378,0.7750513736700824,0.9376534160753778,-0.08888888888888889,True,1.0,12967.0,FMF,Male,Placebo-resistant (STRICT-ADAPTIVE)
22175, g__unclassified, s__unclassified, p__Firmicutes, c__Clostridia, o__Clostridiales, f__Ruminococcaceae,k__Bacteria; p__Firmicutes; c__Clostridia; o__Clostridiales; f__Ruminococcaceae; g__unclassified; s__unclassified; 22175; EU344226.1 gg_id:268753 Foregut Fermentation Birds: Hoatzin Crop Supports Case Convergence Ruminants adult hoatzin crop clone hoa12_55G07, EU344226.1 gg_id:268753 Foregut Fermentation Birds: Hoatzin Crop Supports Case Convergence Ruminants adult hoatzin crop clone hoa12_55G07,10,118.0,0.431640625,0.7455067855825108,0.03465744070884955,299.75,358.54119317652254,0.9025232501776794,0.9754023282151151,-0.044444444444444446,True,1.0,14000.5,FMF,Male,Placebo-resistant (STRICT-ADAPTIVE)
24423, g__Faecalibacterium, s__Faecalibacterium prausnitzii, p__Firmicutes, c__Clostridia, o__Clostridiales, f__Ruminococcaceae,k__Bacteria; p__Firmicutes; c__Clostridia; o__Clostridiales; f__Ruminococcaceae; g__Faecalibacterium; s__Faecalibacterium prausnitzii; 24423; AY986249.1 gg_id:127846 human stool clone D624, AY986249.1 gg_id:127846 human stool clone D624,10,138.0,0.625,0.8184138750961605,0.05285893174526691,557.25,810.7557761359323,0.7133031738784577,0.9207147820005681,0.1111111111111111,True,1.0,14003.0,FMF,Male,Placebo-resistant (STRICT-ADAPTIVE)
55630, g__Akkermansia, s__unclassified, p__Verrucomicrobia, c__Verrucomicrobiae, o__Verrucomicrobiales, f__Verrucomicrobiaceae,k__Bacteria; p__Verrucomicrobia; c__Verrucomicrobiae; o__Verrucomicrobiales; f__Verrucomicrobiaceae; g__Akkermansia; s__unclassified; 55630; DQ803761.1 gg_id:190136 human fecal clone RL200_aai58b01, DQ803761.1 gg_id:190136 human fecal clone RL200_aai58b01,10,24.5,0.6953125,0.848255880244983,0.10167368141233303,939.5,1036.1078472656964,0.967435545139537,0.9928887934220945,0.022222222222222223,True,1.0,11416.0,FMF,Male,Placebo-resistant (STRICT-ADAPTIVE)
56612, g__Desulfovibrio, s__unclassified, p__Proteobacteria, c__Deltaproteobacteria, o__Desulfovibrionales, f__Desulfovibrionaceae,k__Bacteria; p__Proteobacteria; c__Deltaproteobacteria; o__Desulfovibrionales; f__Desulfovibrionaceae; g__Desulfovibrio; s__unclassified; 56612; EU885102.1 gg_id:304312 microbial hindgut chamber Pomacanthus sexstriatus GI tract clone A3C12, EU885102.1 gg_id:304312 microbial hindgut chamber Pomacanthus sexstriatus GI tract clone A3C12,10,31.0,0.431640625,0.7455067855825108,0.17465373605145115,772.5,1062.6636038689655,1.0,1.0,0.0,True,1.0,8674.5,FMF,Male,Placebo-resistant (STRICT-ADAPTIVE)
22096, g__unclassified, s__unclassified, p__Firmicutes, c__Clostridia, o__Clostridiales, f__Ruminococcaceae,k__Bacteria; p__Firmicutes; c__Clostridia; o__Clostridiales; f__Ruminococcaceae; g__unclassified; s__unclassified; 22096; EU456560.1 gg_id:321019 Innate immunity and intestinal microbiota Type 1 diabetes mouse cecum clone H77S5_50b10, EU456560.1 gg_id:321019 Innate immunity and intestinal microbiota Type 1 diabetes mouse cecum clone H77S5_50b10,10,-57.5,0.97265625,1.0,0.05362205576317151,457.5,424.16612311687504,0.9674212610240318,0.9928887934220945,-0.022222222222222223,True,1.0,12784.0,FMF,Male,Placebo-resistant (STRICT-ADAPTIVE)
26248, g__Faecalibacterium, s__unclassified, p__Firmicutes, c__Clostridia, o__Clostridiales, f__Ruminococcaceae,k__Bacteria; p__Firmicutes; c__Clostridia; o__Clostridiales; f__Ruminococcaceae; g__Faecalibacterium; s__unclassified; 26248; DQ805298.1 gg_id:191990 human fecal clone RL249_aaj84g02, DQ805298.1 gg_id:191990 human fecal clone RL249_aaj84g02,10,25.0,0.845703125,0.9248303534925827,0.06770878997492888,796.0,861.0785164360901,0.8702263458891504,0.9754023282151151,-0.07777777777777778,True,1.0,12787.0,FMF,Male,Placebo-resistant (STRICT-ADAPTIVE)
25805, g__Faecalibacterium, s__Faecalibacterium prausnitzii, p__Firmicutes, c__Clostridia, o__Clostridiales, f__Ruminococcaceae,k__Bacteria; p__Firmicutes; c__Clostridia; o__Clostridiales; f__Ruminococcaceae; g__Faecalibacterium; s__Faecalibacterium prausnitzii; 25805; FJ365164.1 gg_id:362669 feces adult twins and mothers; TS1 clone TS1_a03f05, FJ365164.1 gg_id:362669 feces adult twins and mothers TS1 clone TS1_a03f05,10,194.0,0.556640625,0.7914449891791329,0.052002776082318895,692.25,849.218269288487,0.9025232501776794,0.9754023282151151,0.044444444444444446,True,1.0,14133.0,FMF,Male,Placebo-resistant (STRICT-ADAPTIVE)
6007, g__Klebsiella, s__unclassified, p__Proteobacteria, c__Gammaproteobacteria, o__Enterobacteriales, f__Enterobacteriaceae,k__Bacteria; p__Proteobacteria; c__Gammaproteobacteria; o__Enterobacteriales; f__Enterobacteriaceae; g__Klebsiella; s__unclassified; 6007; GQ155996.1 gg_id:571066 Human gut microbiome adopts alternative state bowel transplantation ileum intestinal transplant clone SHZF626, GQ155996.1 gg_id:571066 Human gut microbiome adopts alternative state bowel transplantation ileum intestinal transplant clone SHZF626,10,-34.0,0.845703125,0.9248303534925827,0.07549878160691752,892.5,598.8613967670464,0.934896814773755,0.9928887934220945,-0.022222222222222223,True,1.0,12088.0,FMF,Male,Placebo-resistant (STRICT-ADAPTIVE)
22007, g__unclassified, s__unclassified, p__Firmicutes, c__Clostridia, o__Clostridiales, f__Ruminococcaceae,k__Bacteria; p__Firmicutes; c__Clostridia; o__Clostridiales; f__Ruminococcaceae; g__unclassified; s__unclassified; 22007; EU009770.1 gg_id:247551 intestinal microbiota domestic and wild turkeys turkey cecum clone DTB_AF39, EU009770.1 gg_id:247551 intestinal microbiota domestic and wild turkeys turkey cecum clone DTB_AF39,10,2.5,1.0,1.0,0.08198787153704601,640.5,690.509857260078,1.0,1.0,0.0,True,1.0,12743.5,FMF,Male,Placebo-resistant (STRICT-ADAPTIVE)
22825, g__unclassified, s__unclassified, p__Firmicutes, c__Clostridia, o__Clostridiales, f__Lachnospiraceae,k__Bacteria; p__Firmicutes; c__Clostridia; o__Clostridiales; f__Lachnospiraceae; g__unclassified; s__unclassified; 22825; EU506568.1 gg_id:262414 cecal contents Mus musculus strain C57BL/6J; MD19 clone MD19_aaa04d08, EU506568.1 gg_id:262414 cecal contents Mus musculus strain C57BL/6J MD19 clone MD19_aaa04d08,10,-34.5,0.921875,0.9628597924917722,0.04908109364097129,418.5,433.94666111554926,0.967435545139537,0.9928887934220945,-0.022222222222222223,True,1.0,11799.5,FMF,Male,Placebo-resistant (STRICT-ADAPTIVE)
69342, g__Anaerofustis, s__unclassified, p__Firmicutes, c__Clostridia, o__Clostridiales, f__Eubacteriaceae,k__Bacteria; p__Firmicutes; c__Clostridia; o__Clostridiales; f__Eubacteriaceae; g__Anaerofustis; s__unclassified; 69342; AB198513.1 gg_id:135410 termite gut wall fraction clone RsW01-091, AB198513.1 gg_id:135410 termite gut wall fraction clone RsW01-091,10,-157.0,0.6953125,0.848255880244983,0.05611584302359618,446.75,682.5290123332976,0.7750513736700824,0.9376534160753778,0.08888888888888889,True,1.0,12598.5,FMF,Male,Placebo-resistant (STRICT-ADAPTIVE)
6562, g__Haemophilus, s__unclassified, p__Proteobacteria, c__Gammaproteobacteria, o__Pasteurellales, f__Pasteurellaceae,k__Bacteria; p__Proteobacteria; c__Gammaproteobacteria; o__Pasteurellales; f__Pasteurellaceae; g__Haemophilus; s__unclassified; 6562; FJ983093.1 gg_id:414943 Aspects Oral Microbiome subgingival plaque clone, FJ983093.1 gg_id:414943 Aspects Oral Microbiome subgingival plaque clone,10,138.5,0.556640625,0.7914449891791329,0.08147931387205871,788.5,727.3036606909417,0.9025232501776794,0.9754023282151151,-0.044444444444444446,True,1.0,11046.5,FMF,Male,Placebo-resistant (STRICT-ADAPTIVE)
24581, g__Faecalibacterium, s__Faecalibacterium prausnitzii, p__Firmicutes, c__Clostridia, o__Clostridiales, f__Ruminococcaceae,k__Bacteria; p__Firmicutes; c__Clostridia; o__Clostridiales; f__Ruminococcaceae; g__Faecalibacterium; s__Faecalibacterium prausnitzii; 24581; FJ672383.1 gg_id:515835 Synecology primary and secondary habitats Escherichia coli O157:H7 feedlot surface MARC beef cattle feedlot; top 3 cm behind feedbunk east pen 301; was negative STEC O157 clone Ll142-3P3, FJ672383.1 gg_id:515835 Synecology primary and secondary habitats Escherichia coli O157:H7 feedlot surface MARC beef cattle feedlot top 3 cm behind feedbunk east pen 301 was negative STEC O157 clone Ll142-3P3,10,120.0,0.375,0.7328566955432627,0.042158212432489676,404.75,576.4517047603478,0.7133031738784577,0.9207147820005681,0.1111111111111111,True,1.0,14246.0,FMF,Male,Placebo-resistant (STRICT-ADAPTIVE)
25198, g__Faecalibacterium, s__Faecalibacterium prausnitzii, p__Firmicutes, c__Clostridia, o__Clostridiales, f__Ruminococcaceae,k__Bacteria; p__Firmicutes; c__Clostridia; o__Clostridiales; f__Ruminococcaceae; g__Faecalibacterium; s__Faecalibacterium prausnitzii; 25198; DQ801706.1 gg_id:177293 human fecal clone RL201_aai45g09, DQ801706.1 gg_id:177293 human fecal clone RL201_aai45g09,10,162.5,0.275390625,0.7315836036008729,0.032948585412580896,327.25,509.6659026329569,0.7438630522159773,0.9376534160753778,0.1111111111111111,True,1.0,13134.5,FMF,Male,Placebo-resistant (STRICT-ADAPTIVE)
70278, g__unclassified, s__unclassified, p__Firmicutes, c__Clostridia, o__Clostridiales, f__Lachnospiraceae,k__Bacteria; p__Firmicutes; c__Clostridia; o__Clostridiales; f__Lachnospiraceae; g__unclassified; s__unclassified; 70278; EU843429.1 gg_id:332448 metagenomics random sampling pyrosequencing rumen fluid fiber adherent microbiome steer 8; 6 week 1 hour after feeding clone 1103200827656, EU843429.1 gg_id:332448 metagenomics random sampling pyrosequencing rumen fluid fiber adherent microbiome steer 8 6 week 1 hour after feeding clone 1103200827656,10,244.5,0.556640625,0.7914449891791329,0.05842686278340207,690.5,793.7944540020701,0.967435545139537,0.9928887934220945,-0.022222222222222223,True,1.0,11973.0,FMF,Male,Placebo-resistant (STRICT-ADAPTIVE)
67346, g__Prevotella, s__unclassified, p__Bacteroidetes, c__Bacteroidia, o__Bacteroidales, f__Prevotellaceae,k__Bacteria; p__Bacteroidetes; c__Bacteroidia; o__Bacteroidales; f__Prevotellaceae; g__Prevotella; s__unclassified; 67346; AM420217.1 gg_id:247034 Noma subgingival plaque clone 601D02(oral), AM420217.1 gg_id:247034 Noma subgingival plaque clone 601D02(oral),10,229.0,0.431640625,0.7455067855825108,0.13320561305495146,919.25,1152.2960832977492,0.7750513736700824,0.9376534160753778,0.08888888888888889,True,1.0,12351.5,FMF,Male,Placebo-resistant (STRICT-ADAPTIVE)
24614, g__Faecalibacterium, s__unclassified, p__Firmicutes, c__Clostridia, o__Clostridiales, f__Ruminococcaceae,k__Bacteria; p__Firmicutes; c__Clostridia; o__Clostridiales; f__Ruminococcaceae; g__Faecalibacterium; s__unclassified; 24614; FJ678764.1 gg_id:510485 Synecology primary and secondary habitats Escherichia coli O157:H7 fecal MARC beef cattle feedlot animal #4017 pen 301; was positive STEC O157 clone 4-7F21, FJ678764.1 gg_id:510485 Synecology primary and secondary habitats Escherichia coli O157:H7 fecal MARC beef cattle feedlot animal #4017 pen 301 was positive STEC O157 clone 4-7F21,10,-42.0,1.0,1.0,0.042896884417090095,348.75,419.360668976532,0.7133031738784577,0.9207147820005681,-0.1111111111111111,True,1.0,14247.0,FMF,Male,Placebo-resistant (STRICT-ADAPTIVE)
45270, g__Clostridium, s__Clostridium paraputrificum, p__Firmicutes, c__Clostridia, o__Clostridiales, f__Clostridiaceae,k__Bacteria; p__Firmicutes; c__Clostridia; o__Clostridiales; f__Clostridiaceae; g__Clostridium; s__Clostridium paraputrificum; 45270; X75907.1 gg_id:16215 Clostridium paraputrificum str. ATCC 25780, X75907.1 gg_id:16215 Clostridium paraputrificum str. ATCC 25780,10,96.0,0.845703125,0.9248303534925827,0.13931601183382225,1111.0,1674.3330273173124,1.0,1.0,0.0,True,1.0,10571.0,FMF,Male,Placebo-resistant (STRICT-ADAPTIVE)
50164, g__Veillonella, s__unclassified, p__Firmicutes, c__Clostridia, o__Clostridiales, f__Veillonellaceae,k__Bacteria; p__Firmicutes; c__Clostridia; o__Clostridiales; f__Veillonellaceae; g__Veillonella; s__unclassified; 50164; GQ091818.1 gg_id:411006 Topographical and Temporal Human Skin Microbiome skin antecubital fossa clone nbw726b10c1, GQ091818.1 gg_id:411006 Topographical and Temporal Human Skin Microbiome skin antecubital fossa clone nbw726b10c1,10,153.0,0.322265625,0.7315836036008729,0.0771541286240284,580.5,974.8514214883096,0.967435545139537,0.9928887934220945,0.022222222222222223,True,1.0,13277.5,FMF,Male,Placebo-resistant (STRICT-ADAPTIVE)
17988, g__Roseburia, s__Eubacterium rectale, p__Firmicutes, c__Clostridia, o__Clostridiales, f__Lachnospiraceae,k__Bacteria; p__Firmicutes; c__Clostridia; o__Clostridiales; f__Lachnospiraceae; g__Roseburia; s__Eubacterium rectale; 17988; FJ370282.1 gg_id:367961 feces adult twins and mothers; TS56 clone TS56_a02g11, FJ370282.1 gg_id:367961 feces adult twins and mothers TS56 clone TS56_a02g11,10,87.0,0.845703125,0.9248303534925827,0.05467782719260465,474.25,807.0031730104218,0.7133031738784577,0.9207147820005681,0.1111111111111111,True,1.0,14294.0,FMF,Male,Placebo-resistant (STRICT-ADAPTIVE)
12270, g__Aquabacterium, s__unclassified, p__Proteobacteria, c__Betaproteobacteria, o__Burkholderiales, f__Aquabacteriaceae,k__Bacteria; p__Proteobacteria; c__Betaproteobacteria; o__Burkholderiales; f__Aquabacteriaceae; g__Aquabacterium; s__unclassified; 12270; GQ097790.1 gg_id:417520 Topographical and Temporal Human Skin Microbiome skin occiput clone nbw456g05c1, GQ097790.1 gg_id:417520 Topographical and Temporal Human Skin Microbiome skin occiput clone nbw456g05c1,10,307.0,0.6953125,0.848255880244983,0.048363596145756665,559.75,775.5749524814909,0.7750513736700824,0.9376534160753778,0.08888888888888889,True,1.0,10989.0,FMF,Male,Placebo-resistant (STRICT-ADAPTIVE)
71864, g__Lactobacillus, s__unclassified, p__Firmicutes, c__Bacilli, o__Lactobacillales, f__Lactobacillaceae,k__Bacteria; p__Firmicutes; c__Bacilli; o__Lactobacillales; f__Lactobacillaceae; g__Lactobacillus; s__unclassified; 71864; EU455031.1 gg_id:311151 Innate immunity and intestinal microbiota Type 1 diabetes mouse cecum clone K74N3_77b03, EU455031.1 gg_id:311151 Innate immunity and intestinal microbiota Type 1 diabetes mouse cecum clone K74N3_77b03,10,228.5,0.76953125,0.8836442490494296,0.09459280403033885,1168.25,780.1498542117832,0.7133031738784577,0.9207147820005681,0.1111111111111111,True,1.0,10565.5,FMF,Male,Placebo-resistant (STRICT-ADAPTIVE)
24169, g__Coprococcus, s__Coprococcus catus, p__Firmicutes, c__Clostridia, o__Clostridiales, f__Lachnospiraceae,k__Bacteria; p__Firmicutes; c__Clostridia; o__Clostridiales; f__Lachnospiraceae; g__Coprococcus; s__Coprococcus catus; 24169; AY977551.1 gg_id:121101 human cecum mucosal biopsy clone W357, AY977551.1 gg_id:121101 human cecum mucosal biopsy clone W357,10,117.0,0.625,0.8184138750961605,0.0713183055461371,806.5,953.4642700664423,0.7750513736700824,0.9376534160753778,0.08888888888888889,True,1.0,12732.5,FMF,Male,Placebo-resistant (STRICT-ADAPTIVE)
66695, g__unclassified, s__unclassified, p__Bacteroidetes, c__Bacteroidia, o__Bacteroidales, f__RikenellaceaeII,k__Bacteria; p__Bacteroidetes; c__Bacteroidia; o__Bacteroidales; f__RikenellaceaeII; g__unclassified; s__unclassified; 66695; EU461561.1 gg_id:296651 black rhinoceros feces clone RH_aaj92e07, EU461561.1 gg_id:296651 black rhinoceros feces clone RH_aaj92e07,10,224.5,0.322265625,0.7315836036008729,0.14065943955225055,589.5,951.5080581249255,0.8382564863858263,0.9581536201140475,-0.06666666666666667,True,1.0,11949.0,FMF,Male,Placebo-resistant (STRICT-ADAPTIVE)
26754, g__unclassified, s__unclassified, p__Firmicutes, c__Clostridia, o__Clostridiales, f__Ruminococcaceae,k__Bacteria; p__Firmicutes; c__Clostridia; o__Clostridiales; f__Ruminococcaceae; g__unclassified; s__unclassified; 26754; DQ803678.1 gg_id:198988 human fecal clone RL200_aai57a11, DQ803678.1 gg_id:198988 human fecal clone RL200_aai57a11,10,81.0,0.6953125,0.848255880244983,0.07379372296143275,825.25,817.5588712264771,0.6533789106936937,0.9002109436224224,0.13333333333333333,True,1.0,11725.5,FMF,Male,Placebo-resistant (STRICT-ADAPTIVE)
50503, g__Veillonella, s__Veillonella dispar, p__Firmicutes, c__Clostridia, o__Clostridiales, f__Veillonellaceae,k__Bacteria; p__Firmicutes; c__Clostridia; o__Clostridiales; f__Veillonellaceae; g__Veillonella; s__Veillonella dispar; 50503; GQ012772.1 gg_id:496894 Topographical and Temporal Human Skin Microbiome skin volar forearm clone nbw801e10c1, GQ012772.1 gg_id:496894 Topographical and Temporal Human Skin Microbiome skin volar forearm clone nbw801e10c1,10,44.0,0.6953125,0.848255880244983,0.10272629720753798,369.75,854.085847083171,0.7750513736700824,0.9376534160753778,-0.08888888888888889,True,1.0,12229.0,FMF,Male,Placebo-resistant (STRICT-ADAPTIVE)
5935, g__Klebsiella, s__unclassified, p__Proteobacteria, c__Gammaproteobacteria, o__Enterobacteriales, f__Enterobacteriaceae,k__Bacteria; p__Proteobacteria; c__Gammaproteobacteria; o__Enterobacteriales; f__Enterobacteriaceae; g__Klebsiella; s__unclassified; 5935; FJ975804.1 gg_id:548574 Human gut microbiome adopts alternative state bowel transplantation ileum effluent clone 6d77.736, FJ975804.1 gg_id:548574 Human gut microbiome adopts alternative state bowel transplantation ileum effluent clone 6d77.736,10,287.0,0.130859375,0.7315836036008729,0.08215514369363017,779.75,810.6272406044593,0.7133031738784577,0.9207147820005681,0.1111111111111111,True,1.0,11547.0,FMF,Male,Placebo-resistant (STRICT-ADAPTIVE)
46634, g__Staphylococcus, s__unclassified, p__Firmicutes, c__Bacilli, o__Bacillales, f__Staphylococcaceae,k__Bacteria; p__Firmicutes; c__Bacilli; o__Bacillales; f__Staphylococcaceae; g__Staphylococcus; s__unclassified; 46634; GQ002108.1 gg_id:507553 Topographical and Temporal Human Skin Microbiome skin axillary vault clone nbu167g03c1, GQ002108.1 gg_id:507553 Topographical and Temporal Human Skin Microbiome skin axillary vault clone nbu167g03c1,10,258.5,0.25,0.7315836036008729,0.06615818912084667,651.5,597.3968890528306,0.7133031738784577,0.9207147820005681,-0.1111111111111111,True,1.0,10592.0,FMF,Male,Placebo-resistant (STRICT-ADAPTIVE)
18173, g__Roseburia, s__Eubacterium rectale, p__Firmicutes, c__Clostridia, o__Clostridiales, f__Lachnospiraceae,k__Bacteria; p__Firmicutes; c__Clostridia; o__Clostridiales; f__Lachnospiraceae; g__Roseburia; s__Eubacterium rectale; 18173; FJ362755.1 gg_id:362203 feces adult twins and mothers; TS13 clone TS13_a02g04, FJ362755.1 gg_id:362203 feces adult twins and mothers TS13 clone TS13_a02g04,10,-8.0,1.0,1.0,0.0742655378117769,559.75,867.748491524666,0.8382564863858263,0.9581536201140475,0.06666666666666667,True,1.0,12851.5,FMF,Male,Placebo-resistant (STRICT-ADAPTIVE)
55900, g__Akkermansia, s__unclassified, p__Verrucomicrobia, c__Verrucomicrobiae, o__Verrucomicrobiales, f__Verrucomicrobiaceae,k__Bacteria; p__Verrucomicrobia; c__Verrucomicrobiae; o__Verrucomicrobiales; f__Verrucomicrobiaceae; g__Akkermansia; s__unclassified; 55900; EU508365.1 gg_id:262989 cecal contents Mus musculus strain C57BL/6J; MD27 clone MD27_aaa03h06, EU508365.1 gg_id:262989 cecal contents Mus musculus strain C57BL/6J MD27 clone MD27_aaa03h06,10,95.0,0.845703125,0.9248303534925827,0.09178169040051064,941.5,762.2434791995418,0.967435545139537,0.9928887934220945,-0.022222222222222223,True,1.0,6815.0,FMF,Male,Placebo-resistant (STRICT-ADAPTIVE)
6207, g__Escherichia, s__unclassified, p__Proteobacteria, c__Gammaproteobacteria, o__Enterobacteriales, f__Enterobacteriaceae,k__Bacteria; p__Proteobacteria; c__Gammaproteobacteria; o__Enterobacteriales; f__Enterobacteriaceae; g__Escherichia; s__unclassified; 6207; EU472915.1 gg_id:291673 red panda feces clone RPSD_1aaa02f08, EU472915.1 gg_id:291673 red panda feces clone RPSD_1aaa02f08,10,180.5,0.275390625,0.7315836036008729,0.07706897630314107,876.25,531.9675796971925,0.8382564863858263,0.9581536201140475,-0.06666666666666667,True,1.0,12161.5,FMF,Male,Placebo-resistant (STRICT-ADAPTIVE)
3458, g__unclassified, s__unclassified, p__Proteobacteria, c__Gammaproteobacteria, o__Oceanospirillales, f__FCPT525,k__Bacteria; p__Proteobacteria; c__Gammaproteobacteria; o__Oceanospirillales; f__FCPT525; g__unclassified; s__unclassified; 3458; EU464904.1 gg_id:301529 Hartmann's mountain zebra feces clone AFZEB_aaj72h05, EU464904.1 gg_id:301529 Hartmann's mountain zebra feces clone AFZEB_aaj72h05,10,61.0,0.431640625,0.7455067855825108,0.035324260491040774,325.75,422.5315471719899,1.0,1.0,0.0,True,1.0,13688.0,FMF,Male,Placebo-resistant (STRICT-ADAPTIVE)
984, g__Pseudomonas, s__unclassified, p__Proteobacteria, c__Gammaproteobacteria, o__Pseudomonadales, f__Pseudomonadaceae,k__Bacteria; p__Proteobacteria; c__Gammaproteobacteria; o__Pseudomonadales; f__Pseudomonadaceae; g__Pseudomonas; s__unclassified; 984; EF513773.1 gg_id:220219 Pseudomonas putida str. JB-1, EF513773.1 gg_id:220219 Pseudomonas putida str. JB-1,10,-70.0,0.921875,0.9628597924917722,0.057647093228657395,561.5,420.45782100652565,0.7750513736700824,0.9376534160753778,-0.08888888888888889,True,1.0,9039.0,FMF,Male,Placebo-resistant (STRICT-ADAPTIVE)
18498, g__Ruminococcus, s__unclassified, p__Firmicutes, c__Clostridia, o__Clostridiales, f__Lachnospiraceae,k__Bacteria; p__Firmicutes; c__Clostridia; o__Clostridiales; f__Lachnospiraceae; g__Ruminococcus; s__unclassified; 18498; DQ801898.1 gg_id:178400 human fecal clone RL201_aai48c03, DQ801898.1 gg_id:178400 human fecal clone RL201_aai48c03,10,19.0,0.76953125,0.8836442490494296,0.06548509239120168,692.0,856.882235175873,0.7750513736700824,0.9376534160753778,0.08888888888888889,True,1.0,13468.5,FMF,Male,Placebo-resistant (STRICT-ADAPTIVE)
15862, g__sfA, s__unclassified, p__Proteobacteria, c__Betaproteobacteria, o__Rhodocyclales, f__unclassified,k__Bacteria; p__Proteobacteria; c__Betaproteobacteria; o__Rhodocyclales; f__unclassified; g__sfA; s__unclassified; 15862; AY212696.1 gg_id:106348 water 10 m downstream manure clone 248ds10, AY212696.1 gg_id:106348 water 10 m downstream manure clone 248ds10,10,239.0,0.375,0.7328566955432627,0.06696395392047566,634.0,576.3017017355869,0.7750513736700824,0.9376534160753778,0.08888888888888889,True,1.0,9906.5,FMF,Male,Placebo-resistant (STRICT-ADAPTIVE)
8701, g__Diaphorobacter, s__unclassified, p__Proteobacteria, c__Betaproteobacteria, o__Burkholderiales, f__Comamonadaceae,k__Bacteria; p__Proteobacteria; c__Betaproteobacteria; o__Burkholderiales; f__Comamonadaceae; g__Diaphorobacter; s__unclassified; 8701; GQ103595.1 gg_id:410453 Topographical and Temporal Human Skin Microbiome skin toe web space clone nbw712c02c1, GQ103595.1 gg_id:410453 Topographical and Temporal Human Skin Microbiome skin toe web space clone nbw712c02c1,10,126.5,0.16015625,0.7315836036008729,0.021807633413750055,324.25,259.6704933415082,0.7750513736700824,0.9376534160753778,0.08888888888888889,True,1.0,12965.0,FMF,Male,Placebo-resistant (STRICT-ADAPTIVE)
54938, g__Akkermansia, s__Akkermansia muciniphila, p__Verrucomicrobia, c__Verrucomicrobiae, o__Verrucomicrobiales, f__Verrucomicrobiaceae,k__Bacteria; p__Verrucomicrobia; c__Verrucomicrobiae; o__Verrucomicrobiales; f__Verrucomicrobiaceae; g__Akkermansia; s__Akkermansia muciniphila; 54938; EU459611.1 gg_id:291051 ring-tailed lemur feces clone RT_aai09c04, EU459611.1 gg_id:291051 ring-tailed lemur feces clone RT_aai09c04,10,186.0,0.232421875,0.7315836036008729,0.0568379568494291,577.75,472.67432663750867,0.6533789106936937,0.9002109436224224,0.13333333333333333,True,1.0,12382.0,FMF,Male,Placebo-resistant (STRICT-ADAPTIVE)
67428, g__Prevotella, s__unclassified, p__Bacteroidetes, c__Bacteroidia, o__Bacteroidales, f__Prevotellaceae,k__Bacteria; p__Bacteroidetes; c__Bacteroidia; o__Bacteroidales; f__Prevotellaceae; g__Prevotella; s__unclassified; 67428; EU776030.1 gg_id:305514 Spotted hyena feces clone HY1_h05_2, EU776030.1 gg_id:305514 Spotted hyena feces clone HY1_h05_2,10,290.5,0.4921875,0.7635226801988401,0.045852917324688054,355.5,925.6018397807751,0.7750513736700824,0.9376534160753778,0.08888888888888889,True,1.0,13460.5,FMF,Male,Placebo-resistant (STRICT-ADAPTIVE)
35383, g__Corynebacterium, s__unclassified, p__Actinobacteria, c__Actinobacteria, o__Actinomycetales, f__Corynebacteriaceae,k__Bacteria; p__Actinobacteria; c__Actinobacteria; o__Actinomycetales; f__Corynebacteriaceae; g__Corynebacterium; s__unclassified; 35383; GQ003877.1 gg_id:505784 Topographical and Temporal Human Skin Microbiome skin nare clone nbu58d09c1, GQ003877.1 gg_id:505784 Topographical and Temporal Human Skin Microbiome skin nare clone nbu58d09c1,10,-33.5,0.625,0.8184138750961605,0.016588687255717785,205.25,216.0877430942245,0.8702263458891504,0.9754023282151151,0.03333333333333333,True,1.0,13884.0,FMF,Male,Placebo-resistant (STRICT-ADAPTIVE)
24503, g__Faecalibacterium, s__Faecalibacterium prausnitzii, p__Firmicutes, c__Clostridia, o__Clostridiales, f__Ruminococcaceae,k__Bacteria; p__Firmicutes; c__Clostridia; o__Clostridiales; f__Ruminococcaceae; g__Faecalibacterium; s__Faecalibacterium prausnitzii; 24503; FJ367117.1 gg_id:364030 feces adult twins and mothers; TS28 clone TS28_a03f12, FJ367117.1 gg_id:364030 feces adult twins and mothers TS28 clone TS28_a03f12,10,202.5,0.375,0.7328566955432627,0.05921619426480513,153.0,759.5591302679031,1.0,1.0,0.0,True,1.0,12174.5,FMF,Male,Placebo-resistant (STRICT-ADAPTIVE)
5129, g__unclassified, s__unclassified, p__Proteobacteria, c__Gammaproteobacteria, o__Enterobacteriales, f__Enterobacteriaceae,k__Bacteria; p__Proteobacteria; c__Gammaproteobacteria; o__Enterobacteriales; f__Enterobacteriaceae; g__unclassified; s__unclassified; 5129; EU239468.1 gg_id:255707 Enterobacter asburiae str. XJUHX-5, EU239468.1 gg_id:255707 Enterobacter asburiae str. XJUHX-5,10,256.0,0.193359375,0.7315836036008729,0.22994035693461154,596.5,1555.5269356416388,0.967435545139537,0.9928887934220945,-0.022222222222222223,True,1.0,10097.0,FMF,Male,Placebo-resistant (STRICT-ADAPTIVE)
72277, g__Lactobacillus, s__unclassified, p__Firmicutes, c__Bacilli, o__Lactobacillales, f__Lactobacillaceae,k__Bacteria; p__Firmicutes; c__Bacilli; o__Lactobacillales; f__Lactobacillaceae; g__Lactobacillus; s__unclassified; 72277; EU454221.1 gg_id:326198 Innate immunity and intestinal microbiota Type 1 diabetes mouse cecum clone H80N1_74f05, EU454221.1 gg_id:326198 Innate immunity and intestinal microbiota Type 1 diabetes mouse cecum clone H80N1_74f05,10,204.0,0.10546875,0.7315836036008729,0.05592398377547578,428.0,701.4945368481339,0.7750513736700824,0.9376534160753778,0.08888888888888889,True,1.0,12041.0,FMF,Male,Placebo-resistant (STRICT-ADAPTIVE)
70367, g__unclassified, s__unclassified, p__Firmicutes, c__Clostridia, o__Clostridiales, f__Catabacteriaceae,k__Bacteria; p__Firmicutes; c__Clostridia; o__Clostridiales; f__Catabacteriaceae; g__unclassified; s__unclassified; 70367; DQ805386.1 gg_id:177600 human fecal clone RL203_aai62a01, DQ805386.1 gg_id:177600 human fecal clone RL203_aai62a01,10,45.5,0.375,0.7328566955432627,0.03894400862096486,620.75,435.23834864231446,1.0,1.0,0.0,True,1.0,12356.0,FMF,Male,Placebo-resistant (STRICT-ADAPTIVE)
40971, g__Rothia, s__Rothia mucilaginosa, p__Actinobacteria, c__Actinobacteria, o__Actinomycetales, f__Micrococcaceae,k__Bacteria; p__Actinobacteria; c__Actinobacteria; o__Actinomycetales; f__Micrococcaceae; g__Rothia; s__Rothia mucilaginosa; 40971; GQ072061.1 gg_id:454275 Topographical and Temporal Human Skin Microbiome skin occiput clone nbw191f12c1, GQ072061.1 gg_id:454275 Topographical and Temporal Human Skin Microbiome skin occiput clone nbw191f12c1,10,-77.0,0.232421875,0.7315836036008729,0.023558476961276643,313.25,222.998154573829,0.9025232501776794,0.9754023282151151,0.044444444444444446,True,1.0,12960.5,FMF,Male,Placebo-resistant (STRICT-ADAPTIVE)
26360, g__Faecalibacterium, s__Faecalibacterium prausnitzii, p__Firmicutes, c__Clostridia, o__Clostridiales, f__Ruminococcaceae,k__Bacteria; p__Firmicutes; c__Clostridia; o__Clostridiales; f__Ruminococcaceae; g__Faecalibacterium; s__Faecalibacterium prausnitzii; 26360; FJ678769.1 gg_id:529017 Synecology primary and secondary habitats Escherichia coli O157:H7 fecal MARC beef cattle feedlot animal #4017 pen 301; was positive STEC O157 clone 4-7G16, FJ678769.1 gg_id:529017 Synecology primary and secondary habitats Escherichia coli O157:H7 fecal MARC beef cattle feedlot animal #4017 pen 301 was positive STEC O157 clone 4-7G16,10,100.0,0.6953125,0.848255880244983,0.04545664282560399,272.0,699.7042950656609,0.7750513736700824,0.9376534160753778,0.08888888888888889,True,1.0,13449.5,FMF,Male,Placebo-resistant (STRICT-ADAPTIVE)
22176, g__Oscillospira, s__unclassified, p__Firmicutes, c__Clostridia, o__Clostridiales, f__Ruminococcaceae,k__Bacteria; p__Firmicutes; c__Clostridia; o__Clostridiales; f__Ruminococcaceae; g__Oscillospira; s__unclassified; 22176; EF401625.1 gg_id:213633 human fecal clone SJTU_D_13_45, EF401625.1 gg_id:213633 human fecal clone SJTU_D_13_45,10,81.0,0.4921875,0.7635226801988401,0.033908470215673725,312.25,339.62171519533644,0.7750513736700824,0.9376534160753778,0.08888888888888889,True,1.0,13702.5,FMF,Male,Placebo-resistant (STRICT-ADAPTIVE)
76289, g__sfA, s__unclassified, p__Spirochaetes, c__GN05, o__IF025, f__unclassified,k__Bacteria; p__Spirochaetes; c__GN05; o__IF025; f__unclassified; g__sfA; s__unclassified; 76289; EU245543.1 gg_id:249265 Miniprimer new lens viewing world hypersaline microbial mat clone MAT-CR-M2-H05, EU245543.1 gg_id:249265 Miniprimer new lens viewing world hypersaline microbial mat clone MAT-CR-M2-H05,10,131.0,0.232421875,0.7315836036008729,0.06441027838869492,746.25,699.65979359813,0.7750513736700824,0.9376534160753778,0.08888888888888889,True,1.0,11605.0,FMF,Male,Placebo-resistant (STRICT-ADAPTIVE)
67790, g__Prevotella, s__unclassified, p__Bacteroidetes, c__Bacteroidia, o__Bacteroidales, f__Prevotellaceae,k__Bacteria; p__Bacteroidetes; c__Bacteroidia; o__Bacteroidales; f__Prevotellaceae; g__Prevotella; s__unclassified; 67790; FJ673684.1 gg_id:519820 Synecology primary and secondary habitats Escherichia coli O157:H7 fecal MARC beef cattle feedlot animal #4262 pen 301; was positive STEC O157 clone 130-5P3, FJ673684.1 gg_id:519820 Synecology primary and secondary habitats Escherichia coli O157:H7 fecal MARC beef cattle feedlot animal #4262 pen 301 was positive STEC O157 clone 130-5P3,10,-16.0,0.76953125,0.8836442490494296,0.07257936278752597,866.75,844.2184275549387,0.9025232501776794,0.9754023282151151,-0.044444444444444446,True,1.0,13328.5,FMF,Male,Placebo-resistant (STRICT-ADAPTIVE)
55913, g__Akkermansia, s__unclassified, p__Verrucomicrobia, c__Verrucomicrobiae, o__Verrucomicrobiales, f__Verrucomicrobiaceae,k__Bacteria; p__Verrucomicrobia; c__Verrucomicrobiae; o__Verrucomicrobiales; f__Verrucomicrobiaceae; g__Akkermansia; s__unclassified; 55913; DQ797786.1 gg_id:197591 human fecal clone RL206_aaj15g12, DQ797786.1 gg_id:197591 human fecal clone RL206_aaj15g12,10,120.0,0.556640625,0.7914449891791329,0.1938873217641564,1329.25,1465.5859898685196,0.967435545139537,0.9928887934220945,0.022222222222222223,True,1.0,10556.5,FMF,Male,Placebo-resistant (STRICT-ADAPTIVE)
26111, g__Faecalibacterium, s__unclassified, p__Firmicutes, c__Clostridia, o__Clostridiales, f__Ruminococcaceae,k__Bacteria; p__Firmicutes; c__Clostridia; o__Clostridiales; f__Ruminococcaceae; g__Faecalibacterium; s__unclassified; 26111; DQ798404.1 gg_id:182641 human fecal clone RL181_aah42b01, DQ798404.1 gg_id:182641 human fecal clone RL181_aah42b01,10,41.0,0.556640625,0.7914449891791329,0.049950630676106514,310.5,941.8785003509388,0.6533789106936937,0.9002109436224224,0.13333333333333333,True,1.0,14294.5,FMF,Male,Placebo-resistant (STRICT-ADAPTIVE)
50466, g__Veillonella, s__unclassified, p__Firmicutes, c__Clostridia, o__Clostridiales, f__Veillonellaceae,k__Bacteria; p__Firmicutes; c__Clostridia; o__Clostridiales; f__Veillonellaceae; g__Veillonella; s__unclassified; 50466; AM697482.1 gg_id:219084 sequencing libraries indoor dust clone BF0001D097, AM697482.1 gg_id:219084 sequencing libraries indoor dust clone BF0001D097,10,49.5,0.431640625,0.7455067855825108,0.10633564300513802,1053.75,991.6909699565352,1.0,1.0,0.0,True,1.0,12555.0,FMF,Male,Placebo-resistant (STRICT-ADAPTIVE)
77065, g__TM3, s__unclassified, p__Spirochaetes, c__Spirochaetes, o__Spirochaetales, f__Spirochaetaceae,k__Bacteria; p__Spirochaetes; c__Spirochaetes; o__Spirochaetales; f__Spirochaetaceae; g__TM3; s__unclassified; 77065; FJ748821.1 gg_id:582122 Vertical and sulfate-reducing prokaryotes estuarine Southern China Pearl River Estuary sediments clone BotBa32, FJ748821.1 gg_id:582122 Vertical and sulfate-reducing prokaryotes estuarine Southern China Pearl River Estuary sediments clone BotBa32,10,53.5,0.083984375,0.7315836036008729,0.04615056800318078,288.25,470.13370996865234,0.7750513736700824,0.9376534160753778,0.08888888888888889,True,1.0,13151.5,FMF,Male,Placebo-resistant (STRICT-ADAPTIVE)
45328, g__Clostridium, s__unclassified, p__Firmicutes, c__Clostridia, o__Clostridiales, f__Clostridiaceae,k__Bacteria; p__Firmicutes; c__Clostridia; o__Clostridiales; f__Clostridiaceae; g__Clostridium; s__unclassified; 45328; FJ679026.1 gg_id:514689 Synecology primary and secondary habitats Escherichia coli O157:H7 fecal MARC beef cattle feedlot animal #4017 pen 301; was positive STEC O157 clone 4-8H6, FJ679026.1 gg_id:514689 Synecology primary and secondary habitats Escherichia coli O157:H7 fecal MARC beef cattle feedlot animal #4017 pen 301 was positive STEC O157 clone 4-8H6,10,20.0,0.921875,0.9628597924917722,0.0371102944668952,554.5,621.1408820057565,0.9025232501776794,0.9754023282151151,0.044444444444444446,True,1.0,12262.5,FMF,Male,Placebo-resistant (STRICT-ADAPTIVE)
66772, g__unclassified, s__unclassified, p__Bacteroidetes, c__Bacteroidia, o__Bacteroidales, f__RikenellaceaeII,k__Bacteria; p__Bacteroidetes; c__Bacteroidia; o__Bacteroidales; f__RikenellaceaeII; g__unclassified; s__unclassified; 66772; EU459441.1 gg_id:297220 capybara feces clone CAP_aah97a09, EU459441.1 gg_id:297220 capybara feces clone CAP_aah97a09,10,234.0,0.431640625,0.7455067855825108,0.1567729468599034,1198.75,1082.7908227333455,0.8382564863858263,0.9581536201140475,0.06666666666666667,True,1.0,11122.5,FMF,Male,Placebo-resistant (STRICT-ADAPTIVE)
68015, g__Prevotella, s__unclassified, p__Bacteroidetes, c__Bacteroidia, o__Bacteroidales, f__Prevotellaceae,k__Bacteria; p__Bacteroidetes; c__Bacteroidia; o__Bacteroidales; f__Prevotellaceae; g__Prevotella; s__unclassified; 68015; GQ491858.1 gg_id:576234 Effect Diet on Human Gut Microbiome: Metagenomic Humanized Gnotobiotic Mice cecal contents Mus musculus strain C57BL/6J; PM8 clone PM8_a02c10, GQ491858.1 gg_id:576234 Effect Diet on Human Gut Microbiome: Metagenomic Humanized Gnotobiotic Mice cecal contents Mus musculus strain C57BL/6J PM8 clone PM8_a02c10,10,412.5,0.322265625,0.7315836036008729,0.12684474120629774,775.75,835.8474517943517,0.7750513736700824,0.9376534160753778,0.08888888888888889,True,1.0,12789.0,FMF,Male,Placebo-resistant (STRICT-ADAPTIVE)
28230, g__unclassified, s__unclassified, p__Firmicutes, c__Clostridia, o__Clostridiales, f__Lachnospiraceae,k__Bacteria; p__Firmicutes; c__Clostridia; o__Clostridiales; f__Lachnospiraceae; g__unclassified; s__unclassified; 28230; FJ366090.1 gg_id:358312 feces adult twins and mothers; TS25 clone TS25_a02e11, FJ366090.1 gg_id:358312 feces adult twins and mothers TS25 clone TS25_a02e11,10,51.0,0.4921875,0.7635226801988401,0.025912819816706772,304.25,293.8531718940979,0.967435545139537,0.9928887934220945,0.022222222222222223,True,1.0,13074.0,FMF,Male,Placebo-resistant (STRICT-ADAPTIVE)
56126, g__Akkermansia, s__Akkermansia muciniphila, p__Verrucomicrobia, c__Verrucomicrobiae, o__Verrucomicrobiales, f__Verrucomicrobiaceae,k__Bacteria; p__Verrucomicrobia; c__Verrucomicrobiae; o__Verrucomicrobiales; f__Verrucomicrobiaceae; g__Akkermansia; s__Akkermansia muciniphila; 56126; EU459757.1 gg_id:291532 ring-tailed lemur feces clone RT_aai12c06, EU459757.1 gg_id:291532 ring-tailed lemur feces clone RT_aai12c06,10,51.5,0.900390625,0.9628597924917722,0.047031850194364996,487.5,532.7681557728048,0.8381163839331416,0.9581536201140475,-0.06666666666666667,True,1.0,12426.0,FMF,Male,Placebo-resistant (STRICT-ADAPTIVE)
40448, g__Citricoccus, s__unclassified, p__Actinobacteria, c__Actinobacteria, o__Actinomycetales, f__Micrococcaceae,k__Bacteria; p__Actinobacteria; c__Actinobacteria; o__Actinomycetales; f__Micrococcaceae; g__Citricoccus; s__unclassified; 40448; FJ674681.1 gg_id:512185 Synecology primary and secondary habitats Escherichia coli O157:H7 feedlot surface MARC beef cattle feedlot; top 3 cm behind feedbunk west pen 301; was negative STEC O157 clone LL141-2L5, FJ674681.1 gg_id:512185 Synecology primary and secondary habitats Escherichia coli O157:H7 feedlot surface MARC beef cattle feedlot top 3 cm behind feedbunk west pen 301 was negative STEC O157 clone LL141-2L5,10,97.5,0.322265625,0.7315836036008729,0.08773248396070801,853.5,928.8557459398933,0.6533789106936937,0.9002109436224224,0.13333333333333333,True,1.0,10581.0,FMF,Male,Placebo-resistant (STRICT-ADAPTIVE)
68685, g__Bacteroides, s__unclassified, p__Bacteroidetes, c__Bacteroidia, o__Bacteroidales, f__Bacteroidaceae,k__Bacteria; p__Bacteroidetes; c__Bacteroidia; o__Bacteroidales; f__Bacteroidaceae; g__Bacteroides; s__unclassified; 68685; AB490801.1 gg_id:570110 Bacteroides clarus str. YIT 12056, AB490801.1 gg_id:570110 Bacteroides clarus str. YIT 12056,10,126.5,0.556640625,0.7914449891791329,0.20610990220521316,1410.5,1621.6438315953078,0.8382564863858263,0.9581536201140475,0.06666666666666667,True,1.0,10925.0,FMF,Male,Placebo-resistant (STRICT-ADAPTIVE)
67937, g__Prevotella, s__unclassified, p__Bacteroidetes, c__Bacteroidia, o__Bacteroidales, f__Prevotellaceae,k__Bacteria; p__Bacteroidetes; c__Bacteroidia; o__Bacteroidales; f__Prevotellaceae; g__Prevotella; s__unclassified; 67937; GU302844.1 gg_id:575618 inhabiting epithelial tissue ruminal digesta -DGGE and sequencing rumen contents clone L206RC-4-G10, GU302844.1 gg_id:575618 inhabiting epithelial tissue ruminal digesta -DGGE and sequencing rumen contents clone L206RC-4-G10,10,136.5,0.431640625,0.7455067855825108,0.05446605756950585,494.75,643.2836352211467,0.967435545139537,0.9928887934220945,0.022222222222222223,True,1.0,12303.5,FMF,Male,Placebo-resistant (STRICT-ADAPTIVE)
26397, g__Faecalibacterium, s__Faecalibacterium prausnitzii, p__Firmicutes, c__Clostridia, o__Clostridiales, f__Ruminococcaceae,k__Bacteria; p__Firmicutes; c__Clostridia; o__Clostridiales; f__Ruminococcaceae; g__Faecalibacterium; s__Faecalibacterium prausnitzii; 26397; FJ677143.1 gg_id:531846 Synecology primary and secondary habitats Escherichia coli O157:H7 fecal MARC beef cattle feedlot animal #4225 pen 301; was negative STEC O157 clone 3-1B-L18, FJ677143.1 gg_id:531846 Synecology primary and secondary habitats Escherichia coli O157:H7 fecal MARC beef cattle feedlot animal #4225 pen 301 was negative STEC O157 clone 3-1B-L18,10,91.5,0.4921875,0.7635226801988401,0.05363735207977295,380.25,733.1171917867792,0.6240539694958962,0.9002109436224224,0.1111111111111111,True,1.0,13999.5,FMF,Male,Placebo-resistant (STRICT-ADAPTIVE)
44287, g__Streptococcus, s__unclassified, p__Firmicutes, c__Bacilli, o__Lactobacillales, f__Streptococcaceae,k__Bacteria; p__Firmicutes; c__Bacilli; o__Lactobacillales; f__Streptococcaceae; g__Streptococcus; s__unclassified; 44287; GQ091903.1 gg_id:378478 Topographical and Temporal Human Skin Microbiome skin antecubital fossa clone nbw727b06c1, GQ091903.1 gg_id:378478 Topographical and Temporal Human Skin Microbiome skin antecubital fossa clone nbw727b06c1,10,37.0,0.921875,0.9628597924917722,0.019406783266760052,317.75,254.1557022771671,0.967435545139537,0.9928887934220945,0.022222222222222223,True,1.0,12895.0,FMF,Male,Placebo-resistant (STRICT-ADAPTIVE)
14622, g__Burkholderia, s__unclassified, p__Proteobacteria, c__Betaproteobacteria, o__Burkholderiales, f__Burkholderiaceae,k__Bacteria; p__Proteobacteria; c__Betaproteobacteria; o__Burkholderiales; f__Burkholderiaceae; g__Burkholderia; s__unclassified; 14622; AB025790.1 gg_id:7230 Burkholderia sp. NF100, AB025790.1 gg_id:7230 Burkholderia sp. NF100,10,260.0,0.16015625,0.7315836036008729,0.10305200177933552,507.25,1112.107028183189,0.6533789106936937,0.9002109436224224,0.13333333333333333,True,1.0,9446.5,FMF,Male,Placebo-resistant (STRICT-ADAPTIVE)
50757, g__Veillonella, s__Veillonella dispar, p__Firmicutes, c__Clostridia, o__Clostridiales, f__Veillonellaceae,k__Bacteria; p__Firmicutes; c__Clostridia; o__Clostridiales; f__Veillonellaceae; g__Veillonella; s__Veillonella dispar; 50757; GQ032526.1 gg_id:443459 Topographical and Temporal Human Skin Microbiome skin volar forearm clone nbw908a03c1, GQ032526.1 gg_id:443459 Topographical and Temporal Human Skin Microbiome skin volar forearm clone nbw908a03c1,10,182.0,0.322265625,0.7315836036008729,0.090025556217233,989.75,954.4476047455117,0.7133031738784577,0.9207147820005681,0.1111111111111111,True,1.0,12010.5,FMF,Male,Placebo-resistant (STRICT-ADAPTIVE)
28399, g__unclassified, s__unclassified, p__Firmicutes, c__Clostridia, o__Clostridiales, f__Lachnospiraceae,k__Bacteria; p__Firmicutes; c__Clostridia; o__Clostridiales; f__Lachnospiraceae; g__unclassified; s__unclassified; 28399; FJ366276.1 gg_id:362403 feces adult twins and mothers; TS25 clone TS25_a04g05, FJ366276.1 gg_id:362403 feces adult twins and mothers TS25 clone TS25_a04g05,10,141.0,1.0,1.0,0.1306718286297487,1414.5,1071.8502081167874,0.967435545139537,0.9928887934220945,0.022222222222222223,True,1.0,11434.5,FMF,Male,Placebo-resistant (STRICT-ADAPTIVE)
22029, g__unclassified, s__unclassified, p__Firmicutes, c__Clostridia, o__Clostridiales, f__Ruminococcaceae,k__Bacteria; p__Firmicutes; c__Clostridia; o__Clostridiales; f__Ruminococcaceae; g__unclassified; s__unclassified; 22029; EU779144.1 gg_id:321963 Trancaspian Urial feces clone TU2_aaa03b05, EU779144.1 gg_id:321963 Trancaspian Urial feces clone TU2_aaa03b05,10,-43.5,0.921875,0.9628597924917722,0.04984332475440024,756.25,649.4605523013354,0.8382564863858263,0.9581536201140475,-0.06666666666666667,True,1.0,13790.0,FMF,Male,Placebo-resistant (STRICT-ADAPTIVE)
51890, g__unclassified, s__unclassified, p__Proteobacteria, c__Deltaproteobacteria, o__Syntrophobacterales, f__Syntrophaceae,k__Bacteria; p__Proteobacteria; c__Deltaproteobacteria; o__Syntrophobacterales; f__Syntrophaceae; g__unclassified; s__unclassified; 51890; FJ462058.1 gg_id:593849 Microbial ecology industrial digestor mesophilic anaerobic reactor fed effluent chemical industry clone 16c, FJ462058.1 gg_id:593849 Microbial ecology industrial digestor mesophilic anaerobic reactor fed effluent chemical industry clone 16c,10,94.0,0.625,0.8184138750961605,0.03855105346902868,386.75,442.3765391722305,0.7750513736700824,0.9376534160753778,-0.08888888888888889,True,1.0,13774.5,FMF,Male,Placebo-resistant (STRICT-ADAPTIVE)
22452, g__unclassified, s__unclassified, p__Firmicutes, c__Clostridia, o__Clostridiales, f__Ruminococcaceae,k__Bacteria; p__Firmicutes; c__Clostridia; o__Clostridiales; f__Ruminococcaceae; g__unclassified; s__unclassified; 22452; DQ800867.1 gg_id:178242 human fecal clone RL183_aao04e06, DQ800867.1 gg_id:178242 human fecal clone RL183_aao04e06,10,27.0,0.6953125,0.848255880244983,0.01533637426169788,261.25,189.50438864457877,0.7438630522159773,0.9376534160753778,-0.08888888888888889,True,1.0,13371.5,FMF,Male,Placebo-resistant (STRICT-ADAPTIVE)
67358, g__Prevotella, s__unclassified, p__Bacteroidetes, c__Bacteroidia, o__Bacteroidales, f__Prevotellaceae,k__Bacteria; p__Bacteroidetes; c__Bacteroidia; o__Bacteroidales; f__Prevotellaceae; g__Prevotella; s__unclassified; 67358; DQ794957.1 gg_id:183105 human fecal clone RL310_aam38d09, DQ794957.1 gg_id:183105 human fecal clone RL310_aam38d09,10,439.0,0.375,0.7328566955432627,0.08680773360160286,432.5,883.0305736150301,0.6533789106936937,0.9002109436224224,0.13333333333333333,True,1.0,13546.0,FMF,Male,Placebo-resistant (STRICT-ADAPTIVE)
26177, g__Faecalibacterium, s__unclassified, p__Firmicutes, c__Clostridia, o__Clostridiales, f__Ruminococcaceae,k__Bacteria; p__Firmicutes; c__Clostridia; o__Clostridiales; f__Ruminococcaceae; g__Faecalibacterium; s__unclassified; 26177; DQ801240.1 gg_id:174910 human fecal clone RL116_aaf02d04, DQ801240.1 gg_id:174910 human fecal clone RL116_aaf02d04,10,119.0,0.4921875,0.7635226801988401,0.08473640347834228,425.5,941.3942372200455,0.967435545139537,0.9928887934220945,0.022222222222222223,True,1.0,13336.5,FMF,Male,Placebo-resistant (STRICT-ADAPTIVE)
71779, g__Clostridium, s__unclassified, p__Firmicutes, c__Clostridia, o__Clostridiales, f__Clostridiaceae,k__Bacteria; p__Firmicutes; c__Clostridia; o__Clostridiales; f__Clostridiaceae; g__Clostridium; s__unclassified; 71779; AB218295.1 gg_id:147444 Fecal microbial (dugong dugon) determined genes Dugong feces clone dgA-7, AB218295.1 gg_id:147444 Fecal microbial (dugong dugon) determined genes Dugong feces clone dgA-7,10,292.0,0.130859375,0.7315836036008729,0.0881656771557666,818.75,730.1367817060034,0.6533789106936937,0.9002109436224224,0.13333333333333333,True,1.0,10886.5,FMF,Male,Placebo-resistant (STRICT-ADAPTIVE)
72955, g__Clostridium, s__unclassified, p__Firmicutes, c__Clostridia, o__Clostridiales, f__Clostridiaceae,k__Bacteria; p__Firmicutes; c__Clostridia; o__Clostridiales; f__Clostridiaceae; g__Clostridium; s__unclassified; 72955; EU037903.1 gg_id:240095 Clostridium mesophilum str. SW408, EU037903.1 gg_id:240095 Clostridium mesophilum str. SW408,10,158.5,0.845703125,0.9248303534925827,0.13492046084246528,1621.5,1391.3626116105672,0.8382564863858263,0.9581536201140475,0.06666666666666667,True,1.0,11241.0,FMF,Male,Placebo-resistant (STRICT-ADAPTIVE)
6241, g__Cronobacter, s__unclassified, p__Proteobacteria, c__Gammaproteobacteria, o__Enterobacteriales, f__Enterobacteriaceae,k__Bacteria; p__Proteobacteria; c__Gammaproteobacteria; o__Enterobacteriales; f__Enterobacteriaceae; g__Cronobacter; s__unclassified; 6241; EU348325.1 gg_id:353216 symbiont, EU348325.1 gg_id:353216 symbiont,10,-99.0,1.0,1.0,0.10978085167947388,598.0,923.8531724137167,0.934896814773755,0.9928887934220945,-0.022222222222222223,True,1.0,12089.5,FMF,Male,Placebo-resistant (STRICT-ADAPTIVE)
67813, g__Prevotella, s__unclassified, p__Bacteroidetes, c__Bacteroidia, o__Bacteroidales, f__Prevotellaceae,k__Bacteria; p__Bacteroidetes; c__Bacteroidia; o__Bacteroidales; f__Prevotellaceae; g__Prevotella; s__unclassified; 67813; FJ685499.1 gg_id:525684 Synecology primary and secondary habitats Escherichia coli O157:H7 fecal MARC beef cattle feedlot animal #4228 pen 301; was negative STEC O157 clone 6-3F20, FJ685499.1 gg_id:525684 Synecology primary and secondary habitats Escherichia coli O157:H7 fecal MARC beef cattle feedlot animal #4228 pen 301 was negative STEC O157 clone 6-3F20,10,216.0,0.431640625,0.7455067855825108,0.061350936124937666,577.75,998.7184785847645,0.967435545139537,0.9928887934220945,-0.022222222222222223,True,1.0,12482.0,FMF,Male,Placebo-resistant (STRICT-ADAPTIVE)
26688, g__Eubacterium, s__unclassified, p__Firmicutes, c__Clostridia, o__Clostridiales, f__Ruminococcaceae,k__Bacteria; p__Firmicutes; c__Clostridia; o__Clostridiales; f__Ruminococcaceae; g__Eubacterium; s__unclassified; 26688; DQ815544.1 gg_id:163232 mouse cecum clone aab42e07, DQ815544.1 gg_id:163232 mouse cecum clone aab42e07,10,225.5,0.431640625,0.7455067855825108,0.04079715099456012,394.5,422.7287810313159,0.7133031738784577,0.9207147820005681,-0.1111111111111111,True,1.0,13397.0,FMF,Male,Placebo-resistant (STRICT-ADAPTIVE)
25822, g__Faecalibacterium, s__unclassified, p__Firmicutes, c__Clostridia, o__Clostridiales, f__Ruminococcaceae,k__Bacteria; p__Firmicutes; c__Clostridia; o__Clostridiales; f__Ruminococcaceae; g__Faecalibacterium; s__unclassified; 25822; DQ794455.1 gg_id:198064 human fecal clone RL197_aah88b02, DQ794455.1 gg_id:198064 human fecal clone RL197_aah88b02,10,75.0,0.625,0.8184138750961605,0.044217183252009816,318.0,924.9657331911155,0.7133031738784577,0.9207147820005681,-0.1111111111111111,True,1.0,12867.0,FMF,Male,Placebo-resistant (STRICT-ADAPTIVE)
67003, g__Prevotella, s__unclassified, p__Bacteroidetes, c__Bacteroidia, o__Bacteroidales, f__Prevotellaceae,k__Bacteria; p__Bacteroidetes; c__Bacteroidia; o__Bacteroidales; f__Prevotellaceae; g__Prevotella; s__unclassified; 67003; GQ491765.1 gg_id:581537 Effect Diet on Human Gut Microbiome: Metagenomic Humanized Gnotobiotic Mice cecal contents Mus musculus strain C57BL/6J; PM8 clone PM8_a04f08, GQ491765.1 gg_id:581537 Effect Diet on Human Gut Microbiome: Metagenomic Humanized Gnotobiotic Mice cecal contents Mus musculus strain C57BL/6J PM8 clone PM8_a04f08,10,404.5,0.375,0.7328566955432627,0.07265671092237262,359.75,775.7601840553274,0.7133031738784577,0.9207147820005681,0.1111111111111111,True,1.0,13869.0,FMF,Male,Placebo-resistant (STRICT-ADAPTIVE)
14638, g__Burkholderia, s__Candidatus Burkholderia kirkii, p__Proteobacteria, c__Betaproteobacteria, o__Burkholderiales, f__Burkholderiaceae,k__Bacteria; p__Proteobacteria; c__Betaproteobacteria; o__Burkholderiales; f__Burkholderiaceae; g__Burkholderia; s__Candidatus Burkholderia kirkii; 14638; AF475065.1 gg_id:75398 Psychotria kirkii var. mucronata 835396 symbiont kirkii, AF475065.1 gg_id:75398 Psychotria kirkii var. mucronata 835396 symbiont kirkii,10,507.5,0.16015625,0.7315836036008729,0.15056571599222063,1061.75,1529.4135676497417,0.967435545139537,0.9928887934220945,0.022222222222222223,True,1.0,9227.5,FMF,Male,Placebo-resistant (STRICT-ADAPTIVE)
52630, g__Ktedonobacter, s__unclassified, p__Chloroflexi, c__Ktedonobacteria, o__Ktedonobacteriales, f__Ktedonobacteraceae,k__Bacteria; p__Chloroflexi; c__Ktedonobacteria; o__Ktedonobacteriales; f__Ktedonobacteraceae; g__Ktedonobacter; s__unclassified; 52630; EU133984.1 gg_id:241342 tallgrass prarie soil clone FFCH15563, EU133984.1 gg_id:241342 tallgrass prarie soil clone FFCH15563,10,129.0,0.431640625,0.7455067855825108,0.09344118131537014,879.5,792.758660251936,0.9025232501776794,0.9754023282151151,0.044444444444444446,True,1.0,11195.5,FMF,Male,Placebo-resistant (STRICT-ADAPTIVE)
15485, g__unclassified, s__unclassified, p__Proteobacteria, c__Betaproteobacteria, o__Burkholderiales, f__Alcaligenaceae,k__Bacteria; p__Proteobacteria; c__Betaproteobacteria; o__Burkholderiales; f__Alcaligenaceae; g__unclassified; s__unclassified; 15485; EF097368.1 gg_id:177104 mouse cecum clone SWPT19_aaa01f07, EF097368.1 gg_id:177104 mouse cecum clone SWPT19_aaa01f07,10,290.5,0.10546875,0.7315836036008729,0.11984134980853911,834.5,1160.896148786694,0.6533789106936937,0.9002109436224224,0.13333333333333333,True,1.0,10984.0,FMF,Male,Placebo-resistant (STRICT-ADAPTIVE)
58713, g__sfA, s__unclassified, p__LCP-89, c__unclassified, o__unclassified, f__unclassified,k__Bacteria; p__LCP-89; c__unclassified; o__unclassified; f__unclassified; g__sfA; s__unclassified; 58713; FJ716279.1 gg_id:551134 Chlorobi dominate shal chemocline Bahamas Sawmill Sink column 10.3 m water depth clone SAW1_B44, FJ716279.1 gg_id:551134 Chlorobi dominate shal chemocline Bahamas Sawmill Sink column 10.3 m water depth clone SAW1_B44,10,45.0,0.9765625,1.0,0.055545875238112156,941.25,567.9517525371323,0.6530944027903365,0.9002109436224224,0.13333333333333333,True,1.0,12195.5,FMF,Male,Placebo-resistant (STRICT-ADAPTIVE)
5630, g__Cronobacter, s__Cronobacter muytjensii, p__Proteobacteria, c__Gammaproteobacteria, o__Enterobacteriales, f__Enterobacteriaceae,k__Bacteria; p__Proteobacteria; c__Gammaproteobacteria; o__Enterobacteriales; f__Enterobacteriaceae; g__Cronobacter; s__Cronobacter muytjensii; 5630; EF059849.1 gg_id:224182 Cronobacter muytjensii str. E616, EF059849.1 gg_id:224182 Cronobacter muytjensii str. E616,10,-126.5,1.0,1.0,0.07513093865428648,917.75,802.4736106156043,0.7133031738784577,0.9207147820005681,0.1111111111111111,True,1.0,11516.5,FMF,Male,Placebo-resistant (STRICT-ADAPTIVE)
26460, g__Faecalibacterium, s__unclassified, p__Firmicutes, c__Clostridia, o__Clostridiales, f__Ruminococcaceae,k__Bacteria; p__Firmicutes; c__Clostridia; o__Clostridiales; f__Ruminococcaceae; g__Faecalibacterium; s__unclassified; 26460; FJ366972.1 gg_id:362118 feces adult twins and mothers; TS28 clone TS28_a02a03, FJ366972.1 gg_id:362118 feces adult twins and mothers TS28 clone TS28_a02a03,10,76.0,0.375,0.7328566955432627,0.05038511608250264,261.25,823.0882023857873,0.967435545139537,0.9928887934220945,-0.022222222222222223,True,1.0,14380.0,FMF,Male,Placebo-resistant (STRICT-ADAPTIVE)
25886, g__Faecalibacterium, s__unclassified, p__Firmicutes, c__Clostridia, o__Clostridiales, f__Ruminococcaceae,k__Bacteria; p__Firmicutes; c__Clostridia; o__Clostridiales; f__Ruminococcaceae; g__Faecalibacterium; s__unclassified; 25886; FJ673101.1 gg_id:522788 Synecology primary and secondary habitats Escherichia coli O157:H7 fecal MARC beef cattle feedlot animal #4262 pen 301; was positive STEC O157 clone 130-1H2, FJ673101.1 gg_id:522788 Synecology primary and secondary habitats Escherichia coli O157:H7 fecal MARC beef cattle feedlot animal #4262 pen 301 was positive STEC O157 clone 130-1H2,10,179.5,0.16015625,0.7315836036008729,0.050622972722324217,202.75,1041.1558268599588,0.8382564863858263,0.9581536201140475,0.06666666666666667,True,1.0,13132.5,FMF,Male,Placebo-resistant (STRICT-ADAPTIVE)
17565, g__Roseburia, s__Eubacterium rectale, p__Firmicutes, c__Clostridia, o__Clostridiales, f__Lachnospiraceae,k__Bacteria; p__Firmicutes; c__Clostridia; o__Clostridiales; f__Lachnospiraceae; g__Roseburia; s__Eubacterium rectale; 17565; DQ795533.1 gg_id:187545 human fecal clone RL178_aan65g10, DQ795533.1 gg_id:187545 human fecal clone RL178_aan65g10,10,91.5,0.826171875,0.9248303534925827,0.08853887990428327,665.25,1185.2432194096984,1.0,1.0,0.0,True,1.0,14079.0,FMF,Male,Placebo-resistant (STRICT-ADAPTIVE)
44836, g__Sarcina, s__unclassified, p__Firmicutes, c__Clostridia, o__Clostridiales, f__Clostridiaceae,k__Bacteria; p__Firmicutes; c__Clostridia; o__Clostridiales; f__Clostridiaceae; g__Sarcina; s__unclassified; 44836; EU471395.1 gg_id:295548 spectacled bear feces clone SB_2aaa01f09, EU471395.1 gg_id:295548 spectacled bear feces clone SB_2aaa01f09,10,158.5,0.232421875,0.7315836036008729,0.05128862603867963,610.0,398.62810868304587,0.7750513736700824,0.9376534160753778,0.08888888888888889,True,1.0,11713.5,FMF,Male,Placebo-resistant (STRICT-ADAPTIVE)
50203, g__Veillonella, s__unclassified, p__Firmicutes, c__Clostridia, o__Clostridiales, f__Veillonellaceae,k__Bacteria; p__Firmicutes; c__Clostridia; o__Clostridiales; f__Veillonellaceae; g__Veillonella; s__unclassified; 50203; GQ338722.1 gg_id:573384 and function human intestinal microbiota ileostomy effluent healthy patient clone Adhuhiec-i4b10, GQ338722.1 gg_id:573384 and function human intestinal microbiota ileostomy effluent healthy patient clone Adhuhiec-i4b10,10,115.0,0.76953125,0.8836442490494296,0.15034758127089218,1416.25,1447.9541321652575,0.7133031738784577,0.9207147820005681,0.1111111111111111,True,1.0,11289.0,FMF,Male,Placebo-resistant (STRICT-ADAPTIVE)
46986, g__Staphylococcus, s__Staphylococcus epidermidis, p__Firmicutes, c__Bacilli, o__Bacillales, f__Staphylococcaceae,k__Bacteria; p__Firmicutes; c__Bacilli; o__Bacillales; f__Staphylococcaceae; g__Staphylococcus; s__Staphylococcus epidermidis; 46986; GQ035765.1 gg_id:439551 Topographical and Temporal Human Skin Microbiome skin gluteal crease clone nbu376e06c1, GQ035765.1 gg_id:439551 Topographical and Temporal Human Skin Microbiome skin gluteal crease clone nbu376e06c1,10,23.0,0.625,0.8184138750961605,0.036218431949350934,475.0,503.51620515574723,0.8382564863858263,0.9581536201140475,0.06666666666666667,True,1.0,13206.0,FMF,Male,Placebo-resistant (STRICT-ADAPTIVE)
22334, g__unclassified, s__unclassified, p__Firmicutes, c__Clostridia, o__Clostridiales, f__Ruminococcaceae,k__Bacteria; p__Firmicutes; c__Clostridia; o__Clostridiales; f__Ruminococcaceae; g__unclassified; s__unclassified; 22334; EU771554.1 gg_id:350467 Hamadryas Baboon feces clone AFBAB_aai02d07, EU771554.1 gg_id:350467 Hamadryas Baboon feces clone AFBAB_aai02d07,10,-18.0,0.921875,0.9628597924917722,0.03220638761135045,550.5,409.6816277387438,1.0,1.0,0.0,True,1.0,14054.0,FMF,Male,Placebo-resistant (STRICT-ADAPTIVE)
25955, g__Faecalibacterium, s__unclassified, p__Firmicutes, c__Clostridia, o__Clostridiales, f__Ruminococcaceae,k__Bacteria; p__Firmicutes; c__Clostridia; o__Clostridiales; f__Ruminococcaceae; g__Faecalibacterium; s__unclassified; 25955; DQ801314.1 gg_id:178935 human fecal clone RL388_aao93g12, DQ801314.1 gg_id:178935 human fecal clone RL388_aao93g12,10,152.5,0.232421875,0.7315836036008729,0.081445229014903,241.75,772.1738381025351,0.7750513736700824,0.9376534160753778,0.08888888888888889,True,1.0,13062.0,FMF,Male,Placebo-resistant (STRICT-ADAPTIVE)
67311, g__Prevotella, s__unclassified, p__Bacteroidetes, c__Bacteroidia, o__Bacteroidales, f__Prevotellaceae,k__Bacteria; p__Bacteroidetes; c__Bacteroidia; o__Bacteroidales; f__Prevotellaceae; g__Prevotella; s__unclassified; 67311; EU461703.1 gg_id:295287 mongoose lemur feces clone ML_aaj27d08, EU461703.1 gg_id:295287 mongoose lemur feces clone ML_aaj27d08,10,-73.0,0.4921875,0.7635226801988401,0.1323270714287589,1465.25,1119.5122086357273,0.9025232501776794,0.9754023282151151,0.044444444444444446,True,1.0,13253.5,FMF,Male,Placebo-resistant (STRICT-ADAPTIVE)
28312, g__unclassified, s__unclassified, p__Firmicutes, c__Clostridia, o__Clostridiales, f__Lachnospiraceae,k__Bacteria; p__Firmicutes; c__Clostridia; o__Clostridiales; f__Lachnospiraceae; g__unclassified; s__unclassified; 28312; EU507073.1 gg_id:277498 cecal contents Mus musculus strain C57BL/6J; MD21 clone MD21_aar10g05, EU507073.1 gg_id:277498 cecal contents Mus musculus strain C57BL/6J MD21 clone MD21_aar10g05,10,-58.0,0.556640625,0.7914449891791329,0.061782640108797734,234.0,580.4335123193124,0.7133031738784577,0.9207147820005681,0.1111111111111111,True,1.0,12855.5,FMF,Male,Placebo-resistant (STRICT-ADAPTIVE)
50024, g__Dialister, s__unclassified, p__Firmicutes, c__Clostridia, o__Clostridiales, f__Veillonellaceae,k__Bacteria; p__Firmicutes; c__Clostridia; o__Clostridiales; f__Veillonellaceae; g__Dialister; s__unclassified; 50024; EU461194.1 gg_id:290748 hamadryas baboon feces clone BAZ_aah90c07, EU461194.1 gg_id:290748 hamadryas baboon feces clone BAZ_aah90c07,10,57.5,0.82421875,0.9248303534925827,0.018070712289549342,223.0,188.76019027385573,0.9674212610240318,0.9928887934220945,-0.022222222222222223,True,1.0,13878.0,FMF,Male,Placebo-resistant (STRICT-ADAPTIVE)
6111, g__Pantoea, s__unclassified, p__Proteobacteria, c__Gammaproteobacteria, o__Enterobacteriales, f__Enterobacteriaceae,k__Bacteria; p__Proteobacteria; c__Gammaproteobacteria; o__Enterobacteriales; f__Enterobacteriaceae; g__Pantoea; s__unclassified; 6111; GQ225111.1 gg_id:584259 Pantoea agglomerans str. NBRISRM, GQ225111.1 gg_id:584259 Pantoea agglomerans str. NBRISRM,10,372.0,0.083984375,0.7315836036008729,0.07295872479099214,670.0,719.4915372647239,0.7750513736700824,0.9376534160753778,0.08888888888888889,True,1.0,11681.0,FMF,Male,Placebo-resistant (STRICT-ADAPTIVE)
71990, g__Lactobacillus, s__unclassified, p__Firmicutes, c__Bacilli, o__Lactobacillales, f__Lactobacillaceae,k__Bacteria; p__Firmicutes; c__Bacilli; o__Lactobacillales; f__Lactobacillaceae; g__Lactobacillus; s__unclassified; 71990; AB326356.1 gg_id:236816 Lactobacillus acidipiscis str. NBRC 102163, AB326356.1 gg_id:236816 Lactobacillus acidipiscis str. NBRC 102163,10,62.5,0.625,0.8184138750961605,0.16729600857448143,848.75,1288.0108847473991,0.7750513736700824,0.9376534160753778,0.08888888888888889,True,1.0,11289.5,FMF,Male,Placebo-resistant (STRICT-ADAPTIVE)
73478, g__Mycoplasma, s__unclassified, p__Tenericutes, c__Mollicutes, o__Mycoplasmatales, f__Mycoplasmataceae,k__Bacteria; p__Tenericutes; c__Mollicutes; o__Mycoplasmatales; f__Mycoplasmataceae; g__Mycoplasma; s__unclassified; 73478; EF510860.1 gg_id:225935 Loss During Antibiotic Treatment 1 Intubated Patients Colonized Pseudomonas aeruginosa endotracheal aspirate clone P2D15-566, EF510860.1 gg_id:225935 Loss During Antibiotic Treatment 1 Intubated Patients Colonized Pseudomonas aeruginosa endotracheal aspirate clone P2D15-566,10,56.5,0.845703125,0.9248303534925827,0.03704368894612832,256.5,334.45953424226906,0.9025232501776794,0.9754023282151151,0.044444444444444446,True,1.0,12268.0,FMF,Male,Placebo-resistant (STRICT-ADAPTIVE)
43387, g__unclassified, s__unclassified, p__Firmicutes, c__Bacilli, o__Lactobacillales, f__Carnobacteriaceae,k__Bacteria; p__Firmicutes; c__Bacilli; o__Lactobacillales; f__Carnobacteriaceae; g__unclassified; s__unclassified; 43387; FJ671690.1 gg_id:530430 Synecology primary and secondary habitats Escherichia coli O157:H7 feedlot surface MARC beef cattle feedlot; top 3 cm behind feedbunk east pen 301; was negative STEC O157 clone Ll142-1G4, FJ671690.1 gg_id:530430 Synecology primary and secondary habitats Escherichia coli O157:H7 feedlot surface MARC beef cattle feedlot top 3 cm behind feedbunk east pen 301 was negative STEC O157 clone Ll142-1G4,10,144.0,0.232421875,0.7315836036008729,0.054817320023697824,311.75,693.7110963706563,0.7133031738784577,0.9207147820005681,0.1111111111111111,True,1.0,10371.0,FMF,Male,Placebo-resistant (STRICT-ADAPTIVE)
68634, g__Bacteroides, s__Bacteroides ovatus, p__Bacteroidetes, c__Bacteroidia, o__Bacteroidales, f__Bacteroidaceae,k__Bacteria; p__Bacteroidetes; c__Bacteroidia; o__Bacteroidales; f__Bacteroidaceae; g__Bacteroides; s__Bacteroides ovatus; 68634; DQ798822.1 gg_id:176388 human fecal clone RL242_aaj97g08, DQ798822.1 gg_id:176388 human fecal clone RL242_aaj97g08,10,156.5,0.625,0.8184138750961605,0.17734920688345346,1245.0,1217.3692871671183,1.0,1.0,0.0,True,1.0,11503.5,FMF,Male,Placebo-resistant (STRICT-ADAPTIVE)
35442, g__Corynebacterium, s__unclassified, p__Actinobacteria, c__Actinobacteria, o__Actinomycetales, f__Corynebacteriaceae,k__Bacteria; p__Actinobacteria; c__Actinobacteria; o__Actinomycetales; f__Corynebacteriaceae; g__Corynebacterium; s__unclassified; 35442; GQ011730.1 gg_id:497937 Topographical and Temporal Human Skin Microbiome skin nare clone nbw744d04c1, GQ011730.1 gg_id:497937 Topographical and Temporal Human Skin Microbiome skin nare clone nbw744d04c1,10,68.0,0.625,0.8184138750961605,0.033404369694611385,183.0,258.9553378072923,0.7750513736700824,0.9376534160753778,0.08888888888888889,True,1.0,11636.0,FMF,Male,Placebo-resistant (STRICT-ADAPTIVE)
22534, g__Oscillospira, s__unclassified, p__Firmicutes, c__Clostridia, o__Clostridiales, f__Ruminococcaceae,k__Bacteria; p__Firmicutes; c__Clostridia; o__Clostridiales; f__Ruminococcaceae; g__Oscillospira; s__unclassified; 22534; EF098196.1 gg_id:197863 mouse cecum clone SWPT14_aaa02h07, EF098196.1 gg_id:197863 mouse cecum clone SWPT14_aaa02h07,10,92.5,0.921875,0.9628597924917722,0.05193228797526242,405.0,459.9049473242632,0.8064127004978174,0.9581536201140475,-0.1,True,1.0,12455.5,FMF,Male,Placebo-resistant (STRICT-ADAPTIVE)
864, g__Pseudomonas, s__unclassified, p__Proteobacteria, c__Gammaproteobacteria, o__Pseudomonadales, f__Pseudomonadaceae,k__Bacteria; p__Proteobacteria; c__Gammaproteobacteria; o__Pseudomonadales; f__Pseudomonadaceae; g__Pseudomonas; s__unclassified; 864; FJ894204.1 gg_id:535083 Matriptase-deficient mice exhibit ichthyotic selective shift skin microbiota B2E; ear punch biopsy C57BL/6J mouse (2 weeks) clone nbt37c10, FJ894204.1 gg_id:535083 Matriptase-deficient mice exhibit ichthyotic selective shift skin microbiota B2E ear punch biopsy C57BL/6J mouse (2 weeks) clone nbt37c10,10,84.5,0.375,0.7328566955432627,0.04021741591326026,451.25,415.6802977128778,0.7133031738784577,0.9207147820005681,0.1111111111111111,True,1.0,12362.0,FMF,Male,Placebo-resistant (STRICT-ADAPTIVE)
28273, g__unclassified, s__unclassified, p__Firmicutes, c__Clostridia, o__Clostridiales, f__Lachnospiraceae,k__Bacteria; p__Firmicutes; c__Clostridia; o__Clostridiales; f__Lachnospiraceae; g__unclassified; s__unclassified; 28273; EU507039.1 gg_id:271602 cecal contents Mus musculus strain C57BL/6J; MD21 clone MD21_aar10c06, EU507039.1 gg_id:271602 cecal contents Mus musculus strain C57BL/6J MD21 clone MD21_aar10c06,10,-122.5,0.76953125,0.8836442490494296,0.06193675009390103,908.5,718.1304834236062,1.0,1.0,0.0,True,1.0,12178.5,FMF,Male,Placebo-resistant (STRICT-ADAPTIVE)
55471, g__Hydrogenobaculum, s__unclassified, p__Aquificae, c__Aquificae, o__Aquificales, f__Aquificaceae,k__Bacteria; p__Aquificae; c__Aquificae; o__Aquificales; f__Aquificaceae; g__Hydrogenobaculum; s__unclassified; 55471; DQ924737.1 gg_id:177890 Microbial Norris Geyser Basin Yellowstone National Park Echinus Hot Spring clone BW197, DQ924737.1 gg_id:177890 Microbial Norris Geyser Basin Yellowstone National Park Echinus Hot Spring clone BW197,10,282.0,0.083984375,0.7315836036008729,0.03789231452171324,272.0,406.57298155845695,0.9025232501776794,0.9754023282151151,-0.044444444444444446,True,1.0,11585.5,FMF,Male,Placebo-resistant (STRICT-ADAPTIVE)
25132, g__Faecalibacterium, s__unclassified, p__Firmicutes, c__Clostridia, o__Clostridiales, f__Ruminococcaceae,k__Bacteria; p__Firmicutes; c__Clostridia; o__Clostridiales; f__Ruminococcaceae; g__Faecalibacterium; s__unclassified; 25132; FJ372244.1 gg_id:366729 feces adult twins and mothers; TS9 clone TS9_a03d04, FJ372244.1 gg_id:366729 feces adult twins and mothers TS9 clone TS9_a03d04,10,120.0,0.5390625,0.7914449891791329,0.08936992307404358,291.5,846.0155237247916,0.774955307165551,0.9376534160753778,0.08888888888888889,True,1.0,13640.0,FMF,Male,Placebo-resistant (STRICT-ADAPTIVE)
24996, g__Faecalibacterium, s__unclassified, p__Firmicutes, c__Clostridia, o__Clostridiales, f__Ruminococcaceae,k__Bacteria; p__Firmicutes; c__Clostridia; o__Clostridiales; f__Ruminococcaceae; g__Faecalibacterium; s__unclassified; 24996; FJ371804.1 gg_id:365075 feces adult twins and mothers; TS8 clone TS8_a02d05, FJ371804.1 gg_id:365075 feces adult twins and mothers TS8 clone TS8_a02d05,10,-26.0,1.0,1.0,0.025196258725521007,299.5,433.8609911135132,0.7133031738784577,0.9207147820005681,-0.1111111111111111,True,1.0,14778.5,FMF,Male,Placebo-resistant (STRICT-ADAPTIVE)
5072, g__Leclercia, s__unclassified, p__Proteobacteria, c__Gammaproteobacteria, o__Enterobacteriales, f__Enterobacteriaceae,k__Bacteria; p__Proteobacteria; c__Gammaproteobacteria; o__Enterobacteriales; f__Enterobacteriaceae; g__Leclercia; s__unclassified; 5072; AY488028.1 gg_id:99221 Enterobacter sp. str. BL-2, AY488028.1 gg_id:99221 Enterobacter sp. str. BL-2,10,114.0,0.232421875,0.7315836036008729,0.08673494254369188,897.75,884.1661463900449,0.7133031738784577,0.9207147820005681,0.1111111111111111,True,1.0,11637.0,FMF,Male,Placebo-resistant (STRICT-ADAPTIVE)
69770, g__unclassified, s__unclassified, p__Bacteroidetes, c__Bacteroidia, o__Bacteroidales, f__RikenellaceaeII,k__Bacteria; p__Bacteroidetes; c__Bacteroidia; o__Bacteroidales; f__RikenellaceaeII; g__unclassified; s__unclassified; 69770; EU777829.1 gg_id:311444 European rabbit feces clone RA_f05_3, EU777829.1 gg_id:311444 European rabbit feces clone RA_f05_3,10,204.0,0.083984375,0.7315836036008729,0.024044267957423815,124.0,257.9912902922629,0.967435545139537,0.9928887934220945,0.022222222222222223,True,1.0,14452.0,FMF,Male,Placebo-resistant (STRICT-ADAPTIVE)
24623, g__Faecalibacterium, s__unclassified, p__Firmicutes, c__Clostridia, o__Clostridiales, f__Ruminococcaceae,k__Bacteria; p__Firmicutes; c__Clostridia; o__Clostridiales; f__Ruminococcaceae; g__Faecalibacterium; s__unclassified; 24623; FJ365578.1 gg_id:367683 feces adult twins and mothers; TS20 clone TS20_a04e06, FJ365578.1 gg_id:367683 feces adult twins and mothers TS20 clone TS20_a04e06,10,88.5,0.431640625,0.7455067855825108,0.05051063827621246,450.75,947.957971991492,0.967435545139537,0.9928887934220945,-0.022222222222222223,True,1.0,13353.0,FMF,Male,Placebo-resistant (STRICT-ADAPTIVE)
4257, g__unclassified, s__unclassified, p__Proteobacteria, c__Gammaproteobacteria, o__Enterobacteriales, f__Enterobacteriaceae,k__Bacteria; p__Proteobacteria; c__Gammaproteobacteria; o__Enterobacteriales; f__Enterobacteriaceae; g__unclassified; s__unclassified; 4257; EF608524.1 gg_id:228556 predatory Poecilus chalcites their response lab rearing and antibiotic treatment digestive tract ground beetle clone PCB-25, EF608524.1 gg_id:228556 predatory Poecilus chalcites their response lab rearing and antibiotic treatment digestive tract ground beetle clone PCB-25,10,-40.5,0.845703125,0.9248303534925827,0.2153429469933658,1868.0,1602.053252625795,0.7750513736700824,0.9376534160753778,0.08888888888888889,True,1.0,10383.0,FMF,Male,Placebo-resistant (STRICT-ADAPTIVE)
50611, g__Veillonella, s__unclassified, p__Firmicutes, c__Clostridia, o__Clostridiales, f__Veillonellaceae,k__Bacteria; p__Firmicutes; c__Clostridia; o__Clostridiales; f__Veillonellaceae; g__Veillonella; s__unclassified; 50611; GQ073254.1 gg_id:420928 Topographical and Temporal Human Skin Microbiome skin palm clone nbw206h05c1, GQ073254.1 gg_id:420928 Topographical and Temporal Human Skin Microbiome skin palm clone nbw206h05c1,10,12.5,0.625,0.8184138750961605,0.21582684963229207,869.25,1449.629324882744,0.7750513736700824,0.9376534160753778,0.08888888888888889,True,1.0,9682.0,FMF,Male,Placebo-resistant (STRICT-ADAPTIVE)
50705, g__Collinsella, s__Collinsella stercoris, p__Actinobacteria, c__Actinobacteria, o__Coriobacteriales, f__Coriobacteriaceae,k__Bacteria; p__Actinobacteria; c__Actinobacteria; o__Coriobacteriales; f__Coriobacteriaceae; g__Collinsella; s__Collinsella stercoris; 50705; AB031060.1 gg_id:38088 Collinsella stercoris str. RCA55-34, AB031060.1 gg_id:38088 Collinsella stercoris str. RCA55-34,10,75.0,0.322265625,0.7315836036008729,0.021409530898048316,281.5,296.5760858269669,0.9025232501776794,0.9754023282151151,0.044444444444444446,True,1.0,13246.0,FMF,Male,Placebo-resistant (STRICT-ADAPTIVE)
24641, g__Faecalibacterium, s__unclassified, p__Firmicutes, c__Clostridia, o__Clostridiales, f__Ruminococcaceae,k__Bacteria; p__Firmicutes; c__Clostridia; o__Clostridiales; f__Ruminococcaceae; g__Faecalibacterium; s__unclassified; 24641; FJ683190.1 gg_id:512718 Synecology primary and secondary habitats Escherichia coli O157:H7 fecal MARC beef cattle feedlot animal #4351 pen 301; was negative STEC O157 clone 8-5N20, FJ683190.1 gg_id:512718 Synecology primary and secondary habitats Escherichia coli O157:H7 fecal MARC beef cattle feedlot animal #4351 pen 301 was negative STEC O157 clone 8-5N20,10,150.0,0.375,0.7328566955432627,0.047577430703357404,340.25,723.9434912331825,0.9025232501776794,0.9754023282151151,0.044444444444444446,True,1.0,14153.5,FMF,Male,Placebo-resistant (STRICT-ADAPTIVE)
44726, g__Clostridium, s__unclassified, p__Firmicutes, c__Clostridia, o__Clostridiales, f__Clostridiaceae,k__Bacteria; p__Firmicutes; c__Clostridia; o__Clostridiales; f__Clostridiaceae; g__Clostridium; s__unclassified; 44726; FJ683685.1 gg_id:531765 Synecology primary and secondary habitats Escherichia coli O157:H7 fecal MARC beef cattle feedlot animal #4351 pen 301; was negative STEC O157 clone 8-7L16, FJ683685.1 gg_id:531765 Synecology primary and secondary habitats Escherichia coli O157:H7 fecal MARC beef cattle feedlot animal #4351 pen 301 was negative STEC O157 clone 8-7L16,10,40.0,0.556640625,0.7914449891791329,0.05557204633386566,434.25,693.5843830750197,0.967435545139537,0.9928887934220945,-0.022222222222222223,True,1.0,12121.0,FMF,Male,Placebo-resistant (STRICT-ADAPTIVE)
46244, g__Staphylococcus, s__Staphylococcus epidermidis, p__Firmicutes, c__Bacilli, o__Bacillales, f__Staphylococcaceae,k__Bacteria; p__Firmicutes; c__Bacilli; o__Bacillales; f__Staphylococcaceae; g__Staphylococcus; s__Staphylococcus epidermidis; 46244; GQ002138.1 gg_id:507522 Topographical and Temporal Human Skin Microbiome skin axillary vault clone nbu168b01c1, GQ002138.1 gg_id:507522 Topographical and Temporal Human Skin Microbiome skin axillary vault clone nbu168b01c1,10,-25.0,1.0,1.0,0.01653610758184858,237.0,319.007503534182,0.9025232501776794,0.9754023282151151,0.044444444444444446,True,1.0,13813.5,FMF,Male,Placebo-resistant (STRICT-ADAPTIVE)
50119, g__Veillonella, s__Veillonella dispar, p__Firmicutes, c__Clostridia, o__Clostridiales, f__Veillonellaceae,k__Bacteria; p__Firmicutes; c__Clostridia; o__Clostridiales; f__Veillonellaceae; g__Veillonella; s__Veillonella dispar; 50119; GQ026752.1 gg_id:424674 Topographical and Temporal Human Skin Microbiome skin antecubital fossa clone nbw896c07c1, GQ026752.1 gg_id:424674 Topographical and Temporal Human Skin Microbiome skin antecubital fossa clone nbw896c07c1,10,173.5,0.4921875,0.7635226801988401,0.11241444732870655,721.75,1132.5413510115695,0.8382564863858263,0.9581536201140475,0.06666666666666667,True,1.0,12133.0,FMF,Male,Placebo-resistant (STRICT-ADAPTIVE)
26543, g__Faecalibacterium, s__Faecalibacterium prausnitzii, p__Firmicutes, c__Clostridia, o__Clostridiales, f__Ruminococcaceae,k__Bacteria; p__Firmicutes; c__Clostridia; o__Clostridiales; f__Ruminococcaceae; g__Faecalibacterium; s__Faecalibacterium prausnitzii; 26543; DQ797557.1 gg_id:193090 human fecal clone RL206_aaj13a06, DQ797557.1 gg_id:193090 human fecal clone RL206_aaj13a06,10,178.5,0.6953125,0.848255880244983,0.037657347742442907,386.0,646.165871351071,0.7750513736700824,0.9376534160753778,0.08888888888888889,True,1.0,14282.5,FMF,Male,Placebo-resistant (STRICT-ADAPTIVE)
22415, g__Oscillospira, s__unclassified, p__Firmicutes, c__Clostridia, o__Clostridiales, f__Ruminococcaceae,k__Bacteria; p__Firmicutes; c__Clostridia; o__Clostridiales; f__Ruminococcaceae; g__Oscillospira; s__unclassified; 22415; DQ798301.1 gg_id:192986 human fecal clone RL181_aah40d04, DQ798301.1 gg_id:192986 human fecal clone RL181_aah40d04,10,-144.0,0.375,0.7328566955432627,0.07474100758770533,562.0,835.4064423507346,0.7133031738784577,0.9207147820005681,-0.1111111111111111,True,1.0,13468.0,FMF,Male,Placebo-resistant (STRICT-ADAPTIVE)
40854, g__Kocuria, s__Kocuria rhizophila, p__Actinobacteria, c__Actinobacteria, o__Actinomycetales, f__Micrococcaceae,k__Bacteria; p__Actinobacteria; c__Actinobacteria; o__Actinomycetales; f__Micrococcaceae; g__Kocuria; s__Kocuria rhizophila; 40854; AF542072.1 gg_id:75116 Kocuria rhizophila str. ATCC 9341, AF542072.1 gg_id:75116 Kocuria rhizophila str. ATCC 9341,10,-9.5,1.0,1.0,0.028009565051159653,223.0,305.3474389827649,0.6533789106936937,0.9002109436224224,0.13333333333333333,True,1.0,12747.5,FMF,Male,Placebo-resistant (STRICT-ADAPTIVE)
26321, g__Faecalibacterium, s__unclassified, p__Firmicutes, c__Clostridia, o__Clostridiales, f__Ruminococcaceae,k__Bacteria; p__Firmicutes; c__Clostridia; o__Clostridiales; f__Ruminococcaceae; g__Faecalibacterium; s__unclassified; 26321; DQ325575.1 gg_id:148122 Metagenomic gut microbiome healthy human stool clone B071, DQ325575.1 gg_id:148122 Metagenomic gut microbiome healthy human stool clone B071,10,136.5,0.845703125,0.9248303534925827,0.06621118425232597,362.25,908.1927322521116,0.9025232501776794,0.9754023282151151,0.044444444444444446,True,1.0,14222.5,FMF,Male,Placebo-resistant (STRICT-ADAPTIVE)
26492, g__Faecalibacterium, s__Faecalibacterium prausnitzii, p__Firmicutes, c__Clostridia, o__Clostridiales, f__Ruminococcaceae,k__Bacteria; p__Firmicutes; c__Clostridia; o__Clostridiales; f__Ruminococcaceae; g__Faecalibacterium; s__Faecalibacterium prausnitzii; 26492; FJ677073.1 gg_id:517736 Synecology primary and secondary habitats Escherichia coli O157:H7 fecal MARC beef cattle feedlot animal #4225 pen 301; was negative STEC O157 clone 3-1B-I1, FJ677073.1 gg_id:517736 Synecology primary and secondary habitats Escherichia coli O157:H7 fecal MARC beef cattle feedlot animal #4225 pen 301 was negative STEC O157 clone 3-1B-I1,10,99.0,0.275390625,0.7315836036008729,0.07508118515571335,184.5,667.9192867039483,0.6829598733032564,0.9207147820005681,0.12222222222222222,True,1.0,12974.0,FMF,Male,Placebo-resistant (STRICT-ADAPTIVE)
48899, g__unclassified, s__unclassified, p__Firmicutes, c__Clostridia, o__Natranaerobiales, f__ML1228J-1,k__Bacteria; p__Firmicutes; c__Clostridia; o__Natranaerobiales; f__ML1228J-1; g__unclassified; s__unclassified; 48899; DQ837275.1 gg_id:244602 Archaeal and pristine National Park Spain Donana coastal aquifer clone 56S_1B_61, DQ837275.1 gg_id:244602 Archaeal and pristine National Park Spain Donana coastal aquifer clone 56S_1B_61,10,-83.5,0.76953125,0.8836442490494296,0.09199099050494187,648.25,730.7026242034291,0.8382564863858263,0.9581536201140475,-0.06666666666666667,True,1.0,11005.5,FMF,Male,Placebo-resistant (STRICT-ADAPTIVE)
27229, g__unclassified, s__unclassified, p__Firmicutes, c__Clostridia, o__Clostridiales, f__Ruminococcaceae,k__Bacteria; p__Firmicutes; c__Clostridia; o__Clostridiales; f__Ruminococcaceae; g__unclassified; s__unclassified; 27229; FJ366734.1 gg_id:367775 feces adult twins and mothers; TS27 clone TS27_a03c04, FJ366734.1 gg_id:367775 feces adult twins and mothers TS27 clone TS27_a03c04,10,112.5,0.6953125,0.848255880244983,0.04149441818100636,374.5,408.39363884479013,0.9025232501776794,0.9754023282151151,0.044444444444444446,True,1.0,13601.5,FMF,Male,Placebo-resistant (STRICT-ADAPTIVE)
25093, g__Faecalibacterium, s__unclassified, p__Firmicutes, c__Clostridia, o__Clostridiales, f__Ruminococcaceae,k__Bacteria; p__Firmicutes; c__Clostridia; o__Clostridiales; f__Ruminococcaceae; g__Faecalibacterium; s__unclassified; 25093; DQ794046.1 gg_id:185772 human fecal clone RL176_aan57b11, DQ794046.1 gg_id:185772 human fecal clone RL176_aan57b11,10,10.0,0.607421875,0.8184138750961605,0.04132759205369043,248.0,386.30503733017343,0.774955307165551,0.9376534160753778,0.08888888888888889,True,1.0,13809.5,FMF,Male,Placebo-resistant (STRICT-ADAPTIVE)
41158, g__Microbacterium, s__unclassified, p__Actinobacteria, c__Actinobacteria, o__Actinomycetales, f__Microbacteriaceae,k__Bacteria; p__Actinobacteria; c__Actinobacteria; o__Actinomycetales; f__Microbacteriaceae; g__Microbacterium; s__unclassified; 41158; FJ950591.1 gg_id:428235 Microbacterium oxydans str. c97, FJ950591.1 gg_id:428235 Microbacterium oxydans str. c97,10,27.5,0.375,0.7328566955432627,0.02259445081141262,169.75,297.6042695034241,0.7750513736700824,0.9376534160753778,0.08888888888888889,True,1.0,12499.5,FMF,Male,Placebo-resistant (STRICT-ADAPTIVE)
11581, g__Aquabacterium, s__unclassified, p__Proteobacteria, c__Betaproteobacteria, o__Burkholderiales, f__Aquabacteriaceae,k__Bacteria; p__Proteobacteria; c__Betaproteobacteria; o__Burkholderiales; f__Aquabacteriaceae; g__Aquabacterium; s__unclassified; 11581; GQ103964.1 gg_id:445028 Topographical and Temporal Human Skin Microbiome skin antecubital fossa clone nbw516e02c1, GQ103964.1 gg_id:445028 Topographical and Temporal Human Skin Microbiome skin antecubital fossa clone nbw516e02c1,10,120.5,0.4921875,0.7635226801988401,0.0666252184322346,576.25,578.428184440865,0.7750513736700824,0.9376534160753778,0.08888888888888889,True,1.0,11742.0,FMF,Male,Placebo-resistant (STRICT-ADAPTIVE)
69494, g__unclassified, s__unclassified, p__Bacteroidetes, c__Bacteroidia, o__Bacteroidales, f__RikenellaceaeII,k__Bacteria; p__Bacteroidetes; c__Bacteroidia; o__Bacteroidales; f__RikenellaceaeII; g__unclassified; s__unclassified; 69494; EU779130.1 gg_id:331919 Trancaspian Urial feces clone TU2_aaa01a05, EU779130.1 gg_id:331919 Trancaspian Urial feces clone TU2_aaa01a05,10,207.5,0.16015625,0.7315836036008729,0.06513161571923645,758.5,642.82377063927,0.967435545139537,0.9928887934220945,0.022222222222222223,True,1.0,12677.5,FMF,Male,Placebo-resistant (STRICT-ADAPTIVE)
5043, g__Serratia, s__unclassified, p__Proteobacteria, c__Gammaproteobacteria, o__Enterobacteriales, f__Enterobacteriaceae,k__Bacteria; p__Proteobacteria; c__Gammaproteobacteria; o__Enterobacteriales; f__Enterobacteriaceae; g__Serratia; s__unclassified; 5043; AM696754.1 gg_id:218671 sequencing libraries indoor dust clone BF0001A041, AM696754.1 gg_id:218671 sequencing libraries indoor dust clone BF0001A041,10,119.5,0.556640625,0.7914449891791329,0.09733170015893229,1026.0,1268.917226560591,0.7750513736700824,0.9376534160753778,0.08888888888888889,True,1.0,11170.0,FMF,Male,Placebo-resistant (STRICT-ADAPTIVE)
45582, g__Streptococcus, s__Streptococcus pseudopneumoniae, p__Firmicutes, c__Bacilli, o__Lactobacillales, f__Streptococcaceae,k__Bacteria; p__Firmicutes; c__Bacilli; o__Lactobacillales; f__Streptococcaceae; g__Streptococcus; s__Streptococcus pseudopneumoniae; 45582; GQ074070.1 gg_id:443358 Topographical and Temporal Human Skin Microbiome skin interdigital web space clone nbw212h06c1, GQ074070.1 gg_id:443358 Topographical and Temporal Human Skin Microbiome skin interdigital web space clone nbw212h06c1,10,109.0,0.275390625,0.7315836036008729,0.04389354636287514,309.5,360.785580656988,0.8382564863858263,0.9581536201140475,0.06666666666666667,True,1.0,12019.5,FMF,Male,Placebo-resistant (STRICT-ADAPTIVE)
50811, g__Veillonella, s__unclassified, p__Firmicutes, c__Clostridia, o__Clostridiales, f__Veillonellaceae,k__Bacteria; p__Firmicutes; c__Clostridia; o__Clostridiales; f__Veillonellaceae; g__Veillonella; s__unclassified; 50811; GQ006838.1 gg_id:502826 Topographical and Temporal Human Skin Microbiome skin occiput clone nbu88d03c1, GQ006838.1 gg_id:502826 Topographical and Temporal Human Skin Microbiome skin occiput clone nbu88d03c1,10,-135.0,0.76953125,0.8836442490494296,0.1338874927779305,1414.0,1530.4651297958774,0.967435545139537,0.9928887934220945,-0.022222222222222223,True,1.0,10435.0,FMF,Male,Placebo-resistant (STRICT-ADAPTIVE)
35254, g__Corynebacterium, s__unclassified, p__Actinobacteria, c__Actinobacteria, o__Actinomycetales, f__Corynebacteriaceae,k__Bacteria; p__Actinobacteria; c__Actinobacteria; o__Actinomycetales; f__Corynebacteriaceae; g__Corynebacterium; s__unclassified; 35254; GQ042089.1 gg_id:454579 Topographical and Temporal Human Skin Microbiome skin alar crease clone nbw936b08c1, GQ042089.1 gg_id:454579 Topographical and Temporal Human Skin Microbiome skin alar crease clone nbw936b08c1,10,4.0,0.98046875,1.0,0.017180347536088075,218.0,182.60613717628564,0.9674212610240318,0.9928887934220945,0.022222222222222223,True,1.0,14367.0,FMF,Male,Placebo-resistant (STRICT-ADAPTIVE)
25869, g__Faecalibacterium, s__unclassified, p__Firmicutes, c__Clostridia, o__Clostridiales, f__Ruminococcaceae,k__Bacteria; p__Firmicutes; c__Clostridia; o__Clostridiales; f__Ruminococcaceae; g__Faecalibacterium; s__unclassified; 25869; FJ677406.1 gg_id:520572 Synecology primary and secondary habitats Escherichia coli O157:H7 fecal MARC beef cattle feedlot animal #4225 pen 301; was negative STEC O157 clone 3-2I3, FJ677406.1 gg_id:520572 Synecology primary and secondary habitats Escherichia coli O157:H7 fecal MARC beef cattle feedlot animal #4225 pen 301 was negative STEC O157 clone 3-2I3,10,175.0,0.275390625,0.7315836036008729,0.08658005291631085,220.25,858.0471691385426,0.8382564863858263,0.9581536201140475,0.06666666666666667,True,1.0,12990.5,FMF,Male,Placebo-resistant (STRICT-ADAPTIVE)
50211, g__Desulfosporomusa, s__unclassified, p__Firmicutes, c__Clostridia, o__Clostridiales, f__Veillonellaceae,k__Bacteria; p__Firmicutes; c__Clostridia; o__Clostridiales; f__Veillonellaceae; g__Desulfosporomusa; s__unclassified; 50211; EF454547.2 gg_id:224315 termite hindgut clone 290cost002-P3L-2304, EF454547.2 gg_id:224315 termite hindgut clone 290cost002-P3L-2304,10,193.5,0.130859375,0.7315836036008729,0.0332937354560648,313.5,444.30391271565964,0.6533789106936937,0.9002109436224224,0.13333333333333333,True,1.0,11820.0,FMF,Male,Placebo-resistant (STRICT-ADAPTIVE)
57892, g__sfB, s__unclassified, p__Firmicutes, c__Clostridia, o__OPB54, f__unclassified,k__Bacteria; p__Firmicutes; c__Clostridia; o__OPB54; f__unclassified; g__sfB; s__unclassified; 57892; EU887985.1 gg_id:339192 Microbial structure hydrolytic stage two-stage anaerobic digestion grass silage leach bed reactor clone L5, EU887985.1 gg_id:339192 Microbial structure hydrolytic stage two-stage anaerobic digestion grass silage leach bed reactor clone L5,10,162.5,0.845703125,0.9248303534925827,0.09403761812839656,1007.0,832.9932961955136,0.9025232501776794,0.9754023282151151,0.044444444444444446,True,1.0,11730.0,FMF,Male,Placebo-resistant (STRICT-ADAPTIVE)
26134, g__Faecalibacterium, s__unclassified, p__Firmicutes, c__Clostridia, o__Clostridiales, f__Ruminococcaceae,k__Bacteria; p__Firmicutes; c__Clostridia; o__Clostridiales; f__Ruminococcaceae; g__Faecalibacterium; s__unclassified; 26134; FJ673187.1 gg_id:524511 Synecology primary and secondary habitats Escherichia coli O157:H7 fecal MARC beef cattle feedlot animal #4262 pen 301; was positive STEC O157 clone 130-1L21, FJ673187.1 gg_id:524511 Synecology primary and secondary habitats Escherichia coli O157:H7 fecal MARC beef cattle feedlot animal #4262 pen 301 was positive STEC O157 clone 130-1L21,10,70.0,0.431640625,0.7455067855825108,0.04928068271492919,371.75,690.8690899640668,0.9025232501776794,0.9754023282151151,0.044444444444444446,True,1.0,14190.5,FMF,Male,Placebo-resistant (STRICT-ADAPTIVE)
68623, g__Bacteroides, s__unclassified, p__Bacteroidetes, c__Bacteroidia, o__Bacteroidales, f__Bacteroidaceae,k__Bacteria; p__Bacteroidetes; c__Bacteroidia; o__Bacteroidales; f__Bacteroidaceae; g__Bacteroides; s__unclassified; 68623; AY985214.1 gg_id:127000 human stool clone C078, AY985214.1 gg_id:127000 human stool clone C078,10,292.5,0.193359375,0.7315836036008729,0.10079158851115909,1003.0,977.8168510087494,0.5674585271954133,0.8815286128988666,0.13333333333333333,True,1.0,13745.5,FMF,Male,Placebo-resistant (STRICT-ADAPTIVE)
25284, g__Faecalibacterium, s__Faecalibacterium prausnitzii, p__Firmicutes, c__Clostridia, o__Clostridiales, f__Ruminococcaceae,k__Bacteria; p__Firmicutes; c__Clostridia; o__Clostridiales; f__Ruminococcaceae; g__Faecalibacterium; s__Faecalibacterium prausnitzii; 25284; FJ683091.1 gg_id:525598 Synecology primary and secondary habitats Escherichia coli O157:H7 fecal MARC beef cattle feedlot animal #4351 pen 301; was negative STEC O157 clone 8-5H10, FJ683091.1 gg_id:525598 Synecology primary and secondary habitats Escherichia coli O157:H7 fecal MARC beef cattle feedlot animal #4351 pen 301 was negative STEC O157 clone 8-5H10,10,126.5,0.275390625,0.7315836036008729,0.03921998296998298,325.5,786.9766338540314,0.6533789106936937,0.9002109436224224,0.13333333333333333,True,1.0,13879.0,FMF,Male,Placebo-resistant (STRICT-ADAPTIVE)
67066, g__Prevotella, s__unclassified, p__Bacteroidetes, c__Bacteroidia, o__Bacteroidales, f__Prevotellaceae,k__Bacteria; p__Bacteroidetes; c__Bacteroidia; o__Bacteroidales; f__Prevotellaceae; g__Prevotella; s__unclassified; 67066; FJ673617.1 gg_id:525511 Synecology primary and secondary habitats Escherichia coli O157:H7 fecal MARC beef cattle feedlot animal #4262 pen 301; was positive STEC O157 clone 130-5M19, FJ673617.1 gg_id:525511 Synecology primary and secondary habitats Escherichia coli O157:H7 fecal MARC beef cattle feedlot animal #4262 pen 301 was positive STEC O157 clone 130-5M19,10,97.5,0.6953125,0.848255880244983,0.04308630047310904,264.0,580.034238346707,0.6533789106936937,0.9002109436224224,0.13333333333333333,True,1.0,13907.0,FMF,Male,Placebo-resistant (STRICT-ADAPTIVE)
16020, g__Succinivibrio, s__unclassified, p__Proteobacteria, c__Gammaproteobacteria, o__Aeromonadales, f__Succinivibrionaceae,k__Bacteria; p__Proteobacteria; c__Gammaproteobacteria; o__Aeromonadales; f__Succinivibrionaceae; g__Succinivibrio; s__unclassified; 16020; FJ680138.1 gg_id:514703 Synecology primary and secondary habitats Escherichia coli O157:H7 fecal MARC beef cattle feedlot animal #4017 pen 301; was positive STEC O157 clone 4-4B18, FJ680138.1 gg_id:514703 Synecology primary and secondary habitats Escherichia coli O157:H7 fecal MARC beef cattle feedlot animal #4017 pen 301 was positive STEC O157 clone 4-4B18,10,39.5,0.671875,0.848255880244983,0.021989266121478935,380.25,439.61846189622213,0.774955307165551,0.9376534160753778,0.08888888888888889,True,1.0,13218.0,FMF,Male,Placebo-resistant (STRICT-ADAPTIVE)
26408, g__Faecalibacterium, s__Faecalibacterium prausnitzii, p__Firmicutes, c__Clostridia, o__Clostridiales, f__Ruminococcaceae,k__Bacteria; p__Firmicutes; c__Clostridia; o__Clostridiales; f__Ruminococcaceae; g__Faecalibacterium; s__Faecalibacterium prausnitzii; 26408; FJ681202.1 gg_id:521577 Synecology primary and secondary habitats Escherichia coli O157:H7 fecal MARC beef cattle feedlot animal #4281 pen 301; was positive STEC O157 clone 5-6B21, FJ681202.1 gg_id:521577 Synecology primary and secondary habitats Escherichia coli O157:H7 fecal MARC beef cattle feedlot animal #4281 pen 301 was positive STEC O157 clone 5-6B21,10,111.0,0.431640625,0.7455067855825108,0.060391472407359065,507.5,928.6724205666449,0.7133031738784577,0.9207147820005681,0.1111111111111111,True,1.0,13161.5,FMF,Male,Placebo-resistant (STRICT-ADAPTIVE)
71852, g__unclassified, s__unclassified, p__Firmicutes, c__Clostridia, o__Clostridiales, f__Clostridiaceae,k__Bacteria; p__Firmicutes; c__Clostridia; o__Clostridiales; f__Clostridiaceae; g__unclassified; s__unclassified; 71852; AF069742.1 gg_id:16220 Clostridium frigidicarnis str. SPL77A, AF069742.1 gg_id:16220 Clostridium frigidicarnis str. SPL77A,10,225.5,0.375,0.7328566955432627,0.1175040397408392,623.75,757.1451057198716,0.7133031738784577,0.9207147820005681,0.1111111111111111,True,1.0,8586.0,FMF,Male,Placebo-resistant (STRICT-ADAPTIVE)
26485, g__Faecalibacterium, s__unclassified, p__Firmicutes, c__Clostridia, o__Clostridiales, f__Ruminococcaceae,k__Bacteria; p__Firmicutes; c__Clostridia; o__Clostridiales; f__Ruminococcaceae; g__Faecalibacterium; s__unclassified; 26485; EU778303.1 gg_id:331363 feces clone RL388_aao93a11, EU778303.1 gg_id:331363 feces clone RL388_aao93a11,10,156.5,0.556640625,0.7914449891791329,0.046733467247838,456.25,615.9284628383758,0.7133031738784577,0.9207147820005681,0.1111111111111111,True,1.0,12988.0,FMF,Male,Placebo-resistant (STRICT-ADAPTIVE)
55944, g__Akkermansia, s__unclassified, p__Verrucomicrobia, c__Verrucomicrobiae, o__Verrucomicrobiales, f__Verrucomicrobiaceae,k__Bacteria; p__Verrucomicrobia; c__Verrucomicrobiae; o__Verrucomicrobiales; f__Verrucomicrobiaceae; g__Akkermansia; s__unclassified; 55944; EU507293.1 gg_id:262054 cecal contents Mus musculus strain C57BL/6J; MD23 clone MD23_2aaa01c03, EU507293.1 gg_id:262054 cecal contents Mus musculus strain C57BL/6J MD23 clone MD23_2aaa01c03,10,50.5,0.4921875,0.7635226801988401,0.03159590365357355,282.0,575.4671985014534,0.8382564863858263,0.9581536201140475,0.06666666666666667,True,1.0,11290.0,FMF,Male,Placebo-resistant (STRICT-ADAPTIVE)
19791, g__Coprococcus, s__unclassified, p__Firmicutes, c__Clostridia, o__Clostridiales, f__Lachnospiraceae,k__Bacteria; p__Firmicutes; c__Clostridia; o__Clostridiales; f__Lachnospiraceae; g__Coprococcus; s__unclassified; 19791; FJ369957.1 gg_id:361190 feces adult twins and mothers; TS55 clone TS55_a02g02, FJ369957.1 gg_id:361190 feces adult twins and mothers TS55 clone TS55_a02g02,10,-82.0,0.322265625,0.7315836036008729,0.02342349690328621,386.0,232.10743683092582,0.967435545139537,0.9928887934220945,-0.022222222222222223,True,1.0,11937.5,FMF,Male,Placebo-resistant (STRICT-ADAPTIVE)
50038, g__Veillonella, s__Veillonella dispar, p__Firmicutes, c__Clostridia, o__Clostridiales, f__Veillonellaceae,k__Bacteria; p__Firmicutes; c__Clostridia; o__Clostridiales; f__Veillonellaceae; g__Veillonella; s__Veillonella dispar; 50038; GQ081299.1 gg_id:452838 Topographical and Temporal Human Skin Microbiome skin external auditory canal clone nbw1143h03c1, GQ081299.1 gg_id:452838 Topographical and Temporal Human Skin Microbiome skin external auditory canal clone nbw1143h03c1,10,71.5,0.6953125,0.848255880244983,0.12226270387877954,884.75,1205.8147895832833,1.0,1.0,0.0,True,1.0,12264.5,FMF,Male,Placebo-resistant (STRICT-ADAPTIVE)
38118, g__Mycobacterium, s__unclassified, p__Actinobacteria, c__Actinobacteria, o__Actinomycetales, f__Mycobacteriaceae,k__Bacteria; p__Actinobacteria; c__Actinobacteria; o__Actinomycetales; f__Mycobacteriaceae; g__Mycobacterium; s__unclassified; 38118; FJ382322.1 gg_id:577540 Potentially pathogenic and air stem cell transplant summer hospital shower water BMT unit clone 4S_4g02, FJ382322.1 gg_id:577540 Potentially pathogenic and air stem cell transplant summer hospital shower water BMT unit clone 4S_4g02,10,181.5,0.375,0.7328566955432627,0.053986277760460624,408.75,432.362399788778,0.7750513736700824,0.9376534160753778,0.08888888888888889,True,1.0,12425.5,FMF,Male,Placebo-resistant (STRICT-ADAPTIVE)
52408, g__sfA, s__unclassified, p__Proteobacteria, c__Deltaproteobacteria, o__DTB120/49S1_2B, f__unclassified,k__Bacteria; p__Proteobacteria; c__Deltaproteobacteria; o__DTB120/49S1_2B; f__unclassified; g__sfA; s__unclassified; 52408; GQ433929.1 gg_id:580755 Subseafloor ocean crust microbial observatories: (F-through Osmo Colonization System) and evaluation borehole materials seafloor Black FLOCS colonization experiment glass wool clone BlkFLOCS_C04, GQ433929.1 gg_id:580755 Subseafloor ocean crust microbial observatories: (F-through Osmo Colonization System) and evaluation borehole materials seafloor Black FLOCS colonization experiment glass wool clone BlkFLOCS_C04,10,54.0,0.322265625,0.7315836036008729,0.08776010425653517,484.25,646.8389646280681,0.9025232501776794,0.9754023282151151,-0.044444444444444446,True,1.0,10988.0,FMF,Male,Placebo-resistant (STRICT-ADAPTIVE)
70540, g__unclassified, s__unclassified, p__Firmicutes, c__Clostridia, o__Clostridiales, f__Lachnospiraceae,k__Bacteria; p__Firmicutes; c__Clostridia; o__Clostridiales; f__Lachnospiraceae; g__unclassified; s__unclassified; 70540; EU774684.1 gg_id:346374 Angola Colobus feces clone EAC_2_aaa04d04, EU774684.1 gg_id:346374 Angola Colobus feces clone EAC_2_aaa04d04,10,109.0,0.6953125,0.848255880244983,0.0810602769386984,779.25,731.6005164941072,0.9025232501776794,0.9754023282151151,0.044444444444444446,True,1.0,13101.5,FMF,Male,Placebo-resistant (STRICT-ADAPTIVE)
5211, g__unclassified, s__unclassified, p__Proteobacteria, c__Gammaproteobacteria, o__Enterobacteriales, f__Enterobacteriaceae,k__Bacteria; p__Proteobacteria; c__Gammaproteobacteria; o__Enterobacteriales; f__Enterobacteriaceae; g__unclassified; s__unclassified; 5211; AB273742.1 gg_id:245432 Cedecea lapagei str. GTC 346, AB273742.1 gg_id:245432 Cedecea lapagei str. GTC 346,10,22.0,0.845703125,0.9248303534925827,0.08787597599589123,1110.0,992.5836582536618,0.7133031738784577,0.9207147820005681,0.1111111111111111,True,1.0,11615.5,FMF,Male,Placebo-resistant (STRICT-ADAPTIVE)
25992, g__Faecalibacterium, s__Faecalibacterium prausnitzii, p__Firmicutes, c__Clostridia, o__Clostridiales, f__Ruminococcaceae,k__Bacteria; p__Firmicutes; c__Clostridia; o__Clostridiales; f__Ruminococcaceae; g__Faecalibacterium; s__Faecalibacterium prausnitzii; 25992; FJ371968.1 gg_id:363824 feces adult twins and mothers; TS8 clone TS8_a04c05, FJ371968.1 gg_id:363824 feces adult twins and mothers TS8 clone TS8_a04c05,10,225.0,0.431640625,0.7455067855825108,0.0828065672186591,431.5,1072.1048323720752,0.7750513736700824,0.9376534160753778,0.08888888888888889,True,1.0,14071.0,FMF,Male,Placebo-resistant (STRICT-ADAPTIVE)
72490, g__Lactobacillus, s__unclassified, p__Firmicutes, c__Bacilli, o__Lactobacillales, f__Lactobacillaceae,k__Bacteria; p__Firmicutes; c__Bacilli; o__Lactobacillales; f__Lactobacillaceae; g__Lactobacillus; s__unclassified; 72490; AY690834.1 gg_id:123663 Lactobacillus nantesii str. Lp33, AY690834.1 gg_id:123663 Lactobacillus nantesii str. Lp33,10,32.5,0.556640625,0.7914449891791329,0.041012952008420936,430.0,457.5193564526958,0.6533789106936937,0.9002109436224224,0.13333333333333333,True,1.0,12716.0,FMF,Male,Placebo-resistant (STRICT-ADAPTIVE)
24552, g__Faecalibacterium, s__Faecalibacterium prausnitzii, p__Firmicutes, c__Clostridia, o__Clostridiales, f__Ruminococcaceae,k__Bacteria; p__Firmicutes; c__Clostridia; o__Clostridiales; f__Ruminococcaceae; g__Faecalibacterium; s__Faecalibacterium prausnitzii; 24552; DQ801056.1 gg_id:186986 human fecal clone RL387_aao91e05, DQ801056.1 gg_id:186986 human fecal clone RL387_aao91e05,10,150.0,0.625,0.8184138750961605,0.04157863698070305,353.75,734.4361406389712,0.9025232501776794,0.9754023282151151,0.044444444444444446,True,1.0,14349.0,FMF,Male,Placebo-resistant (STRICT-ADAPTIVE)
34070, g__Corynebacterium, s__unclassified, p__Actinobacteria, c__Actinobacteria, o__Actinomycetales, f__Corynebacteriaceae,k__Bacteria; p__Actinobacteria; c__Actinobacteria; o__Actinomycetales; f__Corynebacteriaceae; g__Corynebacterium; s__unclassified; 34070; GQ013334.1 gg_id:496332 Topographical and Temporal Human Skin Microbiome skin axillary vault clone nbw804e03c1, GQ013334.1 gg_id:496332 Topographical and Temporal Human Skin Microbiome skin axillary vault clone nbw804e03c1,10,116.5,0.556640625,0.7914449891791329,0.031497740371917285,502.75,305.5972274906957,0.6533789106936937,0.9002109436224224,0.13333333333333333,True,1.0,11415.5,FMF,Male,Placebo-resistant (STRICT-ADAPTIVE)
56130, g__Akkermansia, s__unclassified, p__Verrucomicrobia, c__Verrucomicrobiae, o__Verrucomicrobiales, f__Verrucomicrobiaceae,k__Bacteria; p__Verrucomicrobia; c__Verrucomicrobiae; o__Verrucomicrobiales; f__Verrucomicrobiaceae; g__Akkermansia; s__unclassified; 56130; GQ493932.1 gg_id:570491 Effect Diet on Human Gut Microbiome: Metagenomic Humanized Gnotobiotic Mice cecal contents Mus musculus strain C57BL/6J; PM8 clone PM8_a04e03, GQ493932.1 gg_id:570491 Effect Diet on Human Gut Microbiome: Metagenomic Humanized Gnotobiotic Mice cecal contents Mus musculus strain C57BL/6J PM8 clone PM8_a04e03,10,330.0,0.232421875,0.7315836036008729,0.08668886474932255,887.5,1094.8844908411318,0.7750513736700824,0.9376534160753778,0.08888888888888889,True,1.0,11468.0,FMF,Male,Placebo-resistant (STRICT-ADAPTIVE)
26507, g__Faecalibacterium, s__Faecalibacterium prausnitzii, p__Firmicutes, c__Clostridia, o__Clostridiales, f__Ruminococcaceae,k__Bacteria; p__Firmicutes; c__Clostridia; o__Clostridiales; f__Ruminococcaceae; g__Faecalibacterium; s__Faecalibacterium prausnitzii; 26507; EU763004.1 gg_id:352406 Pervasive effects antibiotic on human gut microbiota deep sequencing fecal clone Ax3_724, EU763004.1 gg_id:352406 Pervasive effects antibiotic on human gut microbiota deep sequencing fecal clone Ax3_724,10,156.0,0.138671875,0.7315836036008729,0.061034167313184666,342.25,736.7255031896209,0.6533789106936937,0.9002109436224224,0.13333333333333333,True,1.0,13615.0,FMF,Male,Placebo-resistant (STRICT-ADAPTIVE)
27873, g__unclassified, s__unclassified, p__Firmicutes, c__Clostridia, o__Clostridiales, f__Lachnospiraceae,k__Bacteria; p__Firmicutes; c__Clostridia; o__Clostridiales; f__Lachnospiraceae; g__unclassified; s__unclassified; 27873; EU776749.1 gg_id:317127 Mongoose lemur feces clone ML_aae89h02, EU776749.1 gg_id:317127 Mongoose lemur feces clone ML_aae89h02,10,76.0,0.375,0.7328566955432627,0.07810213241738748,984.75,656.6424777135406,0.967435545139537,0.9928887934220945,-0.022222222222222223,True,1.0,11848.0,FMF,Male,Placebo-resistant (STRICT-ADAPTIVE)
50151, g__Dialister, s__unclassified, p__Firmicutes, c__Clostridia, o__Clostridiales, f__Veillonellaceae,k__Bacteria; p__Firmicutes; c__Clostridia; o__Clostridiales; f__Veillonellaceae; g__Dialister; s__unclassified; 50151; EU464320.1 gg_id:293799 hamadryas baboon feces clone AFBAB_aai02f07, EU464320.1 gg_id:293799 hamadryas baboon feces clone AFBAB_aai02f07,10,49.0,1.0,1.0,0.029883068934961843,390.75,312.5800291498696,0.967435545139537,0.9928887934220945,-0.022222222222222223,True,1.0,13048.5,FMF,Male,Placebo-resistant (STRICT-ADAPTIVE)
70434, g__unclassified, s__unclassified, p__Firmicutes, c__Clostridia, o__Clostridiales, f__Lachnospiraceae,k__Bacteria; p__Firmicutes; c__Clostridia; o__Clostridiales; f__Lachnospiraceae; g__unclassified; s__unclassified; 70434; DQ905434.1 gg_id:166928 human fecal clone 013C-F8, DQ905434.1 gg_id:166928 human fecal clone 013C-F8,10,106.5,0.556640625,0.7914449891791329,0.034050605797335994,442.5,464.6956364427032,0.967435545139537,0.9928887934220945,-0.022222222222222223,True,1.0,13150.5,FMF,Male,Placebo-resistant (STRICT-ADAPTIVE)
55929, g__Akkermansia, s__Akkermansia muciniphila, p__Verrucomicrobia, c__Verrucomicrobiae, o__Verrucomicrobiales, f__Verrucomicrobiaceae,k__Bacteria; p__Verrucomicrobia; c__Verrucomicrobiae; o__Verrucomicrobiales; f__Verrucomicrobiaceae; g__Akkermansia; s__Akkermansia muciniphila; 55929; EU763518.1 gg_id:324181 Pervasive effects antibiotic on human gut microbiota deep sequencing fecal clone A4_766, EU763518.1 gg_id:324181 Pervasive effects antibiotic on human gut microbiota deep sequencing fecal clone A4_766,10,139.0,0.375,0.7328566955432627,0.05444504601364717,432.25,583.3490511796709,0.9025232501776794,0.9754023282151151,-0.044444444444444446,True,1.0,10698.5,FMF,Male,Placebo-resistant (STRICT-ADAPTIVE)
61637, g__Paracoccus, s__unclassified, p__Proteobacteria, c__Alphaproteobacteria, o__Rhodobacterales, f__Rhodobacteraceae,k__Bacteria; p__Proteobacteria; c__Alphaproteobacteria; o__Rhodobacterales; f__Rhodobacteraceae; g__Paracoccus; s__unclassified; 61637; EU341164.1 gg_id:238449 Evaluation Rapid Technologies Estimate Microbial Burden and Commercial Airline Cabin Air commercial aircraft cabin air clone AV_4S-I01, EU341164.1 gg_id:238449 Evaluation Rapid Technologies Estimate Microbial Burden and Commercial Airline Cabin Air commercial aircraft cabin air clone AV_4S-I01,10,60.0,0.556640625,0.7914449891791329,0.09313966352492546,914.75,1258.8810144996935,0.6533789106936937,0.9002109436224224,0.13333333333333333,True,1.0,9731.0,FMF,Male,Placebo-resistant (STRICT-ADAPTIVE)
44446, g__Clostridium, s__unclassified, p__Firmicutes, c__Clostridia, o__Clostridiales, f__Clostridiaceae,k__Bacteria; p__Firmicutes; c__Clostridia; o__Clostridiales; f__Clostridiaceae; g__Clostridium; s__unclassified; 44446; GQ129976.1 gg_id:403839 Genetic inventory 'JPL-SAF' during MSL mission spacecraft assembly clean room floor clone GI8-sp-J09, GQ129976.1 gg_id:403839 Genetic inventory 'JPL-SAF' during MSL mission spacecraft assembly clean room floor clone GI8-sp-J09,10,-61.0,0.845703125,0.9248303534925827,0.04871441341219378,703.25,696.953249256282,1.0,1.0,0.0,True,1.0,12684.0,FMF,Male,Placebo-resistant (STRICT-ADAPTIVE)
27093, g__Ruminococcus, s__Ruminococcus bromii, p__Firmicutes, c__Clostridia, o__Clostridiales, f__Ruminococcaceae,k__Bacteria; p__Firmicutes; c__Clostridia; o__Clostridiales; f__Ruminococcaceae; g__Ruminococcus; s__Ruminococcus bromii; 27093; FJ363691.1 gg_id:358965 feces adult twins and mothers; TS14 clone TS14_a02b08, FJ363691.1 gg_id:358965 feces adult twins and mothers TS14 clone TS14_a02b08,10,79.5,0.76953125,0.8836442490494296,0.06216008539480167,466.25,590.4922353577376,0.8382564863858263,0.9581536201140475,0.06666666666666667,True,1.0,12831.5,FMF,Male,Placebo-resistant (STRICT-ADAPTIVE)
25399, g__Faecalibacterium, s__Faecalibacterium prausnitzii, p__Firmicutes, c__Clostridia, o__Clostridiales, f__Ruminococcaceae,k__Bacteria; p__Firmicutes; c__Clostridia; o__Clostridiales; f__Ruminococcaceae; g__Faecalibacterium; s__Faecalibacterium prausnitzii; 25399; AY984008.1 gg_id:117564 human descending colon mucosal biopsy clone MD39, AY984008.1 gg_id:117564 human descending colon mucosal biopsy clone MD39,10,51.0,0.431640625,0.7455067855825108,0.03448706995268155,318.5,576.3800251387004,0.8382564863858263,0.9581536201140475,0.06666666666666667,True,1.0,14076.5,FMF,Male,Placebo-resistant (STRICT-ADAPTIVE)
55410, g__Akkermansia, s__Akkermansia muciniphila, p__Verrucomicrobia, c__Verrucomicrobiae, o__Verrucomicrobiales, f__Verrucomicrobiaceae,k__Bacteria; p__Verrucomicrobia; c__Verrucomicrobiae; o__Verrucomicrobiales; f__Verrucomicrobiaceae; g__Akkermansia; s__Akkermansia muciniphila; 55410; EF099126.1 gg_id:181513 mouse cecum clone SWPT2_aaa02f08, EF099126.1 gg_id:181513 mouse cecum clone SWPT2_aaa02f08,10,101.0,0.646484375,0.8447744739688743,0.069680501731351,509.0,648.4625585087992,0.8382564863858263,0.9581536201140475,-0.06666666666666667,True,1.0,10002.0,FMF,Male,Placebo-resistant (STRICT-ADAPTIVE)
17670, g__Roseburia, s__Eubacterium rectale, p__Firmicutes, c__Clostridia, o__Clostridiales, f__Lachnospiraceae,k__Bacteria; p__Firmicutes; c__Clostridia; o__Clostridiales; f__Lachnospiraceae; g__Roseburia; s__Eubacterium rectale; 17670; DQ327557.1 gg_id:146527 Metagenomic gut microbiome healthy human stool clone EB40, DQ327557.1 gg_id:146527 Metagenomic gut microbiome healthy human stool clone EB40,10,91.0,0.921875,0.9628597924917722,0.09279305571187843,531.75,875.0039382793911,0.6533789106936937,0.9002109436224224,0.13333333333333333,True,1.0,13922.5,FMF,Male,Placebo-resistant (STRICT-ADAPTIVE)
25754, g__Faecalibacterium, s__unclassified, p__Firmicutes, c__Clostridia, o__Clostridiales, f__Ruminococcaceae,k__Bacteria; p__Firmicutes; c__Clostridia; o__Clostridiales; f__Ruminococcaceae; g__Faecalibacterium; s__unclassified; 25754; FJ673880.1 gg_id:509345 Synecology primary and secondary habitats Escherichia coli O157:H7 fecal MARC beef cattle feedlot animal #4262 pen 301; was positive STEC O157 clone 130-6I9, FJ673880.1 gg_id:509345 Synecology primary and secondary habitats Escherichia coli O157:H7 fecal MARC beef cattle feedlot animal #4262 pen 301 was positive STEC O157 clone 130-6I9,10,166.0,0.625,0.8184138750961605,0.047651358457115385,357.5,703.0704962290608,0.967435545139537,0.9928887934220945,-0.022222222222222223,True,1.0,11743.5,FMF,Male,Placebo-resistant (STRICT-ADAPTIVE)
22395, g__unclassified, s__unclassified, p__Firmicutes, c__Clostridia, o__Clostridiales, f__Ruminococcaceae,k__Bacteria; p__Firmicutes; c__Clostridia; o__Clostridiales; f__Ruminococcaceae; g__unclassified; s__unclassified; 22395; EU458617.1 gg_id:293735 European rabbit feces clone RA_f11, EU458617.1 gg_id:293735 European rabbit feces clone RA_f11,10,77.5,0.845703125,0.9248303534925827,0.06216769039611065,961.5,691.1502430682733,1.0,1.0,0.0,True,1.0,13031.0,FMF,Male,Placebo-resistant (STRICT-ADAPTIVE)
67117, g__Prevotella, s__unclassified, p__Bacteroidetes, c__Bacteroidia, o__Bacteroidales, f__Prevotellaceae,k__Bacteria; p__Bacteroidetes; c__Bacteroidia; o__Bacteroidales; f__Prevotellaceae; g__Prevotella; s__unclassified; 67117; GQ493115.1 gg_id:581089 Effect Diet on Human Gut Microbiome: Metagenomic Humanized Gnotobiotic Mice cecal contents Mus musculus strain C57BL/6J; PM1 clone PM1_a03f04, GQ493115.1 gg_id:581089 Effect Diet on Human Gut Microbiome: Metagenomic Humanized Gnotobiotic Mice cecal contents Mus musculus strain C57BL/6J PM1 clone PM1_a03f04,10,408.5,0.375,0.7328566955432627,0.06488524057091316,400.0,785.4439247266478,0.7750513736700824,0.9376534160753778,0.08888888888888889,True,1.0,13865.5,FMF,Male,Placebo-resistant (STRICT-ADAPTIVE)
50309, g__Veillonella, s__Veillonella dispar, p__Firmicutes, c__Clostridia, o__Clostridiales, f__Veillonellaceae,k__Bacteria; p__Firmicutes; c__Clostridia; o__Clostridiales; f__Veillonellaceae; g__Veillonella; s__Veillonella dispar; 50309; GQ057614.1 gg_id:372040 Topographical and Temporal Human Skin Microbiome skin antecubital fossa clone nbw1066c01c1, GQ057614.1 gg_id:372040 Topographical and Temporal Human Skin Microbiome skin antecubital fossa clone nbw1066c01c1,10,-40.0,0.845703125,0.9248303534925827,0.09961147184337503,559.5,909.3546312486308,0.7133031738784577,0.9207147820005681,0.1111111111111111,True,1.0,11618.0,FMF,Male,Placebo-resistant (STRICT-ADAPTIVE)
18126, g__unclassified, s__unclassified, p__Firmicutes, c__Clostridia, o__Clostridiales, f__Lachnospiraceae,k__Bacteria; p__Firmicutes; c__Clostridia; o__Clostridiales; f__Lachnospiraceae; g__unclassified; s__unclassified; 18126; EF099347.1 gg_id:192378 mouse cecum clone SWPT3_aaa02a09, EF099347.1 gg_id:192378 mouse cecum clone SWPT3_aaa02a09,10,188.5,0.375,0.7328566955432627,0.0626381448254827,685.75,577.4486676031617,1.0,1.0,0.0,True,1.0,12962.5,FMF,Male,Placebo-resistant (STRICT-ADAPTIVE)
25076, g__Faecalibacterium, s__Faecalibacterium prausnitzii, p__Firmicutes, c__Clostridia, o__Clostridiales, f__Ruminococcaceae,k__Bacteria; p__Firmicutes; c__Clostridia; o__Clostridiales; f__Ruminococcaceae; g__Faecalibacterium; s__Faecalibacterium prausnitzii; 25076; DQ823651.1 gg_id:186746 human fecal clone RL250_aaj77b05, DQ823651.1 gg_id:186746 human fecal clone RL250_aaj77b05,10,97.5,0.845703125,0.9248303534925827,0.04777540156029351,374.25,695.134991335416,1.0,1.0,0.0,True,1.0,13870.5,FMF,Male,Placebo-resistant (STRICT-ADAPTIVE)
45258, g__Clostridium, s__unclassified, p__Firmicutes, c__Clostridia, o__Clostridiales, f__Clostridiaceae,k__Bacteria; p__Firmicutes; c__Clostridia; o__Clostridiales; f__Clostridiaceae; g__Clostridium; s__unclassified; 45258; DQ796807.1 gg_id:184442 human fecal clone RL179_aao54g10, DQ796807.1 gg_id:184442 human fecal clone RL179_aao54g10,10,78.0,0.130859375,0.7315836036008729,0.044400841747007286,439.75,395.2872764683652,0.6533789106936937,0.9002109436224224,0.13333333333333333,True,1.0,12495.5,FMF,Male,Placebo-resistant (STRICT-ADAPTIVE)
55593, g__Akkermansia, s__Akkermansia muciniphila, p__Verrucomicrobia, c__Verrucomicrobiae, o__Verrucomicrobiales, f__Verrucomicrobiaceae,k__Bacteria; p__Verrucomicrobia; c__Verrucomicrobiae; o__Verrucomicrobiales; f__Verrucomicrobiaceae; g__Akkermansia; s__Akkermansia muciniphila; 55593; EF099031.1 gg_id:188922 mouse cecum clone SWPT2_aaa01c10, EF099031.1 gg_id:188922 mouse cecum clone SWPT2_aaa01c10,10,181.5,0.275390625,0.7315836036008729,0.058827153139995154,424.75,664.0201525598117,0.7133031738784577,0.9207147820005681,0.1111111111111111,True,1.0,11153.0,FMF,Male,Placebo-resistant (STRICT-ADAPTIVE)
67668, g__Prevotella, s__unclassified, p__Bacteroidetes, c__Bacteroidia, o__Bacteroidales, f__Prevotellaceae,k__Bacteria; p__Bacteroidetes; c__Bacteroidia; o__Bacteroidales; f__Prevotellaceae; g__Prevotella; s__unclassified; 67668; FJ679626.1 gg_id:524036 Synecology primary and secondary habitats Escherichia coli O157:H7 fecal MARC beef cattle feedlot animal #4017 pen 301; was positive STEC O157 clone 4-2H17, FJ679626.1 gg_id:524036 Synecology primary and secondary habitats Escherichia coli O157:H7 fecal MARC beef cattle feedlot animal #4017 pen 301 was positive STEC O157 clone 4-2H17,10,439.5,0.193359375,0.7315836036008729,0.05949476456394667,415.25,686.7609015799377,0.967435545139537,0.9928887934220945,-0.022222222222222223,True,1.0,13580.5,FMF,Male,Placebo-resistant (STRICT-ADAPTIVE)
3189, g__Legionella, s__unclassified, p__Proteobacteria, c__Gammaproteobacteria, o__Legionellales, f__Legionellaceae,k__Bacteria; p__Proteobacteria; c__Gammaproteobacteria; o__Legionellales; f__Legionellaceae; g__Legionella; s__unclassified; 3189; FJ382013.1 gg_id:543450 Potentially pathogenic and air stem cell transplant winter hospital shower water BMT unit clone 4W_01e01, FJ382013.1 gg_id:543450 Potentially pathogenic and air stem cell transplant winter hospital shower water BMT unit clone 4W_01e01,10,384.0,0.009765625,0.7315836036008729,0.08387986065794915,551.5,546.6720090887325,0.967435545139537,0.9928887934220945,0.022222222222222223,True,1.0,9859.0,FMF,Male,Placebo-resistant (STRICT-ADAPTIVE)
26424, g__Faecalibacterium, s__unclassified, p__Firmicutes, c__Clostridia, o__Clostridiales, f__Ruminococcaceae,k__Bacteria; p__Firmicutes; c__Clostridia; o__Clostridiales; f__Ruminococcaceae; g__Faecalibacterium; s__unclassified; 26424; FJ682360.1 gg_id:524527 Synecology primary and secondary habitats Escherichia coli O157:H7 fecal MARC beef cattle feedlot animal #4351 pen 301; was negative STEC O157 clone 8-3B3, FJ682360.1 gg_id:524527 Synecology primary and secondary habitats Escherichia coli O157:H7 fecal MARC beef cattle feedlot animal #4351 pen 301 was negative STEC O157 clone 8-3B3,10,335.5,0.232421875,0.7315836036008729,0.1221444588987684,517.25,1174.702667212242,0.7133031738784577,0.9207147820005681,0.1111111111111111,True,1.0,12338.5,FMF,Male,Placebo-resistant (STRICT-ADAPTIVE)
50283, g__Veillonella, s__Veillonella dispar, p__Firmicutes, c__Clostridia, o__Clostridiales, f__Veillonellaceae,k__Bacteria; p__Firmicutes; c__Clostridia; o__Clostridiales; f__Veillonellaceae; g__Veillonella; s__Veillonella dispar; 50283; GQ073344.1 gg_id:393528 Topographical and Temporal Human Skin Microbiome skin palm clone nbw207h08c1, GQ073344.1 gg_id:393528 Topographical and Temporal Human Skin Microbiome skin palm clone nbw207h08c1,10,182.5,0.625,0.8184138750961605,0.14552642309695665,871.5,1425.864678650584,0.9025232501776794,0.9754023282151151,0.044444444444444446,True,1.0,11554.0,FMF,Male,Placebo-resistant (STRICT-ADAPTIVE)
41582, g__sfA, s__unclassified, p__Actinobacteria, c__Actinobacteria, o__MC47, f__unclassified,k__Bacteria; p__Actinobacteria; c__Actinobacteria; o__MC47; f__unclassified; g__sfA; s__unclassified; 41582; DQ906785.1 gg_id:242006 Oman subsurface soil clone 2B-7, DQ906785.1 gg_id:242006 Oman subsurface soil clone 2B-7,10,87.5,0.6953125,0.848255880244983,0.04956340107269481,359.75,601.812107563482,0.7750513736700824,0.9376534160753778,-0.08888888888888889,True,1.0,11819.0,FMF,Male,Placebo-resistant (STRICT-ADAPTIVE)
50750, g__Veillonella, s__unclassified, p__Firmicutes, c__Clostridia, o__Clostridiales, f__Veillonellaceae,k__Bacteria; p__Firmicutes; c__Clostridia; o__Clostridiales; f__Veillonellaceae; g__Veillonella; s__unclassified; 50750; GQ114743.1 gg_id:381926 Topographical and Temporal Human Skin Microbiome skin interdigital web space clone nbw682h08c1, GQ114743.1 gg_id:381926 Topographical and Temporal Human Skin Microbiome skin interdigital web space clone nbw682h08c1,10,122.0,0.275390625,0.7315836036008729,0.09164651518333172,331.75,765.5939841398383,0.7750513736700824,0.9376534160753778,-0.08888888888888889,True,1.0,12169.0,FMF,Male,Placebo-resistant (STRICT-ADAPTIVE)
67221, g__Prevotella, s__unclassified, p__Bacteroidetes, c__Bacteroidia, o__Bacteroidales, f__Prevotellaceae,k__Bacteria; p__Bacteroidetes; c__Bacteroidia; o__Bacteroidales; f__Prevotellaceae; g__Prevotella; s__unclassified; 67221; EF510483.1 gg_id:222154 Loss During Antibiotic Treatment 1 Intubated Patients Colonized Pseudomonas aeruginosa endotracheal aspirate clone P2D1-513, EF510483.1 gg_id:222154 Loss During Antibiotic Treatment 1 Intubated Patients Colonized Pseudomonas aeruginosa endotracheal aspirate clone P2D1-513,10,622.0,0.232421875,0.7315836036008729,0.09174855362862888,943.5,863.0186067525492,0.7133031738784577,0.9207147820005681,0.1111111111111111,True,1.0,11980.5,FMF,Male,Placebo-resistant (STRICT-ADAPTIVE)
55253, g__Akkermansia, s__unclassified, p__Verrucomicrobia, c__Verrucomicrobiae, o__Verrucomicrobiales, f__Verrucomicrobiaceae,k__Bacteria; p__Verrucomicrobia; c__Verrucomicrobiae; o__Verrucomicrobiales; f__Verrucomicrobiaceae; g__Akkermansia; s__unclassified; 55253; EU506565.1 gg_id:277003 cecal contents Mus musculus strain C57BL/6J; MD19 clone MD19_aaa04d05, EU506565.1 gg_id:277003 cecal contents Mus musculus strain C57BL/6J MD19 clone MD19_aaa04d05,10,-68.5,1.0,1.0,0.06396189737387827,708.5,733.2867653706685,0.967435545139537,0.9928887934220945,0.022222222222222223,True,1.0,9550.5,FMF,Male,Placebo-resistant (STRICT-ADAPTIVE)
15197, g__Sutterella, s__unclassified, p__Proteobacteria, c__Betaproteobacteria, o__Burkholderiales, f__Alcaligenaceae,k__Bacteria; p__Proteobacteria; c__Betaproteobacteria; o__Burkholderiales; f__Alcaligenaceae; g__Sutterella; s__unclassified; 15197; AJ566849.1 gg_id:104793 Sutterella stercoricanis str. CCUG 47620, AJ566849.1 gg_id:104793 Sutterella stercoricanis str. CCUG 47620,10,66.0,0.6953125,0.848255880244983,0.11087490405439211,1100.5,1487.5870275509187,0.7133031738784577,0.9207147820005681,0.1111111111111111,True,1.0,9958.5,FMF,Male,Placebo-resistant (STRICT-ADAPTIVE)
17947, g__Roseburia, s__Eubacterium rectale, p__Firmicutes, c__Clostridia, o__Clostridiales, f__Lachnospiraceae,k__Bacteria; p__Firmicutes; c__Clostridia; o__Clostridiales; f__Lachnospiraceae; g__Roseburia; s__Eubacterium rectale; 17947; AY978123.1 gg_id:124624 human cecum mucosal biopsy clone LI93, AY978123.1 gg_id:124624 human cecum mucosal biopsy clone LI93,10,85.0,0.751953125,0.8836442490494296,0.12409698485047373,538.75,1086.7535580168221,0.774955307165551,0.9376534160753778,0.08888888888888889,True,1.0,13573.5,FMF,Male,Placebo-resistant (STRICT-ADAPTIVE)
30308, g__Corynebacterium, s__unclassified, p__Actinobacteria, c__Actinobacteria, o__Actinomycetales, f__Corynebacteriaceae,k__Bacteria; p__Actinobacteria; c__Actinobacteria; o__Actinomycetales; f__Corynebacteriaceae; g__Corynebacterium; s__unclassified; 30308; FM875163.1 gg_id:367677 occupant source house dust skin surface swab clone SB03F10, FM875163.1 gg_id:367677 occupant source house dust skin surface swab clone SB03F10,10,-100.0,0.556640625,0.7914449891791329,0.04501329296787312,583.25,447.0804781691994,1.0,1.0,0.0,True,1.0,12097.5,FMF,Male,Placebo-resistant (STRICT-ADAPTIVE)
22757, g__unclassified, s__unclassified, p__Firmicutes, c__Clostridia, o__Clostridiales, f__Lachnospiraceae,k__Bacteria; p__Firmicutes; c__Clostridia; o__Clostridiales; f__Lachnospiraceae; g__unclassified; s__unclassified; 22757; EU454681.1 gg_id:334577 Innate immunity and intestinal microbiota Type 1 diabetes mouse cecum clone K78S2_44d07, EU454681.1 gg_id:334577 Innate immunity and intestinal microbiota Type 1 diabetes mouse cecum clone K78S2_44d07,10,377.0,0.130859375,0.7315836036008729,0.08949427851981008,709.25,770.8762363959601,0.6533789106936937,0.9002109436224224,0.13333333333333333,True,1.0,10605.5,FMF,Male,Placebo-resistant (STRICT-ADAPTIVE)
24781, g__Faecalibacterium, s__unclassified, p__Firmicutes, c__Clostridia, o__Clostridiales, f__Ruminococcaceae,k__Bacteria; p__Firmicutes; c__Clostridia; o__Clostridiales; f__Ruminococcaceae; g__Faecalibacterium; s__unclassified; 24781; DQ825301.1 gg_id:189448 human fecal clone RL185_aan88b03, DQ825301.1 gg_id:189448 human fecal clone RL185_aan88b03,10,148.5,0.4921875,0.7635226801988401,0.05030337594093091,387.25,899.3538712653658,0.7133031738784577,0.9207147820005681,0.1111111111111111,True,1.0,13631.5,FMF,Male,Placebo-resistant (STRICT-ADAPTIVE)
45472, g__Clostridium, s__unclassified, p__Firmicutes, c__Clostridia, o__Clostridiales, f__Clostridiaceae,k__Bacteria; p__Firmicutes; c__Clostridia; o__Clostridiales; f__Clostridiaceae; g__Clostridium; s__unclassified; 45472; DQ810116.1 gg_id:196719 human fecal clone RL184_aao68c04, DQ810116.1 gg_id:196719 human fecal clone RL184_aao68c04,10,190.5,0.275390625,0.7315836036008729,0.06850400172404408,465.75,843.9538622065387,0.9025232501776794,0.9754023282151151,0.044444444444444446,True,1.0,11061.5,FMF,Male,Placebo-resistant (STRICT-ADAPTIVE)
16756, g__Azospira, s__unclassified, p__Proteobacteria, c__Betaproteobacteria, o__Rhodocyclales, f__Rhodocyclaceae,k__Bacteria; p__Proteobacteria; c__Betaproteobacteria; o__Rhodocyclales; f__Rhodocyclaceae; g__Azospira; s__unclassified; 16756; AF170348.1 gg_id:6722 Azospira oryzae str. PS, AF170348.1 gg_id:6722 Azospira oryzae str. PS,10,33.5,0.4921875,0.7635226801988401,0.07469727743161458,855.75,968.3928045099607,0.6533789106936937,0.9002109436224224,-0.13333333333333333,True,1.0,9770.5,FMF,Male,Placebo-resistant (STRICT-ADAPTIVE)
25279, g__Faecalibacterium, s__unclassified, p__Firmicutes, c__Clostridia, o__Clostridiales, f__Ruminococcaceae,k__Bacteria; p__Firmicutes; c__Clostridia; o__Clostridiales; f__Ruminococcaceae; g__Faecalibacterium; s__unclassified; 25279; FJ683865.1 gg_id:523118 Synecology primary and secondary habitats Escherichia coli O157:H7 fecal MARC beef cattle feedlot animal #4351 pen 301; was negative STEC O157 clone 8-8H15, FJ683865.1 gg_id:523118 Synecology primary and secondary habitats Escherichia coli O157:H7 fecal MARC beef cattle feedlot animal #4351 pen 301 was negative STEC O157 clone 8-8H15,10,109.0,0.232421875,0.7315836036008729,0.03851744274447641,125.25,468.7433323022076,0.9025232501776794,0.9754023282151151,0.044444444444444446,True,1.0,13740.5,FMF,Male,Placebo-resistant (STRICT-ADAPTIVE)
24806, g__Faecalibacterium, s__unclassified, p__Firmicutes, c__Clostridia, o__Clostridiales, f__Ruminococcaceae,k__Bacteria; p__Firmicutes; c__Clostridia; o__Clostridiales; f__Ruminococcaceae; g__Faecalibacterium; s__unclassified; 24806; DQ808926.1 gg_id:195680 human fecal clone RL243_aai87a12, DQ808926.1 gg_id:195680 human fecal clone RL243_aai87a12,10,64.5,0.556640625,0.7914449891791329,0.05011015170576681,284.0,552.8404991204766,1.0,1.0,0.0,True,1.0,13542.5,FMF,Male,Placebo-resistant (STRICT-ADAPTIVE)
72685, g__unclassified, s__unclassified, p__Firmicutes, c__Clostridia, o__Clostridiales, f__Clostridiaceae,k__Bacteria; p__Firmicutes; c__Clostridia; o__Clostridiales; f__Clostridiaceae; g__unclassified; s__unclassified; 72685; EU470690.1 gg_id:300663 red panda feces clone RP_1aaa01a07, EU470690.1 gg_id:300663 red panda feces clone RP_1aaa01a07,10,73.5,0.130859375,0.7315836036008729,0.013155464541415272,160.5,140.11875092220885,0.967435545139537,0.9928887934220945,0.022222222222222223,True,1.0,13603.0,FMF,Male,Placebo-resistant (STRICT-ADAPTIVE)
67419, g__Prevotella, s__unclassified, p__Bacteroidetes, c__Bacteroidia, o__Bacteroidales, f__Prevotellaceae,k__Bacteria; p__Bacteroidetes; c__Bacteroidia; o__Bacteroidales; f__Prevotellaceae; g__Prevotella; s__unclassified; 67419; GQ492677.1 gg_id:588173 Effect Diet on Human Gut Microbiome: Metagenomic Humanized Gnotobiotic Mice cecal contents Mus musculus strain C57BL/6J; PM2 clone PM2_a03c06, GQ492677.1 gg_id:588173 Effect Diet on Human Gut Microbiome: Metagenomic Humanized Gnotobiotic Mice cecal contents Mus musculus strain C57BL/6J PM2 clone PM2_a03c06,10,374.0,0.275390625,0.7315836036008729,0.11062367994369629,579.75,915.494939754205,0.6533789106936937,0.9002109436224224,0.13333333333333333,True,1.0,13357.5,FMF,Male,Placebo-resistant (STRICT-ADAPTIVE)
50207, g__Paenibacillus, s__unclassified, p__Firmicutes, c__Bacilli, o__Bacillales, f__Paenibacillaceae,k__Bacteria; p__Firmicutes; c__Bacilli; o__Bacillales; f__Paenibacillaceae; g__Paenibacillus; s__unclassified; 50207; AY772704.1 gg_id:110061 Paenibacillus polymyxa str. CP7, AY772704.1 gg_id:110061 Paenibacillus polymyxa str. CP7,10,-101.0,0.4921875,0.7635226801988401,0.054775283980601,694.0,427.19901995309976,0.6533789106936937,0.9002109436224224,-0.13333333333333333,True,1.0,10750.0,FMF,Male,Placebo-resistant (STRICT-ADAPTIVE)
60736, g__unclassified, s__unclassified, p__Proteobacteria, c__Alphaproteobacteria, o__Rhodospirillales, f__Rhodospirillaceae,k__Bacteria; p__Proteobacteria; c__Alphaproteobacteria; o__Rhodospirillales; f__Rhodospirillaceae; g__unclassified; s__unclassified; 60736; EF471702.1 gg_id:265895 Fast Screening and Estuarine Operon Libraries whole surface water Chesapeake Bay clone CB22D08, EF471702.1 gg_id:265895 Fast Screening and Estuarine Operon Libraries whole surface water Chesapeake Bay clone CB22D08,10,147.0,0.16015625,0.7315836036008729,0.06123862282312694,414.5,663.2840171315922,0.9025232501776794,0.9754023282151151,-0.044444444444444446,True,1.0,11864.5,FMF,Male,Placebo-resistant (STRICT-ADAPTIVE)
25882, g__Faecalibacterium, s__Faecalibacterium prausnitzii, p__Firmicutes, c__Clostridia, o__Clostridiales, f__Ruminococcaceae,k__Bacteria; p__Firmicutes; c__Clostridia; o__Clostridiales; f__Ruminococcaceae; g__Faecalibacterium; s__Faecalibacterium prausnitzii; 25882; DQ806550.1 gg_id:177636 human fecal clone RL186_aao46a01, DQ806550.1 gg_id:177636 human fecal clone RL186_aao46a01,10,153.0,0.556640625,0.7914449891791329,0.04355690952365888,506.5,757.6165926259946,0.8382564863858263,0.9581536201140475,0.06666666666666667,True,1.0,14209.0,FMF,Male,Placebo-resistant (STRICT-ADAPTIVE)
27585, g__Ruminococcus, s__unclassified, p__Firmicutes, c__Clostridia, o__Clostridiales, f__Ruminococcaceae,k__Bacteria; p__Firmicutes; c__Clostridia; o__Clostridiales; f__Ruminococcaceae; g__Ruminococcus; s__unclassified; 27585; FJ366403.1 gg_id:356858 feces adult twins and mothers; TS26 clone TS26_a02f09, FJ366403.1 gg_id:356858 feces adult twins and mothers TS26 clone TS26_a02f09,10,-32.0,0.6953125,0.848255880244983,0.029600972449930013,283.5,346.6131463958695,0.9025232501776794,0.9754023282151151,0.044444444444444446,True,1.0,13529.5,FMF,Male,Placebo-resistant (STRICT-ADAPTIVE)
18960, g__Clostridium, s__unclassified, p__Firmicutes, c__Clostridia, o__Clostridiales, f__Lachnospiraceae,k__Bacteria; p__Firmicutes; c__Clostridia; o__Clostridiales; f__Lachnospiraceae; g__Clostridium; s__unclassified; 18960; DQ803468.1 gg_id:188970 human fecal clone RL251_aaj86b09, DQ803468.1 gg_id:188970 human fecal clone RL251_aaj86b09,10,-133.5,1.0,1.0,0.05580221251308271,564.25,457.5085843080494,0.7750513736700824,0.9376534160753778,-0.08888888888888889,True,1.0,11416.0,FMF,Male,Placebo-resistant (STRICT-ADAPTIVE)
25302, g__Faecalibacterium, s__unclassified, p__Firmicutes, c__Clostridia, o__Clostridiales, f__Ruminococcaceae,k__Bacteria; p__Firmicutes; c__Clostridia; o__Clostridiales; f__Ruminococcaceae; g__Faecalibacterium; s__unclassified; 25302; FJ679377.1 gg_id:516690 Synecology primary and secondary habitats Escherichia coli O157:H7 fecal MARC beef cattle feedlot animal #4017 pen 301; was positive STEC O157 clone 4-1J3, FJ679377.1 gg_id:516690 Synecology primary and secondary habitats Escherichia coli O157:H7 fecal MARC beef cattle feedlot animal #4017 pen 301 was positive STEC O157 clone 4-1J3,10,117.0,0.431640625,0.7455067855825108,0.05988236631402,299.75,718.5797381594706,0.967435545139537,0.9928887934220945,-0.022222222222222223,True,1.0,12678.0,FMF,Male,Placebo-resistant (STRICT-ADAPTIVE)
55073, g__Akkermansia, s__unclassified, p__Verrucomicrobia, c__Verrucomicrobiae, o__Verrucomicrobiales, f__Verrucomicrobiaceae,k__Bacteria; p__Verrucomicrobia; c__Verrucomicrobiae; o__Verrucomicrobiales; f__Verrucomicrobiaceae; g__Akkermansia; s__unclassified; 55073; DQ803798.1 gg_id:179022 human fecal clone RL200_aai58e08, DQ803798.1 gg_id:179022 human fecal clone RL200_aai58e08,10,124.0,0.4921875,0.7635226801988401,0.057652658672209804,469.25,656.7708493632565,0.8382564863858263,0.9581536201140475,0.06666666666666667,True,1.0,11122.0,FMF,Male,Placebo-resistant (STRICT-ADAPTIVE)
8663, g__Diaphorobacter, s__unclassified, p__Proteobacteria, c__Betaproteobacteria, o__Burkholderiales, f__Comamonadaceae,k__Bacteria; p__Proteobacteria; c__Betaproteobacteria; o__Burkholderiales; f__Comamonadaceae; g__Diaphorobacter; s__unclassified; 8663; GQ060009.1 gg_id:424823 Topographical and Temporal Human Skin Microbiome skin toe web space clone nbw42h09c1, GQ060009.1 gg_id:424823 Topographical and Temporal Human Skin Microbiome skin toe web space clone nbw42h09c1,10,-201.0,0.6953125,0.848255880244983,0.0669026321113671,726.0,561.7874111569646,0.967435545139537,0.9928887934220945,0.022222222222222223,True,1.0,11186.0,FMF,Male,Placebo-resistant (STRICT-ADAPTIVE)
22338, g__unclassified, s__unclassified, p__Firmicutes, c__Clostridia, o__Clostridiales, f__Ruminococcaceae,k__Bacteria; p__Firmicutes; c__Clostridia; o__Clostridiales; f__Ruminococcaceae; g__unclassified; s__unclassified; 22338; EU771370.1 gg_id:345938 Asiatic elephant feces clone AE2_aaa01h05, EU771370.1 gg_id:345938 Asiatic elephant feces clone AE2_aaa01h05,10,120.0,0.6953125,0.848255880244983,0.13337170771549686,1026.0,977.8877739660222,0.8382564863858263,0.9581536201140475,-0.06666666666666667,True,1.0,10798.0,FMF,Male,Placebo-resistant (STRICT-ADAPTIVE)
73765, g__Mycoplasma, s__unclassified, p__Tenericutes, c__Mollicutes, o__Mycoplasmatales, f__Mycoplasmataceae,k__Bacteria; p__Tenericutes; c__Mollicutes; o__Mycoplasmatales; f__Mycoplasmataceae; g__Mycoplasma; s__unclassified; 73765; NR_024981.1 gg_id:573950 Mycoplasma subdolum str. TB; ATCC 29870, NR_024981.1 gg_id:573950 Mycoplasma subdolum str. TB ATCC 29870,10,54.0,0.30078125,0.7315836036008729,0.08067502727388227,850.0,600.371937237428,0.9025232501776794,0.9754023282151151,-0.044444444444444446,True,1.0,11108.5,FMF,Male,Placebo-resistant (STRICT-ADAPTIVE)
50105, g__Veillonella, s__unclassified, p__Firmicutes, c__Clostridia, o__Clostridiales, f__Veillonellaceae,k__Bacteria; p__Firmicutes; c__Clostridia; o__Clostridiales; f__Veillonellaceae; g__Veillonella; s__unclassified; 50105; FJ558085.1 gg_id:528199 Survey Approach Assess Endotracheal Tube Biofilms and their Origins biofilm extubated endotracheal tube ICU patient clone ET_A_3g07, FJ558085.1 gg_id:528199 Survey Approach Assess Endotracheal Tube Biofilms and their Origins biofilm extubated endotracheal tube ICU patient clone ET_A_3g07,10,21.0,0.845703125,0.9248303534925827,0.19032323519355365,841.25,1481.01287610878,0.9025232501776794,0.9754023282151151,0.044444444444444446,True,1.0,9141.5,FMF,Male,Placebo-resistant (STRICT-ADAPTIVE)
30164, g__Corynebacterium, s__unclassified, p__Actinobacteria, c__Actinobacteria, o__Actinomycetales, f__Corynebacteriaceae,k__Bacteria; p__Actinobacteria; c__Actinobacteria; o__Actinomycetales; f__Corynebacteriaceae; g__Corynebacterium; s__unclassified; 30164; GQ025586.1 gg_id:465626 Topographical and Temporal Human Skin Microbiome skin antecubital fossa clone nbw890h11c1, GQ025586.1 gg_id:465626 Topographical and Temporal Human Skin Microbiome skin antecubital fossa clone nbw890h11c1,10,13.5,0.4921875,0.7635226801988401,0.03766330902267991,326.75,383.93307334019096,0.6533789106936937,0.9002109436224224,0.13333333333333333,True,1.0,13592.0,FMF,Male,Placebo-resistant (STRICT-ADAPTIVE)
55971, g__Akkermansia, s__Akkermansia muciniphila, p__Verrucomicrobia, c__Verrucomicrobiae, o__Verrucomicrobiales, f__Verrucomicrobiaceae,k__Bacteria; p__Verrucomicrobia; c__Verrucomicrobiae; o__Verrucomicrobiales; f__Verrucomicrobiaceae; g__Akkermansia; s__Akkermansia muciniphila; 55971; AY979545.1 gg_id:122434 human transverse colon mucosal biopsy clone M203, AY979545.1 gg_id:122434 human transverse colon mucosal biopsy clone M203,10,80.0,0.921875,0.9628597924917722,0.11659244803822534,795.25,797.9426426121672,0.967435545139537,0.9928887934220945,-0.022222222222222223,True,1.0,10160.5,FMF,Male,Placebo-resistant (STRICT-ADAPTIVE)
20405, g__Clostridium, s__unclassified, p__Firmicutes, c__Clostridia, o__Clostridiales, f__Lachnospiraceae,k__Bacteria; p__Firmicutes; c__Clostridia; o__Clostridiales; f__Lachnospiraceae; g__Clostridium; s__unclassified; 20405; GQ492220.1 gg_id:592784 Effect Diet on Human Gut Microbiome: Metagenomic Humanized Gnotobiotic Mice cecal contents Mus musculus strain C57BL/6J; PM3t2 clone PM3t2_a04c06, GQ492220.1 gg_id:592784 Effect Diet on Human Gut Microbiome: Metagenomic Humanized Gnotobiotic Mice cecal contents Mus musculus strain C57BL/6J PM3t2 clone PM3t2_a04c06,10,-31.0,0.845703125,0.9248303534925827,0.0458881739762937,682.0,477.4830549931124,0.7133031738784577,0.9207147820005681,0.1111111111111111,True,1.0,13103.0,FMF,Male,Placebo-resistant (STRICT-ADAPTIVE)
25709, g__Faecalibacterium, s__unclassified, p__Firmicutes, c__Clostridia, o__Clostridiales, f__Ruminococcaceae,k__Bacteria; p__Firmicutes; c__Clostridia; o__Clostridiales; f__Ruminococcaceae; g__Faecalibacterium; s__unclassified; 25709; FJ684204.1 gg_id:528631 Synecology primary and secondary habitats Escherichia coli O157:H7 fecal MARC beef cattle feedlot animal #4228 pen 301; was negative STEC O157 clone 6-4B22, FJ684204.1 gg_id:528631 Synecology primary and secondary habitats Escherichia coli O157:H7 fecal MARC beef cattle feedlot animal #4228 pen 301 was negative STEC O157 clone 6-4B22,10,149.5,0.275390625,0.7315836036008729,0.09016588595116144,356.75,1511.9623408023247,0.7133031738784577,0.9207147820005681,0.1111111111111111,True,1.0,13024.0,FMF,Male,Placebo-resistant (STRICT-ADAPTIVE)
40537, g__Actinomyces, s__unclassified, p__Actinobacteria, c__Actinobacteria, o__Actinomycetales, f__Actinomycetaceae,k__Bacteria; p__Actinobacteria; c__Actinobacteria; o__Actinomycetales; f__Actinomycetaceae; g__Actinomyces; s__unclassified; 40537; AJ243792.1 gg_id:16513 Actinomyces cf. urogenitalis M560/98/1, AJ243792.1 gg_id:16513 Actinomyces cf. urogenitalis M560/98/1,10,-111.5,0.556640625,0.7914449891791329,0.12411574651854505,1177.75,871.6833315940422,0.7750513736700824,0.9376534160753778,0.08888888888888889,True,1.0,9789.0,FMF,Male,Placebo-resistant (STRICT-ADAPTIVE)
56208, g__Akkermansia, s__unclassified, p__Verrucomicrobia, c__Verrucomicrobiae, o__Verrucomicrobiales, f__Verrucomicrobiaceae,k__Bacteria; p__Verrucomicrobia; c__Verrucomicrobiae; o__Verrucomicrobiales; f__Verrucomicrobiaceae; g__Akkermansia; s__unclassified; 56208; EU506595.1 gg_id:269033 cecal contents Mus musculus strain C57BL/6J; MD20 clone MD20_aap53a03, EU506595.1 gg_id:269033 cecal contents Mus musculus strain C57BL/6J MD20 clone MD20_aap53a03,10,339.5,0.037109375,0.7315836036008729,0.11156046362500412,908.75,596.7585508776189,0.7133031738784577,0.9207147820005681,0.1111111111111111,True,1.0,9857.0,FMF,Male,Placebo-resistant (STRICT-ADAPTIVE)
19527, g__Lachnospira, s__unclassified, p__Firmicutes, c__Clostridia, o__Clostridiales, f__Lachnospiraceae,k__Bacteria; p__Firmicutes; c__Clostridia; o__Clostridiales; f__Lachnospiraceae; g__Lachnospira; s__unclassified; 19527; DQ797586.1 gg_id:197341 human fecal clone RL206_aaj13d03, DQ797586.1 gg_id:197341 human fecal clone RL206_aaj13d03,10,-1.5,0.921875,0.9628597924917722,0.04099580671290943,480.25,412.46490802922324,0.9025232501776794,0.9754023282151151,-0.044444444444444446,True,1.0,12833.5,FMF,Male,Placebo-resistant (STRICT-ADAPTIVE)
26415, g__Faecalibacterium, s__unclassified, p__Firmicutes, c__Clostridia, o__Clostridiales, f__Ruminococcaceae,k__Bacteria; p__Firmicutes; c__Clostridia; o__Clostridiales; f__Ruminococcaceae; g__Faecalibacterium; s__unclassified; 26415; FJ368096.1 gg_id:357577 feces adult twins and mothers; TS30 clone TS30_a03h12, FJ368096.1 gg_id:357577 feces adult twins and mothers TS30 clone TS30_a03h12,10,87.5,0.76953125,0.8836442490494296,0.03737259191555858,359.25,454.70899146230516,0.7133031738784577,0.9207147820005681,-0.1111111111111111,True,1.0,13034.5,FMF,Male,Placebo-resistant (STRICT-ADAPTIVE)
26572, g__Faecalibacterium, s__Faecalibacterium prausnitzii, p__Firmicutes, c__Clostridia, o__Clostridiales, f__Ruminococcaceae,k__Bacteria; p__Firmicutes; c__Clostridia; o__Clostridiales; f__Ruminococcaceae; g__Faecalibacterium; s__Faecalibacterium prausnitzii; 26572; FJ363314.1 gg_id:364280 feces adult twins and mothers; TS149 clone TS149_a01g05, FJ363314.1 gg_id:364280 feces adult twins and mothers TS149 clone TS149_a01g05,10,96.5,0.556640625,0.7914449891791329,0.04784999254948597,427.75,746.8205441507052,0.7750513736700824,0.9376534160753778,0.08888888888888889,True,1.0,13974.0,FMF,Male,Placebo-resistant (STRICT-ADAPTIVE)
25034, g__Faecalibacterium, s__unclassified, p__Firmicutes, c__Clostridia, o__Clostridiales, f__Ruminococcaceae,k__Bacteria; p__Firmicutes; c__Clostridia; o__Clostridiales; f__Ruminococcaceae; g__Faecalibacterium; s__unclassified; 25034; EF402269.1 gg_id:211130 human fecal clone SJTU_B_05_74, EF402269.1 gg_id:211130 human fecal clone SJTU_B_05_74,10,-31.5,1.0,1.0,0.013269500051412055,286.0,170.01392076663737,0.6533789106936937,0.9002109436224224,0.13333333333333333,True,1.0,14099.0,FMF,Male,Placebo-resistant (STRICT-ADAPTIVE)
67453, g__Prevotella, s__unclassified, p__Bacteroidetes, c__Bacteroidia, o__Bacteroidales, f__Prevotellaceae,k__Bacteria; p__Bacteroidetes; c__Bacteroidia; o__Bacteroidales; f__Prevotellaceae; g__Prevotella; s__unclassified; 67453; DQ801108.1 gg_id:176761 human fecal clone RL387_aao92c09, DQ801108.1 gg_id:176761 human fecal clone RL387_aao92c09,10,342.5,0.375,0.7328566955432627,0.07960789994469936,455.75,862.7313822718326,0.9025232501776794,0.9754023282151151,0.044444444444444446,True,1.0,13820.5,FMF,Male,Placebo-resistant (STRICT-ADAPTIVE)
20447, g__unclassified, s__unclassified, p__Firmicutes, c__Clostridia, o__Clostridiales, f__Lachnospiraceae,k__Bacteria; p__Firmicutes; c__Clostridia; o__Clostridiales; f__Lachnospiraceae; g__unclassified; s__unclassified; 20447; FJ363748.1 gg_id:366612 feces adult twins and mothers; TS14 clone TS14_a02g11, FJ363748.1 gg_id:366612 feces adult twins and mothers TS14 clone TS14_a02g11,10,43.0,0.4921875,0.7635226801988401,0.03700103756121866,311.5,361.29209005088023,0.7750513736700824,0.9376534160753778,-0.08888888888888889,True,1.0,10473.5,FMF,Male,Placebo-resistant (STRICT-ADAPTIVE)
3112, g__unclassified, s__unclassified, p__Proteobacteria, c__Gammaproteobacteria, o__Chromatiales, f__Chromatiaceae,k__Bacteria; p__Proteobacteria; c__Gammaproteobacteria; o__Chromatiales; f__Chromatiaceae; g__unclassified; s__unclassified; 3112; GU061223.1 gg_id:560363 Evaluation culturing methods cultivate previously Yel Sea intertidal beach seawater 5 m depth clone 5m-26, GU061223.1 gg_id:560363 Evaluation culturing methods cultivate previously Yel Sea intertidal beach seawater 5 m depth clone 5m-26,10,167.5,0.431640625,0.7455067855825108,0.056736728092157955,753.0,507.00186308664917,0.8382564863858263,0.9581536201140475,-0.06666666666666667,True,1.0,11812.5,FMF,Male,Placebo-resistant (STRICT-ADAPTIVE)
39503, g__Streptomyces, s__Streptomyces chrestomyceticus, p__Actinobacteria, c__Actinobacteria, o__Actinomycetales, f__Streptomycetaceae,k__Bacteria; p__Actinobacteria; c__Actinobacteria; o__Actinomycetales; f__Streptomycetaceae; g__Streptomyces; s__Streptomyces chrestomyceticus; 39503; X81573.1 gg_id:11846 Amycolatopsis lurida str. DSM43187, X81573.1 gg_id:11846 Amycolatopsis lurida str. DSM43187,10,173.0,0.10546875,0.7315836036008729,0.039402162827062,346.25,465.8463215947222,0.7750513736700824,0.9376534160753778,0.08888888888888889,True,1.0,13360.0,FMF,Male,Placebo-resistant (STRICT-ADAPTIVE)
40723, g__Arthrobacter, s__unclassified, p__Actinobacteria, c__Actinobacteria, o__Actinomycetales, f__Micrococcaceae,k__Bacteria; p__Actinobacteria; c__Actinobacteria; o__Actinomycetales; f__Micrococcaceae; g__Arthrobacter; s__unclassified; 40723; EU466295.1 gg_id:300985 bighorn sheep feces clone BH2_aao21e07, EU466295.1 gg_id:300985 bighorn sheep feces clone BH2_aao21e07,10,-46.5,0.76953125,0.8836442490494296,0.02987944379391038,380.0,310.07751105525574,0.9025232501776794,0.9754023282151151,0.044444444444444446,True,1.0,12205.5,FMF,Male,Placebo-resistant (STRICT-ADAPTIVE)
50557, g__Veillonella, s__Veillonella dispar, p__Firmicutes, c__Clostridia, o__Clostridiales, f__Veillonellaceae,k__Bacteria; p__Firmicutes; c__Clostridia; o__Clostridiales; f__Veillonellaceae; g__Veillonella; s__Veillonella dispar; 50557; GQ033104.1 gg_id:434692 Topographical and Temporal Human Skin Microbiome skin antecubital fossa clone nbw1024g01c1, GQ033104.1 gg_id:434692 Topographical and Temporal Human Skin Microbiome skin antecubital fossa clone nbw1024g01c1,10,17.5,1.0,1.0,0.18015280935830824,1295.25,1852.2767712664684,0.9025232501776794,0.9754023282151151,0.044444444444444446,True,1.0,10793.0,FMF,Male,Placebo-resistant (STRICT-ADAPTIVE)
5754, g__Citrobacter, s__unclassified, p__Proteobacteria, c__Gammaproteobacteria, o__Enterobacteriales, f__Enterobacteriaceae,k__Bacteria; p__Proteobacteria; c__Gammaproteobacteria; o__Enterobacteriales; f__Enterobacteriaceae; g__Citrobacter; s__unclassified; 5754; GQ154756.1 gg_id:510480 Human gut microbiome adopts alternative state bowel transplantation ileum intestinal transplant clone SHZA473, GQ154756.1 gg_id:510480 Human gut microbiome adopts alternative state bowel transplantation ileum intestinal transplant clone SHZA473,10,-119.0,0.625,0.8184138750961605,0.12433367978529425,1294.25,1100.4610242964334,0.9025232501776794,0.9754023282151151,0.044444444444444446,True,1.0,10388.5,FMF,Male,Placebo-resistant (STRICT-ADAPTIVE)
43335, g__Lactococcus, s__Lactococcus lactis, p__Firmicutes, c__Bacilli, o__Lactobacillales, f__Streptococcaceae,k__Bacteria; p__Firmicutes; c__Bacilli; o__Lactobacillales; f__Streptococcaceae; g__Lactococcus; s__Lactococcus lactis; 43335; AY348313.1 gg_id:93048 Lactococcus lactis str. Akira2, AY348313.1 gg_id:93048 Lactococcus lactis str. Akira2,10,-583.0,0.625,0.8184138750961605,0.11689761005174344,1336.0,1096.1171814895827,0.967435545139537,0.9928887934220945,-0.022222222222222223,True,1.0,9567.5,FMF,Male,Placebo-resistant (STRICT-ADAPTIVE)
24940, g__Faecalibacterium, s__unclassified, p__Firmicutes, c__Clostridia, o__Clostridiales, f__Ruminococcaceae,k__Bacteria; p__Firmicutes; c__Clostridia; o__Clostridiales; f__Ruminococcaceae; g__Faecalibacterium; s__unclassified; 24940; FJ683292.1 gg_id:516858 Synecology primary and secondary habitats Escherichia coli O157:H7 fecal MARC beef cattle feedlot animal #4351 pen 301; was negative STEC O157 clone 8-6D21, FJ683292.1 gg_id:516858 Synecology primary and secondary habitats Escherichia coli O157:H7 fecal MARC beef cattle feedlot animal #4351 pen 301 was negative STEC O157 clone 8-6D21,10,-23.0,0.76953125,0.8836442490494296,0.014738827406941392,218.75,153.76221366483742,0.8382564863858263,0.9581536201140475,0.06666666666666667,True,1.0,13599.0,FMF,Male,Placebo-resistant (STRICT-ADAPTIVE)
5498, g__Klebsiella, s__unclassified, p__Proteobacteria, c__Gammaproteobacteria, o__Enterobacteriales, f__Enterobacteriaceae,k__Bacteria; p__Proteobacteria; c__Gammaproteobacteria; o__Enterobacteriales; f__Enterobacteriaceae; g__Klebsiella; s__unclassified; 5498; EU661378.1 gg_id:278276 Klebsiella pneumoniae str. K42, EU661378.1 gg_id:278276 Klebsiella pneumoniae str. K42,10,89.0,0.76953125,0.8836442490494296,0.10109400269502267,1282.25,1034.949591620556,0.6533789106936937,0.9002109436224224,0.13333333333333333,True,1.0,10865.0,FMF,Male,Placebo-resistant (STRICT-ADAPTIVE)
50982, g__unclassified, s__unclassified, p__Acidobacteria, c__Acidobacteria, o__Acidobacteriales, f__Acidobacteriaceae,k__Bacteria; p__Acidobacteria; c__Acidobacteria; o__Acidobacteriales; f__Acidobacteriaceae; g__unclassified; s__unclassified; 50982; EF492914.1 gg_id:243138 Iron-manganese Nodule and Its Surrounding Soil soil around iron-manganese nodule clone JH-WH54, EF492914.1 gg_id:243138 Iron-manganese Nodule and Its Surrounding Soil soil around iron-manganese nodule clone JH-WH54,10,146.0,0.4921875,0.7635226801988401,0.0786472885108597,427.0,627.5429183587543,0.967435545139537,0.9928887934220945,-0.022222222222222223,True,1.0,12790.5,FMF,Male,Placebo-resistant (STRICT-ADAPTIVE)
24673, g__Faecalibacterium, s__unclassified, p__Firmicutes, c__Clostridia, o__Clostridiales, f__Ruminococcaceae,k__Bacteria; p__Firmicutes; c__Clostridia; o__Clostridiales; f__Ruminococcaceae; g__Faecalibacterium; s__unclassified; 24673; DQ326396.1 gg_id:147155 Metagenomic gut microbiome healthy human stool clone C433, DQ326396.1 gg_id:147155 Metagenomic gut microbiome healthy human stool clone C433,10,179.0,0.431640625,0.7455067855825108,0.06216093792866687,377.5,931.6373602122949,0.7133031738784577,0.9207147820005681,0.1111111111111111,True,1.0,13477.0,FMF,Male,Placebo-resistant (STRICT-ADAPTIVE)
51329, g__unclassified, s__unclassified, p__Acidobacteria, c__Acidobacteria, o__Acidobacteriales, f__Acidobacteriaceae,k__Bacteria; p__Acidobacteria; c__Acidobacteria; o__Acidobacteriales; f__Acidobacteriaceae; g__unclassified; s__unclassified; 51329; DQ837260.1 gg_id:256297 Archaeal and pristine National Park Spain Donana coastal aquifer clone 49S1_2B_67, DQ837260.1 gg_id:256297 Archaeal and pristine National Park Spain Donana coastal aquifer clone 49S1_2B_67,10,196.5,0.013671875,0.7315836036008729,0.0211924387266077,159.25,128.04237857921188,0.6533789106936937,0.9002109436224224,0.13333333333333333,True,1.0,12495.0,FMF,Male,Placebo-resistant (STRICT-ADAPTIVE)
68935, g__Bacteroides, s__Bacteroides ovatus, p__Bacteroidetes, c__Bacteroidia, o__Bacteroidales, f__Bacteroidaceae,k__Bacteria; p__Bacteroidetes; c__Bacteroidia; o__Bacteroidales; f__Bacteroidaceae; g__Bacteroides; s__Bacteroides ovatus; 68935; EU762338.1 gg_id:345835 Pervasive effects antibiotic on human gut microbiota deep sequencing fecal clone Ax2_110, EU762338.1 gg_id:345835 Pervasive effects antibiotic on human gut microbiota deep sequencing fecal clone Ax2_110,10,236.0,0.275390625,0.7315836036008729,0.15846594070850611,915.25,1139.6758086871312,0.9025232501776794,0.9754023282151151,0.044444444444444446,True,1.0,12470.0,FMF,Male,Placebo-resistant (STRICT-ADAPTIVE)
34158, g__Corynebacterium, s__unclassified, p__Actinobacteria, c__Actinobacteria, o__Actinomycetales, f__Corynebacteriaceae,k__Bacteria; p__Actinobacteria; c__Actinobacteria; o__Actinomycetales; f__Corynebacteriaceae; g__Corynebacterium; s__unclassified; 34158; GQ025486.1 gg_id:456315 Topographical and Temporal Human Skin Microbiome skin retroauricular crease clone nbw723d03c1, GQ025486.1 gg_id:456315 Topographical and Temporal Human Skin Microbiome skin retroauricular crease clone nbw723d03c1,10,200.0,0.4921875,0.7635226801988401,0.07158513560026565,714.5,866.3314011784278,1.0,1.0,0.0,True,1.0,11016.0,FMF,Male,Placebo-resistant (STRICT-ADAPTIVE)
58293, g__sfA, s__unclassified, p__Acidobacteria, c__MVS-40, o__unclassified, f__unclassified,k__Bacteria; p__Acidobacteria; c__MVS-40; o__unclassified; f__unclassified; g__sfA; s__unclassified; 58293; EU132238.1 gg_id:237679 tallgrass prarie soil clone FFCH15579, EU132238.1 gg_id:237679 tallgrass prarie soil clone FFCH15579,10,93.0,0.4921875,0.7635226801988401,0.060764218483289376,399.0,522.1840057223337,0.7133031738784577,0.9207147820005681,-0.1111111111111111,True,1.0,12669.5,FMF,Male,Placebo-resistant (STRICT-ADAPTIVE)
26630, g__unclassified, s__unclassified, p__Firmicutes, c__Clostridia, o__Clostridiales, f__Ruminococcaceae,k__Bacteria; p__Firmicutes; c__Clostridia; o__Clostridiales; f__Ruminococcaceae; g__unclassified; s__unclassified; 26630; EU778221.1 gg_id:306021 feces clone RL387_aao90e02, EU778221.1 gg_id:306021 feces clone RL387_aao90e02,10,384.5,0.431640625,0.7455067855825108,0.060188186093243154,530.75,703.6698718259547,0.7750513736700824,0.9376534160753778,-0.08888888888888889,True,1.0,13119.0,FMF,Male,Placebo-resistant (STRICT-ADAPTIVE)
58197, g__sfA, s__unclassified, p__GN04, c__GN15, o__unclassified, f__unclassified,k__Bacteria; p__GN04; c__GN15; o__unclassified; f__unclassified; g__sfA; s__unclassified; 58197; EU245804.1 gg_id:257757 Miniprimer new lens viewing world hypersaline microbial mat clone MAT-CR-M6-F03, EU245804.1 gg_id:257757 Miniprimer new lens viewing world hypersaline microbial mat clone MAT-CR-M6-F03,10,-135.0,0.556640625,0.7914449891791329,0.08934602794741009,511.75,801.9756253430927,0.7133031738784577,0.9207147820005681,0.1111111111111111,True,1.0,10469.5,FMF,Male,Placebo-resistant (STRICT-ADAPTIVE)
48809, g__Bacillus, s__unclassified, p__Firmicutes, c__Bacilli, o__Bacillales, f__Bacillaceae,k__Bacteria; p__Firmicutes; c__Bacilli; o__Bacillales; f__Bacillaceae; g__Bacillus; s__unclassified; 48809; AY167806.1 gg_id:77320 Bacillus licheniformis str. SAFN-031, AY167806.1 gg_id:77320 Bacillus licheniformis str. SAFN-031,10,9.0,0.6953125,0.848255880244983,0.022214573011930826,212.75,224.37940590784075,0.8702263458891504,0.9754023282151151,0.03333333333333333,True,1.0,13240.5,FMF,Male,Placebo-resistant (STRICT-ADAPTIVE)
41673, g__sfA, s__unclassified, p__Actinobacteria, c__Actinobacteria, o__unclassified, f__unclassified,k__Bacteria; p__Actinobacteria; c__Actinobacteria; o__unclassified; f__unclassified; g__sfA; s__unclassified; 41673; GQ010603.1 gg_id:499063 Topographical and Temporal Human Skin Microbiome skin antecubital fossa clone nbw788b11c1, GQ010603.1 gg_id:499063 Topographical and Temporal Human Skin Microbiome skin antecubital fossa clone nbw788b11c1,10,213.5,0.048828125,0.7315836036008729,0.11308255228729648,836.75,827.7178542427499,0.967435545139537,0.9928887934220945,0.022222222222222223,True,1.0,10664.5,FMF,Male,Placebo-resistant (STRICT-ADAPTIVE)
41147, g__Microbacterium, s__Microbacterium kitamiense, p__Actinobacteria, c__Actinobacteria, o__Actinomycetales, f__Microbacteriaceae,k__Bacteria; p__Actinobacteria; c__Actinobacteria; o__Actinomycetales; f__Microbacteriaceae; g__Microbacterium; s__Microbacterium kitamiense; 41147; AB004726.1 gg_id:12238 Microbacterium laevaniformans str. IFO15234T, AB004726.1 gg_id:12238 Microbacterium laevaniformans str. IFO15234T,10,12.5,0.6953125,0.848255880244983,0.040580821362467656,421.25,319.5712977811924,0.6533789106936937,0.9002109436224224,0.13333333333333333,True,1.0,11254.5,FMF,Male,Placebo-resistant (STRICT-ADAPTIVE)
25039, g__Faecalibacterium, s__unclassified, p__Firmicutes, c__Clostridia, o__Clostridiales, f__Ruminococcaceae,k__Bacteria; p__Firmicutes; c__Clostridia; o__Clostridiales; f__Ruminococcaceae; g__Faecalibacterium; s__unclassified; 25039; DQ796342.1 gg_id:192023 human fecal clone RL179_aah26a05, DQ796342.1 gg_id:192023 human fecal clone RL179_aah26a05,10,24.5,0.556640625,0.7914449891791329,0.034774096567126093,318.0,333.9066837456238,0.9025232501776794,0.9754023282151151,-0.044444444444444446,True,1.0,13584.5,FMF,Male,Placebo-resistant (STRICT-ADAPTIVE)
5326, g__unclassified, s__unclassified, p__Proteobacteria, c__Gammaproteobacteria, o__Enterobacteriales, f__Enterobacteriaceae,k__Bacteria; p__Proteobacteria; c__Gammaproteobacteria; o__Enterobacteriales; f__Enterobacteriaceae; g__unclassified; s__unclassified; 5326; EU470599.1 gg_id:303181 red panda feces clone RP_1aaa01f04, EU470599.1 gg_id:303181 red panda feces clone RP_1aaa01f04,10,238.0,0.232421875,0.7315836036008729,0.06463759974283138,945.75,615.5789865024093,0.7750513736700824,0.9376534160753778,-0.08888888888888889,True,1.0,12628.0,FMF,Male,Placebo-resistant (STRICT-ADAPTIVE)
304, g__Pseudomonas, s__unclassified, p__Proteobacteria, c__Gammaproteobacteria, o__Pseudomonadales, f__Pseudomonadaceae,k__Bacteria; p__Proteobacteria; c__Gammaproteobacteria; o__Pseudomonadales; f__Pseudomonadaceae; g__Pseudomonas; s__unclassified; 304; EU537190.1 gg_id:286488 profile human microbiota antecubital fossa (inner elbow) skin clone nbt68b06, EU537190.1 gg_id:286488 profile human microbiota antecubital fossa (inner elbow) skin clone nbt68b06,10,-57.5,0.232421875,0.7315836036008729,0.03448641467252291,368.25,349.56938888517624,0.7438630522159773,0.9376534160753778,-0.12222222222222222,True,1.0,11673.0,FMF,Male,Placebo-resistant (STRICT-ADAPTIVE)
25370, g__Faecalibacterium, s__unclassified, p__Firmicutes, c__Clostridia, o__Clostridiales, f__Ruminococcaceae,k__Bacteria; p__Firmicutes; c__Clostridia; o__Clostridiales; f__Ruminococcaceae; g__Faecalibacterium; s__unclassified; 25370; FJ682107.1 gg_id:516615 Synecology primary and secondary habitats Escherichia coli O157:H7 fecal MARC beef cattle feedlot animal #4351 pen 301; was negative STEC O157 clone 8-1N3, FJ682107.1 gg_id:516615 Synecology primary and secondary habitats Escherichia coli O157:H7 fecal MARC beef cattle feedlot animal #4351 pen 301 was negative STEC O157 clone 8-1N3,10,158.5,0.130859375,0.7315836036008729,0.05735230081591891,327.5,981.5531342073245,0.7133031738784577,0.9207147820005681,0.1111111111111111,True,1.0,13363.5,FMF,Male,Placebo-resistant (STRICT-ADAPTIVE)
50379, g__Veillonella, s__unclassified, p__Firmicutes, c__Clostridia, o__Clostridiales, f__Veillonellaceae,k__Bacteria; p__Firmicutes; c__Clostridia; o__Clostridiales; f__Veillonellaceae; g__Veillonella; s__unclassified; 50379; GQ113791.1 gg_id:414090 Topographical and Temporal Human Skin Microbiome skin volar forearm clone nbw635h08c1, GQ113791.1 gg_id:414090 Topographical and Temporal Human Skin Microbiome skin volar forearm clone nbw635h08c1,10,92.0,0.625,0.8184138750961605,0.10900424103383635,679.25,1079.9608606616775,0.9025232501776794,0.9754023282151151,-0.044444444444444446,True,1.0,12240.5,FMF,Male,Placebo-resistant (STRICT-ADAPTIVE)
34945, g__Corynebacterium, s__unclassified, p__Actinobacteria, c__Actinobacteria, o__Actinomycetales, f__Corynebacteriaceae,k__Bacteria; p__Actinobacteria; c__Actinobacteria; o__Actinomycetales; f__Corynebacteriaceae; g__Corynebacterium; s__unclassified; 34945; GQ062533.1 gg_id:419864 Topographical and Temporal Human Skin Microbiome skin interdigital web space clone nbw33g06c1, GQ062533.1 gg_id:419864 Topographical and Temporal Human Skin Microbiome skin interdigital web space clone nbw33g06c1,10,24.0,0.556640625,0.7914449891791329,0.028478457127117468,123.5,276.72188800109194,0.967435545139537,0.9928887934220945,-0.022222222222222223,True,1.0,12427.0,FMF,Male,Placebo-resistant (STRICT-ADAPTIVE)
28516, g__Corynebacterium, s__unclassified, p__Actinobacteria, c__Actinobacteria, o__Actinomycetales, f__Corynebacteriaceae,k__Bacteria; p__Actinobacteria; c__Actinobacteria; o__Actinomycetales; f__Corynebacteriaceae; g__Corynebacterium; s__unclassified; 28516; GQ005197.1 gg_id:504466 Topographical and Temporal Human Skin Microbiome skin toe web space clone nbu75c02c1, GQ005197.1 gg_id:504466 Topographical and Temporal Human Skin Microbiome skin toe web space clone nbu75c02c1,10,-12.0,0.921875,0.9628597924917722,0.01637113019674294,160.5,189.30221604619425,0.7750513736700824,0.9376534160753778,0.08888888888888889,True,1.0,13381.5,FMF,Male,Placebo-resistant (STRICT-ADAPTIVE)
15666, g__Massilia, s__Massilia timonae, p__Proteobacteria, c__Betaproteobacteria, o__Burkholderiales, f__Oxalobacteraceae,k__Bacteria; p__Proteobacteria; c__Betaproteobacteria; o__Burkholderiales; f__Oxalobacteraceae; g__Massilia; s__Massilia timonae; 15666; AM412141.1 gg_id:235451 Oxalobacter sp. str. P-154, AM412141.1 gg_id:235451 Oxalobacter sp. str. P-154,10,-103.0,0.6953125,0.848255880244983,0.03518785121005288,551.25,467.03823396186976,0.7133031738784577,0.9207147820005681,0.1111111111111111,True,1.0,12655.0,FMF,Male,Placebo-resistant (STRICT-ADAPTIVE)
50761, g__Veillonella, s__Veillonella dispar, p__Firmicutes, c__Clostridia, o__Clostridiales, f__Veillonellaceae,k__Bacteria; p__Firmicutes; c__Clostridia; o__Clostridiales; f__Veillonellaceae; g__Veillonella; s__Veillonella dispar; 50761; GQ027702.1 gg_id:462502 Topographical and Temporal Human Skin Microbiome skin volar forearm clone nbw905h12c1, GQ027702.1 gg_id:462502 Topographical and Temporal Human Skin Microbiome skin volar forearm clone nbw905h12c1,10,334.5,0.232421875,0.7315836036008729,0.07483311329649589,849.75,829.3425744929938,0.9674212610240318,0.9928887934220945,0.022222222222222223,True,1.0,11490.0,FMF,Male,Placebo-resistant (STRICT-ADAPTIVE)
15937, g__Comamonas, s__unclassified, p__Proteobacteria, c__Betaproteobacteria, o__Burkholderiales, f__Comamonadaceae,k__Bacteria; p__Proteobacteria; c__Betaproteobacteria; o__Burkholderiales; f__Comamonadaceae; g__Comamonas; s__unclassified; 15937; DQ824755.1 gg_id:189547 human fecal clone RL185_aaj72g08, DQ824755.1 gg_id:189547 human fecal clone RL185_aaj72g08,10,35.0,0.76953125,0.8836442490494296,0.04355130472414866,456.25,470.5261329866103,0.6533789106936937,0.9002109436224224,0.13333333333333333,True,1.0,11749.0,FMF,Male,Placebo-resistant (STRICT-ADAPTIVE)
17652, g__Roseburia, s__Eubacterium rectale, p__Firmicutes, c__Clostridia, o__Clostridiales, f__Lachnospiraceae,k__Bacteria; p__Firmicutes; c__Clostridia; o__Clostridiales; f__Lachnospiraceae; g__Roseburia; s__Eubacterium rectale; 17652; DQ795543.1 gg_id:197014 human fecal clone RL178_aan65h12, DQ795543.1 gg_id:197014 human fecal clone RL178_aan65h12,10,52.0,1.0,1.0,0.07783824509699969,705.75,794.5854805312711,0.6533789106936937,0.9002109436224224,0.13333333333333333,True,1.0,13235.0,FMF,Male,Placebo-resistant (STRICT-ADAPTIVE)
26658, g__Clostridium, s__unclassified, p__Firmicutes, c__Clostridia, o__Clostridiales, f__Ruminococcaceae,k__Bacteria; p__Firmicutes; c__Clostridia; o__Clostridiales; f__Ruminococcaceae; g__Clostridium; s__unclassified; 26658; AM277367.2 gg_id:228080 fecal microbiota irritable bowel syndrome patients significantly that healthy subjects human faecal clone AP07S.64, AM277367.2 gg_id:228080 fecal microbiota irritable bowel syndrome patients significantly that healthy subjects human faecal clone AP07S.64,10,81.5,0.4921875,0.7635226801988401,0.033742151978072656,478.75,338.84599963372415,0.6533789106936937,0.9002109436224224,0.13333333333333333,True,1.0,13216.0,FMF,Male,Placebo-resistant (STRICT-ADAPTIVE)
72926, g__Clostridium, s__unclassified, p__Firmicutes, c__Clostridia, o__Clostridiales, f__Clostridiaceae,k__Bacteria; p__Firmicutes; c__Clostridia; o__Clostridiales; f__Clostridiaceae; g__Clostridium; s__unclassified; 72926; AB487443.1 gg_id:551963 Microbial responsive denitrification-inducing conditions rice paddy soil clone TSNIR003_P04, AB487443.1 gg_id:551963 Microbial responsive denitrification-inducing conditions rice paddy soil clone TSNIR003_P04,10,204.5,0.232421875,0.7315836036008729,0.05564136062857291,677.75,479.86187753584073,0.7750513736700824,0.9376534160753778,0.08888888888888889,True,1.0,12879.5,FMF,Male,Placebo-resistant (STRICT-ADAPTIVE)
3562, g__Acinetobacter, s__unclassified, p__Proteobacteria, c__Gammaproteobacteria, o__Pseudomonadales, f__Moraxellaceae,k__Bacteria; p__Proteobacteria; c__Gammaproteobacteria; o__Pseudomonadales; f__Moraxellaceae; g__Acinetobacter; s__unclassified; 3562; GQ045794.1 gg_id:391261 Topographical and Temporal Human Skin Microbiome skin antecubital fossa clone nbu550c08c1, GQ045794.1 gg_id:391261 Topographical and Temporal Human Skin Microbiome skin antecubital fossa clone nbu550c08c1,10,483.0,0.431640625,0.7455067855825108,0.1315661751420284,1261.5,1361.7739430349257,0.9025232501776794,0.9754023282151151,0.044444444444444446,True,1.0,9410.5,FMF,Male,Placebo-resistant (STRICT-ADAPTIVE)
26435, g__Faecalibacterium, s__unclassified, p__Firmicutes, c__Clostridia, o__Clostridiales, f__Ruminococcaceae,k__Bacteria; p__Firmicutes; c__Clostridia; o__Clostridiales; f__Ruminococcaceae; g__Faecalibacterium; s__unclassified; 26435; DQ801695.1 gg_id:185663 human fecal clone RL201_aai45f02, DQ801695.1 gg_id:185663 human fecal clone RL201_aai45f02,10,60.5,0.921875,0.9628597924917722,0.019246727455682677,359.75,240.53760051647274,0.967435545139537,0.9928887934220945,0.022222222222222223,True,1.0,13500.5,FMF,Male,Placebo-resistant (STRICT-ADAPTIVE)
25395, g__Faecalibacterium, s__unclassified, p__Firmicutes, c__Clostridia, o__Clostridiales, f__Ruminococcaceae,k__Bacteria; p__Firmicutes; c__Clostridia; o__Clostridiales; f__Ruminococcaceae; g__Faecalibacterium; s__unclassified; 25395; FJ673672.1 gg_id:524310 Synecology primary and secondary habitats Escherichia coli O157:H7 fecal MARC beef cattle feedlot animal #4262 pen 301; was positive STEC O157 clone 130-5P13, FJ673672.1 gg_id:524310 Synecology primary and secondary habitats Escherichia coli O157:H7 fecal MARC beef cattle feedlot animal #4262 pen 301 was positive STEC O157 clone 130-5P13,10,289.5,0.431640625,0.7455067855825108,0.11539357704202283,533.5,1350.424076326067,0.967435545139537,0.9928887934220945,-0.022222222222222223,True,1.0,12166.5,FMF,Male,Placebo-resistant (STRICT-ADAPTIVE)
24344, g__unclassified, s__unclassified, p__Firmicutes, c__Clostridia, o__Clostridiales, f__Lachnospiraceae,k__Bacteria; p__Firmicutes; c__Clostridia; o__Clostridiales; f__Lachnospiraceae; g__unclassified; s__unclassified; 24344; FJ681997.1 gg_id:522026 Synecology primary and secondary habitats Escherichia coli O157:H7 fecal MARC beef cattle feedlot animal #4351 pen 301; was negative STEC O157 clone 8-1E7, FJ681997.1 gg_id:522026 Synecology primary and secondary habitats Escherichia coli O157:H7 fecal MARC beef cattle feedlot animal #4351 pen 301 was negative STEC O157 clone 8-1E7,10,-78.0,0.431640625,0.7455067855825108,0.04169879156081593,386.0,389.40033264980366,0.9025232501776794,0.9754023282151151,0.044444444444444446,True,1.0,12869.0,FMF,Male,Placebo-resistant (STRICT-ADAPTIVE)
55248, g__Akkermansia, s__Akkermansia muciniphila, p__Verrucomicrobia, c__Verrucomicrobiae, o__Verrucomicrobiales, f__Verrucomicrobiaceae,k__Bacteria; p__Verrucomicrobia; c__Verrucomicrobiae; o__Verrucomicrobiales; f__Verrucomicrobiaceae; g__Akkermansia; s__Akkermansia muciniphila; 55248; AY986145.1 gg_id:116910 human stool clone D491, AY986145.1 gg_id:116910 human stool clone D491,10,260.0,0.4921875,0.7635226801988401,0.05200242584597076,724.0,566.1168182166803,0.8382564863858263,0.9581536201140475,0.06666666666666667,True,1.0,11181.5,FMF,Male,Placebo-resistant (STRICT-ADAPTIVE)
54919, g__Akkermansia, s__unclassified, p__Verrucomicrobia, c__Verrucomicrobiae, o__Verrucomicrobiales, f__Verrucomicrobiaceae,k__Bacteria; p__Verrucomicrobia; c__Verrucomicrobiae; o__Verrucomicrobiales; f__Verrucomicrobiaceae; g__Akkermansia; s__unclassified; 54919; EU006393.1 gg_id:253279 Salmonella enterica serovar typhimurium exploits inflammation compete intestinal microbiota fecal clone 16saw17a01.p1k, EU006393.1 gg_id:253279 Salmonella enterica serovar typhimurium exploits inflammation compete intestinal microbiota fecal clone 16saw17a01.p1k,10,55.0,0.625,0.8184138750961605,0.07339280467672937,615.0,795.5206523221829,0.7133031738784577,0.9207147820005681,0.1111111111111111,True,1.0,11449.0,FMF,Male,Placebo-resistant (STRICT-ADAPTIVE)
26601, g__Faecalibacterium, s__unclassified, p__Firmicutes, c__Clostridia, o__Clostridiales, f__Ruminococcaceae,k__Bacteria; p__Firmicutes; c__Clostridia; o__Clostridiales; f__Ruminococcaceae; g__Faecalibacterium; s__unclassified; 26601; FJ678240.1 gg_id:525494 Synecology primary and secondary habitats Escherichia coli O157:H7 fecal MARC beef cattle feedlot animal #4017 pen 301; was positive STEC O157 clone 4-4J22, FJ678240.1 gg_id:525494 Synecology primary and secondary habitats Escherichia coli O157:H7 fecal MARC beef cattle feedlot animal #4017 pen 301 was positive STEC O157 clone 4-4J22,10,85.5,0.375,0.7328566955432627,0.04558594979333887,390.5,722.0156580665916,0.9025232501776794,0.9754023282151151,0.044444444444444446,True,1.0,14261.0,FMF,Male,Placebo-resistant (STRICT-ADAPTIVE)
26502, g__Faecalibacterium, s__Faecalibacterium prausnitzii, p__Firmicutes, c__Clostridia, o__Clostridiales, f__Ruminococcaceae,k__Bacteria; p__Firmicutes; c__Clostridia; o__Clostridiales; f__Ruminococcaceae; g__Faecalibacterium; s__Faecalibacterium prausnitzii; 26502; FJ677780.1 gg_id:514577 Synecology primary and secondary habitats Escherichia coli O157:H7 fecal MARC beef cattle feedlot animal #4225 pen 301; was negative STEC O157 clone 3-3L21, FJ677780.1 gg_id:514577 Synecology primary and secondary habitats Escherichia coli O157:H7 fecal MARC beef cattle feedlot animal #4225 pen 301 was negative STEC O157 clone 3-3L21,10,165.5,0.431640625,0.7455067855825108,0.027986033948718608,251.0,506.3536580965697,0.9025232501776794,0.9754023282151151,0.044444444444444446,True,1.0,14056.0,FMF,Male,Placebo-resistant (STRICT-ADAPTIVE)
71736, g__Bulleidia, s__unclassified, p__Tenericutes, c__Erysipelotrichi, o__Erysipelotrichales, f__Erysipelotrichaceae,k__Bacteria; p__Tenericutes; c__Erysipelotrichi; o__Erysipelotrichales; f__Erysipelotrichaceae; g__Bulleidia; s__unclassified; 71736; AF371517.1 gg_id:54730 swine intestine clone p-2772-24E5, AF371517.1 gg_id:54730 swine intestine clone p-2772-24E5,10,104.5,0.322265625,0.7315836036008729,0.044008936047697886,322.75,488.9464251053824,0.967435545139537,0.9928887934220945,-0.022222222222222223,True,1.0,12014.0,FMF,Male,Placebo-resistant (STRICT-ADAPTIVE)
37253, g__Corynebacterium, s__unclassified, p__Actinobacteria, c__Actinobacteria, o__Actinomycetales, f__Corynebacteriaceae,k__Bacteria; p__Actinobacteria; c__Actinobacteria; o__Actinomycetales; f__Corynebacteriaceae; g__Corynebacterium; s__unclassified; 37253; FJ675132.1 gg_id:513556 Synecology primary and secondary habitats Escherichia coli O157:H7 feedlot surface MARC beef cattle feedlot; top 3 cm behind feedbunk west pen 301; was negative STEC O157 clone LL141-6M15, FJ675132.1 gg_id:513556 Synecology primary and secondary habitats Escherichia coli O157:H7 feedlot surface MARC beef cattle feedlot top 3 cm behind feedbunk west pen 301 was negative STEC O157 clone LL141-6M15,10,51.5,0.556640625,0.7914449891791329,0.02308301611742431,191.75,237.42471353158575,0.7133031738784577,0.9207147820005681,0.1111111111111111,True,1.0,13573.0,FMF,Male,Placebo-resistant (STRICT-ADAPTIVE)
158, g__Pseudomonas, s__unclassified, p__Proteobacteria, c__Gammaproteobacteria, o__Pseudomonadales, f__Pseudomonadaceae,k__Bacteria; p__Proteobacteria; c__Gammaproteobacteria; o__Pseudomonadales; f__Pseudomonadaceae; g__Pseudomonas; s__unclassified; 158; EU538358.1 gg_id:280546 profile human microbiota antecubital fossa (inner elbow) skin clone nbt87a03, EU538358.1 gg_id:280546 profile human microbiota antecubital fossa (inner elbow) skin clone nbt87a03,10,268.0,0.16015625,0.7315836036008729,0.042653305059340854,457.0,392.28943339778544,0.6829598733032564,0.9207147820005681,0.12222222222222222,True,1.0,12709.0,FMF,Male,Placebo-resistant (STRICT-ADAPTIVE)
67681, g__Prevotella, s__unclassified, p__Bacteroidetes, c__Bacteroidia, o__Bacteroidales, f__Prevotellaceae,k__Bacteria; p__Bacteroidetes; c__Bacteroidia; o__Bacteroidales; f__Prevotellaceae; g__Prevotella; s__unclassified; 67681; GQ491841.1 gg_id:538267 Effect Diet on Human Gut Microbiome: Metagenomic Humanized Gnotobiotic Mice cecal contents Mus musculus strain C57BL/6J; PM1t2 clone PM1t2_a01f06, GQ491841.1 gg_id:538267 Effect Diet on Human Gut Microbiome: Metagenomic Humanized Gnotobiotic Mice cecal contents Mus musculus strain C57BL/6J PM1t2 clone PM1t2_a01f06,10,392.5,0.431640625,0.7455067855825108,0.07636273637071372,597.75,827.6280536569552,0.7750513736700824,0.9376534160753778,0.08888888888888889,True,1.0,13309.0,FMF,Male,Placebo-resistant (STRICT-ADAPTIVE)
55312, g__Akkermansia, s__Akkermansia muciniphila, p__Verrucomicrobia, c__Verrucomicrobiae, o__Verrucomicrobiales, f__Verrucomicrobiaceae,k__Bacteria; p__Verrucomicrobia; c__Verrucomicrobiae; o__Verrucomicrobiales; f__Verrucomicrobiaceae; g__Akkermansia; s__Akkermansia muciniphila; 55312; DQ803989.1 gg_id:181549 human fecal clone RL200_aai60g06, DQ803989.1 gg_id:181549 human fecal clone RL200_aai60g06,10,364.5,0.10546875,0.7315836036008729,0.06444975627731106,351.75,590.7935659169698,0.6533789106936937,0.9002109436224224,0.13333333333333333,True,1.0,11609.5,FMF,Male,Placebo-resistant (STRICT-ADAPTIVE)
46219, g__Staphylococcus, s__Staphylococcus epidermidis, p__Firmicutes, c__Bacilli, o__Bacillales, f__Staphylococcaceae,k__Bacteria; p__Firmicutes; c__Bacilli; o__Bacillales; f__Staphylococcaceae; g__Staphylococcus; s__Staphylococcus epidermidis; 46219; EU373429.1 gg_id:259221 Staphylococcus epidermidis str. TPR16, EU373429.1 gg_id:259221 Staphylococcus epidermidis str. TPR16,10,253.5,0.130859375,0.7315836036008729,0.05281181670587236,608.25,461.45369308547333,0.6533789106936937,0.9002109436224224,0.13333333333333333,True,1.0,13008.5,FMF,Male,Placebo-resistant (STRICT-ADAPTIVE)
26511, g__unclassified, s__unclassified, p__Firmicutes, c__Clostridia, o__Clostridiales, f__Ruminococcaceae,k__Bacteria; p__Firmicutes; c__Clostridia; o__Clostridiales; f__Ruminococcaceae; g__unclassified; s__unclassified; 26511; EU763901.1 gg_id:345683 Pervasive effects antibiotic on human gut microbiota deep sequencing fecal clone A5_748, EU763901.1 gg_id:345683 Pervasive effects antibiotic on human gut microbiota deep sequencing fecal clone A5_748,10,95.0,0.4921875,0.7635226801988401,0.06800648186268553,367.25,611.427060740327,0.967435545139537,0.9928887934220945,0.022222222222222223,True,1.0,12752.5,FMF,Male,Placebo-resistant (STRICT-ADAPTIVE)
57665, g__unclassified, s__unclassified, p__Proteobacteria, c__Deltaproteobacteria, o__NB1-j, f__MND4,k__Bacteria; p__Proteobacteria; c__Deltaproteobacteria; o__NB1-j; f__MND4; g__unclassified; s__unclassified; 57665; FM253643.1 gg_id:334324 Rock gold mine unusually microbial biofilm clone C01-2, FM253643.1 gg_id:334324 Rock gold mine unusually microbial biofilm clone C01-2,10,312.5,0.232421875,0.7315836036008729,0.10641800499575481,1065.25,1010.2661852144599,0.8382564863858263,0.9581536201140475,0.06666666666666667,True,1.0,11549.5,FMF,Male,Placebo-resistant (STRICT-ADAPTIVE)
56046, g__Anaerobaculum, s__unclassified, p__Synergistetes, c__Synergistia, o__Synergistales, f__Anaerobaculaceae,k__Bacteria; p__Synergistetes; c__Synergistia; o__Synergistales; f__Anaerobaculaceae; g__Anaerobaculum; s__unclassified; 56046; CU919006.1 gg_id:533770 Towards definition core microorganisms involved digestion mesophilic anaerobic digester which treats municipal wastewater sludge clone, CU919006.1 gg_id:533770 Towards definition core microorganisms involved digestion mesophilic anaerobic digester which treats municipal wastewater sludge clone,10,210.0,0.375,0.7328566955432627,0.18135758561500737,1430.75,1171.1724439044453,0.7750513736700824,0.9376534160753778,0.08888888888888889,True,1.0,10727.5,FMF,Male,Placebo-resistant (STRICT-ADAPTIVE)
22964, g__unclassified, s__unclassified, p__Firmicutes, c__Clostridia, o__Clostridiales, f__Lachnospiraceae,k__Bacteria; p__Firmicutes; c__Clostridia; o__Clostridiales; f__Lachnospiraceae; g__unclassified; s__unclassified; 22964; AM420062.1 gg_id:256659 Noma subgingival plaque clone 301C11(oral), AM420062.1 gg_id:256659 Noma subgingival plaque clone 301C11(oral),10,142.0,0.322265625,0.7315836036008729,0.0995929322895514,645.25,781.9331502891479,0.8382564863858263,0.9581536201140475,0.06666666666666667,True,1.0,10927.0,FMF,Male,Placebo-resistant (STRICT-ADAPTIVE)
72487, g__Clostridium, s__unclassified, p__Firmicutes, c__Clostridia, o__Clostridiales, f__Clostridiaceae,k__Bacteria; p__Firmicutes; c__Clostridia; o__Clostridiales; f__Clostridiaceae; g__Clostridium; s__unclassified; 72487; AB486869.1 gg_id:558685 Microbial responsive denitrification-inducing conditions rice paddy soil clone TSCOR003_C06, AB486869.1 gg_id:558685 Microbial responsive denitrification-inducing conditions rice paddy soil clone TSCOR003_C06,10,108.0,0.431640625,0.7455067855825108,0.060249051778203985,738.25,750.6670059235468,0.8382564863858263,0.9581536201140475,-0.06666666666666667,True,1.0,10777.0,FMF,Male,Placebo-resistant (STRICT-ADAPTIVE)
70272, g__unclassified, s__unclassified, p__Firmicutes, c__Clostridia, o__Clostridiales, f__Lachnospiraceae,k__Bacteria; p__Firmicutes; c__Clostridia; o__Clostridiales; f__Lachnospiraceae; g__unclassified; s__unclassified; 70272; DQ809985.1 gg_id:182869 human fecal clone RL184_aao66f11, DQ809985.1 gg_id:182869 human fecal clone RL184_aao66f11,10,91.5,0.375,0.7328566955432627,0.06565751916034669,738.75,794.7285892540785,0.7750513736700824,0.9376534160753778,-0.08888888888888889,True,1.0,12624.0,FMF,Male,Placebo-resistant (STRICT-ADAPTIVE)
25041, g__Faecalibacterium, s__unclassified, p__Firmicutes, c__Clostridia, o__Clostridiales, f__Ruminococcaceae,k__Bacteria; p__Firmicutes; c__Clostridia; o__Clostridiales; f__Ruminococcaceae; g__Faecalibacterium; s__unclassified; 25041; FJ682336.1 gg_id:526850 Synecology primary and secondary habitats Escherichia coli O157:H7 fecal MARC beef cattle feedlot animal #4351 pen 301; was negative STEC O157 clone 8-3A18, FJ682336.1 gg_id:526850 Synecology primary and secondary habitats Escherichia coli O157:H7 fecal MARC beef cattle feedlot animal #4351 pen 301 was negative STEC O157 clone 8-3A18,10,102.0,0.76953125,0.8836442490494296,0.04249865906180768,351.25,980.3369753621569,0.7750513736700824,0.9376534160753778,-0.08888888888888889,True,1.0,13542.0,FMF,Male,Placebo-resistant (STRICT-ADAPTIVE)
47824, g__Geobacillus, s__unclassified, p__Firmicutes, c__Bacilli, o__Bacillales, f__Bacillaceae,k__Bacteria; p__Firmicutes; c__Bacilli; o__Bacillales; f__Bacillaceae; g__Geobacillus; s__unclassified; 47824; AF276305.1 gg_id:23251 Geobacillus uzenensis str. X, AF276305.1 gg_id:23251 Geobacillus uzenensis str. X,10,-37.5,1.0,1.0,0.020068525064610623,245.0,205.7876727654556,0.967435545139537,0.9928887934220945,0.022222222222222223,True,1.0,13262.0,FMF,Male,Placebo-resistant (STRICT-ADAPTIVE)
14676, g__unclassified, s__unclassified, p__Proteobacteria, c__Betaproteobacteria, o__Burkholderiales, f__Alcaligenaceae,k__Bacteria; p__Proteobacteria; c__Betaproteobacteria; o__Burkholderiales; f__Alcaligenaceae; g__unclassified; s__unclassified; 14676; DQ905687.1 gg_id:165322 human fecal clone 014C-G4, DQ905687.1 gg_id:165322 human fecal clone 014C-G4,10,-51.0,0.4921875,0.7635226801988401,0.08738840562325785,281.75,831.4168367284582,1.0,1.0,0.0,True,1.0,13965.0,FMF,Male,Placebo-resistant (STRICT-ADAPTIVE)
4406, g__Klebsiella, s__unclassified, p__Proteobacteria, c__Gammaproteobacteria, o__Enterobacteriales, f__Enterobacteriaceae,k__Bacteria; p__Proteobacteria; c__Gammaproteobacteria; o__Enterobacteriales; f__Enterobacteriaceae; g__Klebsiella; s__unclassified; 4406; AF228920.1 gg_id:72626 Klebsiella pneumoniae str. NLEP98-0472, AF228920.1 gg_id:72626 Klebsiella pneumoniae str. NLEP98-0472,10,-89.5,0.921875,0.9628597924917722,0.08831295582155446,1159.75,1085.10391181316,0.6533789106936937,0.9002109436224224,0.13333333333333333,True,1.0,11036.0,FMF,Male,Placebo-resistant (STRICT-ADAPTIVE)
41380, g__Microbacterium, s__Microbacterium kitamiense, p__Actinobacteria, c__Actinobacteria, o__Actinomycetales, f__Microbacteriaceae,k__Bacteria; p__Actinobacteria; c__Actinobacteria; o__Actinomycetales; f__Microbacteriaceae; g__Microbacterium; s__Microbacterium kitamiense; 41380; AB002639.1 gg_id:12245 deepest sea mud Mariana Trench clone, AB002639.1 gg_id:12245 deepest sea mud Mariana Trench clone,10,144.0,0.193359375,0.7315836036008729,0.03520711156451791,425.5,295.74935844769334,0.7133031738784577,0.9207147820005681,0.1111111111111111,True,1.0,11555.0,FMF,Male,Placebo-resistant (STRICT-ADAPTIVE)
71428, g__Holdemania, s__unclassified, p__Tenericutes, c__Erysipelotrichi, o__Erysipelotrichales, f__Erysipelotrichaceae,k__Bacteria; p__Tenericutes; c__Erysipelotrichi; o__Erysipelotrichales; f__Erysipelotrichaceae; g__Holdemania; s__unclassified; 71428; FJ371255.1 gg_id:366464 feces adult twins and mothers; TS6 clone TS6_a02g10, FJ371255.1 gg_id:366464 feces adult twins and mothers TS6 clone TS6_a02g10,10,-128.0,0.6953125,0.848255880244983,0.07344521577020625,904.0,679.5209450455192,0.6533789106936937,0.9002109436224224,-0.13333333333333333,True,1.0,11515.0,FMF,Male,Placebo-resistant (STRICT-ADAPTIVE)
26921, g__unclassified, s__unclassified, p__Firmicutes, c__Clostridia, o__Clostridiales, f__Ruminococcaceae,k__Bacteria; p__Firmicutes; c__Clostridia; o__Clostridiales; f__Ruminococcaceae; g__unclassified; s__unclassified; 26921; DQ809978.1 gg_id:189758 human fecal clone RL184_aao66f03, DQ809978.1 gg_id:189758 human fecal clone RL184_aao66f03,10,93.5,1.0,1.0,0.04165668370335953,579.25,471.5000551950009,0.967435545139537,0.9928887934220945,-0.022222222222222223,True,1.0,13154.0,FMF,Male,Placebo-resistant (STRICT-ADAPTIVE)
50375, g__Veillonella, s__Veillonella dispar, p__Firmicutes, c__Clostridia, o__Clostridiales, f__Veillonellaceae,k__Bacteria; p__Firmicutes; c__Clostridia; o__Clostridiales; f__Veillonellaceae; g__Veillonella; s__Veillonella dispar; 50375; GQ073109.1 gg_id:378037 Topographical and Temporal Human Skin Microbiome skin palm clone nbw205b12c1, GQ073109.1 gg_id:378037 Topographical and Temporal Human Skin Microbiome skin palm clone nbw205b12c1,10,-28.5,1.0,1.0,0.18175955117235823,931.5,1399.3064448822097,1.0,1.0,0.0,True,1.0,11442.0,FMF,Male,Placebo-resistant (STRICT-ADAPTIVE)
26368, g__Faecalibacterium, s__unclassified, p__Firmicutes, c__Clostridia, o__Clostridiales, f__Ruminococcaceae,k__Bacteria; p__Firmicutes; c__Clostridia; o__Clostridiales; f__Ruminococcaceae; g__Faecalibacterium; s__unclassified; 26368; FJ685187.1 gg_id:530922 Synecology primary and secondary habitats Escherichia coli O157:H7 fecal MARC beef cattle feedlot animal #4228 pen 301; was negative STEC O157 clone 6-2E5, FJ685187.1 gg_id:530922 Synecology primary and secondary habitats Escherichia coli O157:H7 fecal MARC beef cattle feedlot animal #4228 pen 301 was negative STEC O157 clone 6-2E5,10,74.5,0.375,0.7328566955432627,0.03521708243675937,192.25,502.365493135559,0.6533789106936937,0.9002109436224224,0.13333333333333333,True,1.0,14351.5,FMF,Male,Placebo-resistant (STRICT-ADAPTIVE)
55991, g__Akkermansia, s__Akkermansia muciniphila, p__Verrucomicrobia, c__Verrucomicrobiae, o__Verrucomicrobiales, f__Verrucomicrobiaceae,k__Bacteria; p__Verrucomicrobia; c__Verrucomicrobiae; o__Verrucomicrobiales; f__Verrucomicrobiaceae; g__Akkermansia; s__Akkermansia muciniphila; 55991; DQ805309.1 gg_id:190845 human fecal clone RL203_aai61a01, DQ805309.1 gg_id:190845 human fecal clone RL203_aai61a01,10,140.0,0.232421875,0.7315836036008729,0.061426568977182634,455.75,747.1857704636334,0.8382564863858263,0.9581536201140475,0.06666666666666667,True,1.0,10547.0,FMF,Male,Placebo-resistant (STRICT-ADAPTIVE)
52569, g__sfD, s__unclassified, p__Planctomycetes, c__vadinHA49, o__unclassified, f__unclassified,k__Bacteria; p__Planctomycetes; c__vadinHA49; o__unclassified; f__unclassified; g__sfD; s__unclassified; 52569; EF032766.1 gg_id:189073 cyanobacterial mat in lava cave clone HAVOmat101, EF032766.1 gg_id:189073 cyanobacterial mat in lava cave clone HAVOmat101,10,34.5,0.845703125,0.9248303534925827,0.0651508758763917,591.0,532.6477378457757,0.8382564863858263,0.9581536201140475,0.06666666666666667,True,1.0,10231.5,FMF,Male,Placebo-resistant (STRICT-ADAPTIVE)
28282, g__unclassified, s__unclassified, p__Firmicutes, c__Clostridia, o__Clostridiales, f__Lachnospiraceae,k__Bacteria; p__Firmicutes; c__Clostridia; o__Clostridiales; f__Lachnospiraceae; g__unclassified; s__unclassified; 28282; DQ394663.1 gg_id:155156 on -Arctic peninsula Svalbard Norway determined genes and rumen isolates reindeer fed pelleted concentrates (RF-80) clone AF1, DQ394663.1 gg_id:155156 on -Arctic peninsula Svalbard Norway determined genes and rumen isolates reindeer fed pelleted concentrates (RF-80) clone AF1,10,50.5,0.556640625,0.7914449891791329,0.047886252519776094,560.5,434.47975782154305,0.7133031738784577,0.9207147820005681,0.1111111111111111,True,1.0,11891.5,FMF,Male,Placebo-resistant (STRICT-ADAPTIVE)
16263, g__Succinivibrio, s__unclassified, p__Proteobacteria, c__Gammaproteobacteria, o__Aeromonadales, f__Succinivibrionaceae,k__Bacteria; p__Proteobacteria; c__Gammaproteobacteria; o__Aeromonadales; f__Succinivibrionaceae; g__Succinivibrio; s__unclassified; 16263; FJ685307.1 gg_id:526414 Synecology primary and secondary habitats Escherichia coli O157:H7 fecal MARC beef cattle feedlot animal #4228 pen 301; was negative STEC O157 clone 6-2L20, FJ685307.1 gg_id:526414 Synecology primary and secondary habitats Escherichia coli O157:H7 fecal MARC beef cattle feedlot animal #4228 pen 301 was negative STEC O157 clone 6-2L20,10,256.0,0.193359375,0.7315836036008729,0.10193426762028923,816.75,850.069897573135,0.9025232501776794,0.9754023282151151,0.044444444444444446,True,1.0,11799.0,FMF,Male,Placebo-resistant (STRICT-ADAPTIVE)
67979, g__Prevotella, s__unclassified, p__Bacteroidetes, c__Bacteroidia, o__Bacteroidales, f__Prevotellaceae,k__Bacteria; p__Bacteroidetes; c__Bacteroidia; o__Bacteroidales; f__Prevotellaceae; g__Prevotella; s__unclassified; 67979; FJ675976.1 gg_id:509430 Synecology primary and secondary habitats Escherichia coli O157:H7 fecal MARC beef cattle feedlot animal #4225 pen 301; was negative STEC O157 clone 3-6A10, FJ675976.1 gg_id:509430 Synecology primary and secondary habitats Escherichia coli O157:H7 fecal MARC beef cattle feedlot animal #4225 pen 301 was negative STEC O157 clone 3-6A10,10,342.0,0.375,0.7328566955432627,0.052647430810987,339.25,892.9898436152564,0.9025232501776794,0.9754023282151151,-0.044444444444444446,True,1.0,13283.0,FMF,Male,Placebo-resistant (STRICT-ADAPTIVE)
26256, g__Faecalibacterium, s__Faecalibacterium prausnitzii, p__Firmicutes, c__Clostridia, o__Clostridiales, f__Ruminococcaceae,k__Bacteria; p__Firmicutes; c__Clostridia; o__Clostridiales; f__Ruminococcaceae; g__Faecalibacterium; s__Faecalibacterium prausnitzii; 26256; FJ368256.1 gg_id:362528 feces adult twins and mothers; TS3 clone TS3_a02b02, FJ368256.1 gg_id:362528 feces adult twins and mothers TS3 clone TS3_a02b02,10,121.0,0.625,0.8184138750961605,0.05277323219673623,425.5,842.04099911795,0.7133031738784577,0.9207147820005681,0.1111111111111111,True,1.0,13898.0,FMF,Male,Placebo-resistant (STRICT-ADAPTIVE)
37440, g__unclassified, s__unclassified, p__Actinobacteria, c__Actinobacteria, o__Actinomycetales, f__Corynebacteriaceae,k__Bacteria; p__Actinobacteria; c__Actinobacteria; o__Actinomycetales; f__Corynebacteriaceae; g__unclassified; s__unclassified; 37440; GQ010682.1 gg_id:498982 Topographical and Temporal Human Skin Microbiome skin glabella clone nbw737e12c1, GQ010682.1 gg_id:498982 Topographical and Temporal Human Skin Microbiome skin glabella clone nbw737e12c1,10,23.0,1.0,1.0,0.016109153767408936,294.25,223.72754716395565,0.7750513736700824,0.9376534160753778,-0.08888888888888889,True,1.0,14475.5,FMF,Male,Placebo-resistant (STRICT-ADAPTIVE)
56293, g__Akkermansia, s__unclassified, p__Verrucomicrobia, c__Verrucomicrobiae, o__Verrucomicrobiales, f__Verrucomicrobiaceae,k__Bacteria; p__Verrucomicrobia; c__Verrucomicrobiae; o__Verrucomicrobiales; f__Verrucomicrobiaceae; g__Akkermansia; s__unclassified; 56293; EF602896.1 gg_id:234636 Salmonella typhimurium Exploits Inflammation Compete Intestinal Microbiota mouse cecum clone 16saw12-3f03.p1k, EF602896.1 gg_id:234636 Salmonella typhimurium Exploits Inflammation Compete Intestinal Microbiota mouse cecum clone 16saw12-3f03.p1k,10,17.0,0.921875,0.9628597924917722,0.055238072840634166,715.5,563.4031417141134,0.9025232501776794,0.9754023282151151,0.044444444444444446,True,1.0,12092.0,FMF,Male,Placebo-resistant (STRICT-ADAPTIVE)
49990, g__Veillonella, s__unclassified, p__Firmicutes, c__Clostridia, o__Clostridiales, f__Veillonellaceae,k__Bacteria; p__Firmicutes; c__Clostridia; o__Clostridiales; f__Veillonellaceae; g__Veillonella; s__unclassified; 49990; GQ102701.1 gg_id:458599 Topographical and Temporal Human Skin Microbiome skin volar forearm clone nbw695b08c1, GQ102701.1 gg_id:458599 Topographical and Temporal Human Skin Microbiome skin volar forearm clone nbw695b08c1,10,191.0,0.431640625,0.7455067855825108,0.07683495286931334,964.75,738.8703359077589,0.967435545139537,0.9928887934220945,-0.022222222222222223,True,1.0,13204.0,FMF,Male,Placebo-resistant (STRICT-ADAPTIVE)
25133, g__Faecalibacterium, s__unclassified, p__Firmicutes, c__Clostridia, o__Clostridiales, f__Ruminococcaceae,k__Bacteria; p__Firmicutes; c__Clostridia; o__Clostridiales; f__Ruminococcaceae; g__Faecalibacterium; s__unclassified; 25133; FJ678365.1 gg_id:528634 Synecology primary and secondary habitats Escherichia coli O157:H7 fecal MARC beef cattle feedlot animal #4017 pen 301; was positive STEC O157 clone 4-4P9, FJ678365.1 gg_id:528634 Synecology primary and secondary habitats Escherichia coli O157:H7 fecal MARC beef cattle feedlot animal #4017 pen 301 was positive STEC O157 clone 4-4P9,10,82.5,0.375,0.7328566955432627,0.037807427654331316,229.75,683.742556068356,0.8382564863858263,0.9581536201140475,-0.06666666666666667,True,1.0,12788.0,FMF,Male,Placebo-resistant (STRICT-ADAPTIVE)
54614, g__Campylobacter, s__Campylobacter mucosalis, p__Proteobacteria, c__Epsilonproteobacteria, o__Campylobacterales, f__Campylobacteraceae,k__Bacteria; p__Proteobacteria; c__Epsilonproteobacteria; o__Campylobacterales; f__Campylobacteraceae; g__Campylobacter; s__Campylobacter mucosalis; 54614; AF550661.1 gg_id:57347 Campylobacter mucosalis str. ATCC 49353, AF550661.1 gg_id:57347 Campylobacter mucosalis str. ATCC 49353,10,253.0,0.322265625,0.7315836036008729,0.07531959991848304,554.5,508.3393126817733,0.967435545139537,0.9928887934220945,0.022222222222222223,True,1.0,9578.5,FMF,Male,Placebo-resistant (STRICT-ADAPTIVE)
18440, g__Ruminococcus, s__unclassified, p__Firmicutes, c__Clostridia, o__Clostridiales, f__Lachnospiraceae,k__Bacteria; p__Firmicutes; c__Clostridia; o__Clostridiales; f__Lachnospiraceae; g__Ruminococcus; s__unclassified; 18440; FJ365747.1 gg_id:370361 feces adult twins and mothers; TS21 clone TS21_a02e07, FJ365747.1 gg_id:370361 feces adult twins and mothers TS21 clone TS21_a02e07,10,-48.5,0.6953125,0.848255880244983,0.10245634801839698,614.25,791.6311368195558,0.967435545139537,0.9928887934220945,-0.022222222222222223,True,1.0,13147.0,FMF,Male,Placebo-resistant (STRICT-ADAPTIVE)
43327, g__unclassified, s__unclassified, p__Firmicutes, c__Bacilli, o__Lactobacillales, f__Carnobacteriaceae,k__Bacteria; p__Firmicutes; c__Bacilli; o__Lactobacillales; f__Carnobacteriaceae; g__unclassified; s__unclassified; 43327; FJ672294.1 gg_id:517005 Synecology primary and secondary habitats Escherichia coli O157:H7 feedlot surface MARC beef cattle feedlot; top 3 cm behind feedbunk east pen 301; was negative STEC O157 clone Ll142-3L20, FJ672294.1 gg_id:517005 Synecology primary and secondary habitats Escherichia coli O157:H7 feedlot surface MARC beef cattle feedlot top 3 cm behind feedbunk east pen 301 was negative STEC O157 clone Ll142-3L20,10,27.0,0.76953125,0.8836442490494296,0.07026060512458303,569.25,535.6341141000803,0.7750513736700824,0.9376534160753778,0.08888888888888889,True,1.0,12049.0,FMF,Male,Placebo-resistant (STRICT-ADAPTIVE)
67642, g__Prevotella, s__unclassified, p__Bacteroidetes, c__Bacteroidia, o__Bacteroidales, f__Prevotellaceae,k__Bacteria; p__Bacteroidetes; c__Bacteroidia; o__Bacteroidales; f__Prevotellaceae; g__Prevotella; s__unclassified; 67642; DQ797023.1 gg_id:188921 human fecal clone RL386_aao85h09, DQ797023.1 gg_id:188921 human fecal clone RL386_aao85h09,10,236.0,0.4921875,0.7635226801988401,0.06549896684756976,925.0,887.8228672438613,0.9025232501776794,0.9754023282151151,0.044444444444444446,True,1.0,12890.0,FMF,Male,Placebo-resistant (STRICT-ADAPTIVE)
36901, g__Corynebacterium, s__unclassified, p__Actinobacteria, c__Actinobacteria, o__Actinomycetales, f__Corynebacteriaceae,k__Bacteria; p__Actinobacteria; c__Actinobacteria; o__Actinomycetales; f__Corynebacteriaceae; g__Corynebacterium; s__unclassified; 36901; U87815.1 gg_id:13379 Corynebacterium jeikeium str. ATCC 43217, U87815.1 gg_id:13379 Corynebacterium jeikeium str. ATCC 43217,10,40.5,0.76953125,0.8836442490494296,0.021632302470636508,193.5,299.8039414535959,0.8382564863858263,0.9581536201140475,-0.06666666666666667,True,1.0,12318.0,FMF,Male,Placebo-resistant (STRICT-ADAPTIVE)
50821, g__Dialister, s__unclassified, p__Firmicutes, c__Clostridia, o__Clostridiales, f__Veillonellaceae,k__Bacteria; p__Firmicutes; c__Clostridia; o__Clostridiales; f__Veillonellaceae; g__Dialister; s__unclassified; 50821; DQ325932.1 gg_id:150078 Metagenomic gut microbiome healthy human stool clone B792, DQ325932.1 gg_id:150078 Metagenomic gut microbiome healthy human stool clone B792,10,-71.0,0.41796875,0.7455067855825108,0.03513827469998357,287.75,801.5622110250292,1.0,1.0,0.0,True,1.0,13581.5,FMF,Male,Placebo-resistant (STRICT-ADAPTIVE)
67754, g__Prevotella, s__unclassified, p__Bacteroidetes, c__Bacteroidia, o__Bacteroidales, f__Prevotellaceae,k__Bacteria; p__Bacteroidetes; c__Bacteroidia; o__Bacteroidales; f__Prevotellaceae; g__Prevotella; s__unclassified; 67754; GQ492017.1 gg_id:581481 Effect Diet on Human Gut Microbiome: Metagenomic Humanized Gnotobiotic Mice cecal contents Mus musculus strain C57BL/6J; PM6 clone PM6_a03a12, GQ492017.1 gg_id:581481 Effect Diet on Human Gut Microbiome: Metagenomic Humanized Gnotobiotic Mice cecal contents Mus musculus strain C57BL/6J PM6 clone PM6_a03a12,10,423.0,0.322265625,0.7315836036008729,0.0755123926583868,338.25,780.5082173501513,0.967435545139537,0.9928887934220945,0.022222222222222223,True,1.0,13838.0,FMF,Male,Placebo-resistant (STRICT-ADAPTIVE)
49754, g__Peptococcus, s__unclassified, p__Firmicutes, c__Clostridia, o__Clostridiales, f__Peptococcaceae,k__Bacteria; p__Firmicutes; c__Clostridia; o__Clostridiales; f__Peptococcaceae; g__Peptococcus; s__unclassified; 49754; EU459357.1 gg_id:300587 cheetah feces clone CE3_aai05d05, EU459357.1 gg_id:300587 cheetah feces clone CE3_aai05d05,10,298.5,0.130859375,0.7315836036008729,0.06836540632154348,752.25,666.0824972937745,0.967435545139537,0.9928887934220945,0.022222222222222223,True,1.0,12555.5,FMF,Male,Placebo-resistant (STRICT-ADAPTIVE)
25697, g__Faecalibacterium, s__unclassified, p__Firmicutes, c__Clostridia, o__Clostridiales, f__Ruminococcaceae,k__Bacteria; p__Firmicutes; c__Clostridia; o__Clostridiales; f__Ruminococcaceae; g__Faecalibacterium; s__unclassified; 25697; FJ674211.1 gg_id:521267 Synecology primary and secondary habitats Escherichia coli O157:H7 fecal MARC beef cattle feedlot animal #4262 pen 301; was positive STEC O157 clone 130-8D6, FJ674211.1 gg_id:521267 Synecology primary and secondary habitats Escherichia coli O157:H7 fecal MARC beef cattle feedlot animal #4262 pen 301 was positive STEC O157 clone 130-8D6,10,71.0,0.275390625,0.7315836036008729,0.020405996828908708,231.0,412.17202771011364,0.6240539694958962,0.9002109436224224,0.12222222222222222,True,1.0,13356.0,FMF,Male,Placebo-resistant (STRICT-ADAPTIVE)
40631, g__Janibacter, s__unclassified, p__Actinobacteria, c__Actinobacteria, o__Actinomycetales, f__Intrasporangiaceae,k__Bacteria; p__Actinobacteria; c__Actinobacteria; o__Actinomycetales; f__Intrasporangiaceae; g__Janibacter; s__unclassified; 40631; AB089480.1 gg_id:75998 Janibacter sp. str. YY-1, AB089480.1 gg_id:75998 Janibacter sp. str. YY-1,10,23.5,0.845703125,0.9248303534925827,0.034931497696838794,412.0,394.24271328431394,0.7133031738784577,0.9207147820005681,0.1111111111111111,True,1.0,11911.5,FMF,Male,Placebo-resistant (STRICT-ADAPTIVE)
55826, g__Akkermansia, s__unclassified, p__Verrucomicrobia, c__Verrucomicrobiae, o__Verrucomicrobiales, f__Verrucomicrobiaceae,k__Bacteria; p__Verrucomicrobia; c__Verrucomicrobiae; o__Verrucomicrobiales; f__Verrucomicrobiaceae; g__Akkermansia; s__unclassified; 55826; DQ795332.1 gg_id:189416 human fecal clone RL178_aah53a10, DQ795332.1 gg_id:189416 human fecal clone RL178_aah53a10,10,197.5,0.16015625,0.7315836036008729,0.02418020298831348,200.5,285.52304371101116,0.8382564863858263,0.9581536201140475,-0.06666666666666667,True,1.0,12978.5,FMF,Male,Placebo-resistant (STRICT-ADAPTIVE)
3395, g__Acinetobacter, s__Acinetobacter rhizosphaerae, p__Proteobacteria, c__Gammaproteobacteria, o__Pseudomonadales, f__Moraxellaceae,k__Bacteria; p__Proteobacteria; c__Gammaproteobacteria; o__Pseudomonadales; f__Moraxellaceae; g__Acinetobacter; s__Acinetobacter rhizosphaerae; 3395; AM157426.1 gg_id:141393 Acinetobacter calcoaceticus mother C3, AM157426.1 gg_id:141393 Acinetobacter calcoaceticus mother C3,10,163.5,0.322265625,0.7315836036008729,0.04758249922703843,416.25,430.4903792046668,0.7750513736700824,0.9376534160753778,0.08888888888888889,True,1.0,12968.0,FMF,Male,Placebo-resistant (STRICT-ADAPTIVE)
70250, g__unclassified, s__unclassified, p__Firmicutes, c__Clostridia, o__Clostridiales, f__Lachnospiraceae,k__Bacteria; p__Firmicutes; c__Clostridia; o__Clostridiales; f__Lachnospiraceae; g__unclassified; s__unclassified; 70250; FJ681155.1 gg_id:520505 Synecology primary and secondary habitats Escherichia coli O157:H7 fecal MARC beef cattle feedlot animal #4281 pen 301; was positive STEC O157 clone 5-5N6, FJ681155.1 gg_id:520505 Synecology primary and secondary habitats Escherichia coli O157:H7 fecal MARC beef cattle feedlot animal #4281 pen 301 was positive STEC O157 clone 5-5N6,10,66.0,0.322265625,0.7315836036008729,0.038095901182542045,378.75,383.05556916864043,0.7133031738784577,0.9207147820005681,0.1111111111111111,True,1.0,13718.0,FMF,Male,Placebo-resistant (STRICT-ADAPTIVE)
15574, g__Thiomonas, s__unclassified, p__Proteobacteria, c__Betaproteobacteria, o__Burkholderiales, f__Thiomonaceae,k__Bacteria; p__Proteobacteria; c__Betaproteobacteria; o__Burkholderiales; f__Thiomonaceae; g__Thiomonas; s__unclassified; 15574; DQ145997.1 gg_id:138475 Thiomonas sp. ML1-29, DQ145997.1 gg_id:138475 Thiomonas sp. ML1-29,10,184.5,0.275390625,0.7315836036008729,0.029856442141473382,245.5,292.4608584808116,1.0,1.0,0.0,True,1.0,13455.5,FMF,Male,Placebo-resistant (STRICT-ADAPTIVE)
70102, g__unclassified, s__unclassified, p__Firmicutes, c__Clostridia, o__Clostridiales, f__Lachnospiraceae,k__Bacteria; p__Firmicutes; c__Clostridia; o__Clostridiales; f__Lachnospiraceae; g__unclassified; s__unclassified; 70102; AY985323.1 gg_id:124331 human stool clone C233, AY985323.1 gg_id:124331 human stool clone C233,10,148.0,0.76953125,0.8836442490494296,0.05453596345510975,573.25,650.3926733913222,0.8382564863858263,0.9581536201140475,-0.06666666666666667,True,1.0,12246.0,FMF,Male,Placebo-resistant (STRICT-ADAPTIVE)
50852, g__Veillonella, s__Veillonella parvula, p__Firmicutes, c__Clostridia, o__Clostridiales, f__Veillonellaceae,k__Bacteria; p__Firmicutes; c__Clostridia; o__Clostridiales; f__Veillonellaceae; g__Veillonella; s__Veillonella parvula; 50852; GQ006604.1 gg_id:503059 Topographical and Temporal Human Skin Microbiome skin occiput clone nbu85e02c1, GQ006604.1 gg_id:503059 Topographical and Temporal Human Skin Microbiome skin occiput clone nbu85e02c1,10,147.5,0.4921875,0.7635226801988401,0.1422197559580655,599.25,1303.2056170007181,0.967435545139537,0.9928887934220945,-0.022222222222222223,True,1.0,10855.5,FMF,Male,Placebo-resistant (STRICT-ADAPTIVE)
5042, g__Citrobacter, s__unclassified, p__Proteobacteria, c__Gammaproteobacteria, o__Enterobacteriales, f__Enterobacteriaceae,k__Bacteria; p__Proteobacteria; c__Gammaproteobacteria; o__Enterobacteriales; f__Enterobacteriaceae; g__Citrobacter; s__unclassified; 5042; GQ155666.1 gg_id:589249 Human gut microbiome adopts alternative state bowel transplantation ileum intestinal transplant clone SHZO759, GQ155666.1 gg_id:589249 Human gut microbiome adopts alternative state bowel transplantation ileum intestinal transplant clone SHZO759,10,128.0,0.556640625,0.7914449891791329,0.06099834129591908,846.5,596.7508064361725,0.967435545139537,0.9928887934220945,0.022222222222222223,True,1.0,12476.5,FMF,Male,Placebo-resistant (STRICT-ADAPTIVE)
54989, g__Akkermansia, s__Akkermansia muciniphila, p__Verrucomicrobia, c__Verrucomicrobiae, o__Verrucomicrobiales, f__Verrucomicrobiaceae,k__Bacteria; p__Verrucomicrobia; c__Verrucomicrobiae; o__Verrucomicrobiales; f__Verrucomicrobiaceae; g__Akkermansia; s__Akkermansia muciniphila; 54989; CP001071.1 gg_id:278234 Akkermansia muciniphila str. ATCC BAA-835, CP001071.1 gg_id:278234 Akkermansia muciniphila str. ATCC BAA-835,10,71.5,0.431640625,0.7455067855825108,0.10494942428658607,589.25,798.3696849872663,0.8382564863858263,0.9581536201140475,0.06666666666666667,True,1.0,10298.5,FMF,Male,Placebo-resistant (STRICT-ADAPTIVE)
27306, g__Clostridium, s__unclassified, p__Firmicutes, c__Clostridia, o__Clostridiales, f__Lachnospiraceae,k__Bacteria; p__Firmicutes; c__Clostridia; o__Clostridiales; f__Lachnospiraceae; g__Clostridium; s__unclassified; 27306; DQ798696.1 gg_id:198678 human fecal clone RL181_aao00c02, DQ798696.1 gg_id:198678 human fecal clone RL181_aao00c02,10,278.5,0.322265625,0.7315836036008729,0.1592035029402875,1482.0,962.4887370284739,0.7750513736700824,0.9376534160753778,0.08888888888888889,True,1.0,9075.5,FMF,Male,Placebo-resistant (STRICT-ADAPTIVE)
25406, g__Faecalibacterium, s__Faecalibacterium prausnitzii, p__Firmicutes, c__Clostridia, o__Clostridiales, f__Ruminococcaceae,k__Bacteria; p__Firmicutes; c__Clostridia; o__Clostridiales; f__Ruminococcaceae; g__Faecalibacterium; s__Faecalibacterium prausnitzii; 25406; FJ683355.1 gg_id:530874 Synecology primary and secondary habitats Escherichia coli O157:H7 fecal MARC beef cattle feedlot animal #4351 pen 301; was negative STEC O157 clone 8-6H12, FJ683355.1 gg_id:530874 Synecology primary and secondary habitats Escherichia coli O157:H7 fecal MARC beef cattle feedlot animal #4351 pen 301 was negative STEC O157 clone 8-6H12,10,141.5,1.0,1.0,0.04468299892487336,418.75,729.2377726091814,0.7750513736700824,0.9376534160753778,-0.08888888888888889,True,1.0,13886.0,FMF,Male,Placebo-resistant (STRICT-ADAPTIVE)
68560, g__Bacteroides, s__unclassified, p__Bacteroidetes, c__Bacteroidia, o__Bacteroidales, f__Bacteroidaceae,k__Bacteria; p__Bacteroidetes; c__Bacteroidia; o__Bacteroidales; f__Bacteroidaceae; g__Bacteroides; s__unclassified; 68560; EF434324.1 gg_id:205290 gastrointestinal tract microbiota microarray reference pool created pooling products obtained human adult infant stool breast milk and vaginal swabs mothers clone 1099754625509, EF434324.1 gg_id:205290 gastrointestinal tract microbiota microarray reference pool created pooling products obtained human adult infant stool breast milk and vaginal swabs mothers clone 1099754625509,10,510.5,0.232421875,0.7315836036008729,0.0920092719658325,668.75,1055.1299593657225,0.9025232501776794,0.9754023282151151,0.044444444444444446,True,1.0,9288.5,FMF,Male,Placebo-resistant (STRICT-ADAPTIVE)
24511, g__unclassified, s__unclassified, p__Firmicutes, c__Clostridia, o__Clostridiales, f__Ruminococcaceae,k__Bacteria; p__Firmicutes; c__Clostridia; o__Clostridiales; f__Ruminococcaceae; g__unclassified; s__unclassified; 24511; DQ794729.1 gg_id:186912 human fecal clone RL240_aaj31f06, DQ794729.1 gg_id:186912 human fecal clone RL240_aaj31f06,10,-118.0,0.625,0.8184138750961605,0.07471792381872855,501.75,657.3292782160247,0.7750513736700824,0.9376534160753778,0.08888888888888889,True,1.0,13013.0,FMF,Male,Placebo-resistant (STRICT-ADAPTIVE)
54826, g__sfA, s__unclassified, p__Verrucomicrobia, c__Verruco-5, o__RFP12, f__unclassified,k__Bacteria; p__Verrucomicrobia; c__Verruco-5; o__RFP12; f__unclassified; g__sfA; s__unclassified; 54826; EU470381.1 gg_id:298808 Grevy's zebra feces clone GZ_aaa02b08, EU470381.1 gg_id:298808 Grevy's zebra feces clone GZ_aaa02b08,10,386.0,0.130859375,0.7315836036008729,0.15025222044569778,429.0,726.5132408183931,0.9025232501776794,0.9754023282151151,0.044444444444444446,True,1.0,9104.5,FMF,Male,Placebo-resistant (STRICT-ADAPTIVE)
40474, g__Arthrobacter, s__unclassified, p__Actinobacteria, c__Actinobacteria, o__Actinomycetales, f__Micrococcaceae,k__Bacteria; p__Actinobacteria; c__Actinobacteria; o__Actinomycetales; f__Micrococcaceae; g__Arthrobacter; s__unclassified; 40474; DQ177479.1 gg_id:140335 Arthrobacter sp. str. Tibet-IIU24, DQ177479.1 gg_id:140335 Arthrobacter sp. str. Tibet-IIU24,10,-141.5,0.625,0.8184138750961605,0.033154384892384724,399.25,513.0340959169607,0.6533789106936937,0.9002109436224224,0.13333333333333333,True,1.0,10779.5,FMF,Male,Placebo-resistant (STRICT-ADAPTIVE)
55974, g__Akkermansia, s__Akkermansia muciniphila, p__Verrucomicrobia, c__Verrucomicrobiae, o__Verrucomicrobiales, f__Verrucomicrobiaceae,k__Bacteria; p__Verrucomicrobia; c__Verrucomicrobiae; o__Verrucomicrobiales; f__Verrucomicrobiaceae; g__Akkermansia; s__Akkermansia muciniphila; 55974; AY978016.1 gg_id:116512 human cecum mucosal biopsy clone LH55, AY978016.1 gg_id:116512 human cecum mucosal biopsy clone LH55,10,42.5,0.921875,0.9628597924917722,0.034998977943419746,299.25,306.56711471280374,1.0,1.0,0.0,True,1.0,12204.5,FMF,Male,Placebo-resistant (STRICT-ADAPTIVE)
55549, g__Akkermansia, s__Akkermansia muciniphila, p__Verrucomicrobia, c__Verrucomicrobiae, o__Verrucomicrobiales, f__Verrucomicrobiaceae,k__Bacteria; p__Verrucomicrobia; c__Verrucomicrobiae; o__Verrucomicrobiales; f__Verrucomicrobiaceae; g__Akkermansia; s__Akkermansia muciniphila; 55549; DQ793729.1 gg_id:185943 human fecal clone RL246_aai76c11, DQ793729.1 gg_id:185943 human fecal clone RL246_aai76c11,10,117.5,0.921875,0.9628597924917722,0.056926482676647655,486.0,718.1144791814187,0.7750513736700824,0.9376534160753778,0.08888888888888889,True,1.0,11212.0,FMF,Male,Placebo-resistant (STRICT-ADAPTIVE)
25277, g__Faecalibacterium, s__unclassified, p__Firmicutes, c__Clostridia, o__Clostridiales, f__Ruminococcaceae,k__Bacteria; p__Firmicutes; c__Clostridia; o__Clostridiales; f__Ruminococcaceae; g__Faecalibacterium; s__unclassified; 25277; FJ673240.1 gg_id:516744 Synecology primary and secondary habitats Escherichia coli O157:H7 fecal MARC beef cattle feedlot animal #4262 pen 301; was positive STEC O157 clone 130-1N5, FJ673240.1 gg_id:516744 Synecology primary and secondary habitats Escherichia coli O157:H7 fecal MARC beef cattle feedlot animal #4262 pen 301 was positive STEC O157 clone 130-1N5,10,70.5,0.431640625,0.7455067855825108,0.0526993693494665,477.5,909.2170024904825,0.967435545139537,0.9928887934220945,-0.022222222222222223,True,1.0,13410.5,FMF,Male,Placebo-resistant (STRICT-ADAPTIVE)
50700, g__Dialister, s__unclassified, p__Firmicutes, c__Clostridia, o__Clostridiales, f__Veillonellaceae,k__Bacteria; p__Firmicutes; c__Clostridia; o__Clostridiales; f__Veillonellaceae; g__Dialister; s__unclassified; 50700; DQ325967.1 gg_id:146807 Metagenomic gut microbiome healthy human stool clone B859, DQ325967.1 gg_id:146807 Metagenomic gut microbiome healthy human stool clone B859,10,178.0,0.4921875,0.7635226801988401,0.0349921756916586,382.0,386.3123975287934,0.6533789106936937,0.9002109436224224,0.13333333333333333,True,1.0,13779.0,FMF,Male,Placebo-resistant (STRICT-ADAPTIVE)
45087, g__Streptococcus, s__Streptococcus gordonii, p__Firmicutes, c__Bacilli, o__Lactobacillales, f__Streptococcaceae,k__Bacteria; p__Firmicutes; c__Bacilli; o__Lactobacillales; f__Streptococcaceae; g__Streptococcus; s__Streptococcus gordonii; 45087; AJ427479.1 gg_id:36023 Streptococcus gordonii str. DL1, AJ427479.1 gg_id:36023 Streptococcus gordonii str. DL1,10,71.5,0.921875,0.9628597924917722,0.04750745913253507,385.0,447.70176591119224,0.7133031738784577,0.9207147820005681,0.1111111111111111,True,1.0,12423.0,FMF,Male,Placebo-resistant (STRICT-ADAPTIVE)
67915, g__Prevotella, s__unclassified, p__Bacteroidetes, c__Bacteroidia, o__Bacteroidales, f__Prevotellaceae,k__Bacteria; p__Bacteroidetes; c__Bacteroidia; o__Bacteroidales; f__Prevotellaceae; g__Prevotella; s__unclassified; 67915; EU461617.1 gg_id:288217 mongoose lemur feces clone ML_aaj25f05, EU461617.1 gg_id:288217 mongoose lemur feces clone ML_aaj25f05,10,428.5,0.275390625,0.7315836036008729,0.07211621300098658,712.0,877.9669339356948,0.6533789106936937,0.9002109436224224,0.13333333333333333,True,1.0,13638.5,FMF,Male,Placebo-resistant (STRICT-ADAPTIVE)
26567, g__Faecalibacterium, s__unclassified, p__Firmicutes, c__Clostridia, o__Clostridiales, f__Ruminococcaceae,k__Bacteria; p__Firmicutes; c__Clostridia; o__Clostridiales; f__Ruminococcaceae; g__Faecalibacterium; s__unclassified; 26567; DQ825000.1 gg_id:174877 human fecal clone RL185_aao72b01, DQ825000.1 gg_id:174877 human fecal clone RL185_aao72b01,10,42.5,0.6953125,0.848255880244983,0.0438955289951306,371.5,738.0733240064973,0.8382564863858263,0.9581536201140475,-0.06666666666666667,True,1.0,13164.5,FMF,Male,Placebo-resistant (STRICT-ADAPTIVE)
69041, g__Bacteroides, s__unclassified, p__Bacteroidetes, c__Bacteroidia, o__Bacteroidales, f__Bacteroidaceae,k__Bacteria; p__Bacteroidetes; c__Bacteroidia; o__Bacteroidales; f__Bacteroidaceae; g__Bacteroides; s__unclassified; 69041; FJ368848.1 gg_id:365266 feces adult twins and mothers; TS4 clone TS4_a01c10, FJ368848.1 gg_id:365266 feces adult twins and mothers TS4 clone TS4_a01c10,10,188.5,0.322265625,0.7315836036008729,0.09139774284072419,1016.75,849.9541629634441,0.6829598733032564,0.9207147820005681,-0.12222222222222222,True,1.0,13530.0,FMF,Male,Placebo-resistant (STRICT-ADAPTIVE)
28196, g__unclassified, s__unclassified, p__Bacteroidetes, c__Bacteroidia, o__Bacteroidales, f__RikenellaceaeII,k__Bacteria; p__Bacteroidetes; c__Bacteroidia; o__Bacteroidales; f__RikenellaceaeII; g__unclassified; s__unclassified; 28196; EU778281.1 gg_id:307742 feces clone RL117_aae92a01, EU778281.1 gg_id:307742 feces clone RL117_aae92a01,10,88.0,0.4921875,0.7635226801988401,0.06619621179996565,911.75,720.6780414219501,0.9025232501776794,0.9754023282151151,0.044444444444444446,True,1.0,11916.5,FMF,Male,Placebo-resistant (STRICT-ADAPTIVE)
44441, g__Streptococcus, s__unclassified, p__Firmicutes, c__Bacilli, o__Lactobacillales, f__Streptococcaceae,k__Bacteria; p__Firmicutes; c__Bacilli; o__Lactobacillales; f__Streptococcaceae; g__Streptococcus; s__unclassified; 44441; EU461834.1 gg_id:301274 white-faced saki feces clone Saki_aaj61h04, EU461834.1 gg_id:301274 white-faced saki feces clone Saki_aaj61h04,10,1.5,1.0,1.0,0.02500239924260311,368.25,331.5111905082877,0.7133031738784577,0.9207147820005681,0.1111111111111111,True,1.0,13528.0,FMF,Male,Placebo-resistant (STRICT-ADAPTIVE)
50006, g__Collinsella, s__unclassified, p__Actinobacteria, c__Actinobacteria, o__Coriobacteriales, f__Coriobacteriaceae,k__Bacteria; p__Actinobacteria; c__Actinobacteria; o__Coriobacteriales; f__Coriobacteriaceae; g__Collinsella; s__unclassified; 50006; EU465454.1 gg_id:289322 lion feces clone LI3_aah77f02, EU465454.1 gg_id:289322 lion feces clone LI3_aah77f02,10,135.5,0.02734375,0.7315836036008729,0.023294382711362797,259.5,432.0252463829195,0.7133031738784577,0.9207147820005681,0.1111111111111111,True,1.0,13198.5,FMF,Male,Placebo-resistant (STRICT-ADAPTIVE)
4723, g__unclassified, s__unclassified, p__Proteobacteria, c__Gammaproteobacteria, o__Enterobacteriales, f__Enterobacteriaceae,k__Bacteria; p__Proteobacteria; c__Gammaproteobacteria; o__Enterobacteriales; f__Enterobacteriaceae; g__unclassified; s__unclassified; 4723; GQ025526.1 gg_id:446114 Topographical and Temporal Human Skin Microbiome skin antecubital fossa clone nbw890b02c1, GQ025526.1 gg_id:446114 Topographical and Temporal Human Skin Microbiome skin antecubital fossa clone nbw890b02c1,10,93.0,0.375,0.7328566955432627,0.036730378774065466,517.5,414.1346701040885,0.967435545139537,0.9928887934220945,0.022222222222222223,True,1.0,13174.5,FMF,Male,Placebo-resistant (STRICT-ADAPTIVE)
59202, g__unclassified, s__unclassified, p__Proteobacteria, c__Alphaproteobacteria, o__Caulobacterales, f__Caulobacteraceae,k__Bacteria; p__Proteobacteria; c__Alphaproteobacteria; o__Caulobacterales; f__Caulobacteraceae; g__unclassified; s__unclassified; 59202; GU118509.1 gg_id:573233 Threatened Corals Provide Microbial Habitats clone Gven_K20, GU118509.1 gg_id:573233 Threatened Corals Provide Microbial Habitats clone Gven_K20,10,12.5,0.6953125,0.848255880244983,0.10156675767883891,733.75,827.1622249387091,0.7750513736700824,0.9376534160753778,0.08888888888888889,True,1.0,11315.0,FMF,Male,Placebo-resistant (STRICT-ADAPTIVE)
55591, g__Akkermansia, s__unclassified, p__Verrucomicrobia, c__Verrucomicrobiae, o__Verrucomicrobiales, f__Verrucomicrobiaceae,k__Bacteria; p__Verrucomicrobia; c__Verrucomicrobiae; o__Verrucomicrobiales; f__Verrucomicrobiaceae; g__Akkermansia; s__unclassified; 55591; EU507089.1 gg_id:266625 cecal contents Mus musculus strain C57BL/6J; MD22 clone MD22_aaa01a11, EU507089.1 gg_id:266625 cecal contents Mus musculus strain C57BL/6J MD22 clone MD22_aaa01a11,10,5.0,1.0,1.0,0.032342965037297826,317.5,330.16346682615665,0.6533789106936937,0.9002109436224224,0.13333333333333333,True,1.0,13314.0,FMF,Male,Placebo-resistant (STRICT-ADAPTIVE)
70164, g__Dialister, s__unclassified, p__Firmicutes, c__Clostridia, o__Clostridiales, f__Veillonellaceae,k__Bacteria; p__Firmicutes; c__Clostridia; o__Clostridiales; f__Veillonellaceae; g__Dialister; s__unclassified; 70164; EU775402.1 gg_id:342839 Western lowland gorilla feces clone GOR_aag73e12, EU775402.1 gg_id:342839 Western lowland gorilla feces clone GOR_aag73e12,10,179.5,0.625,0.8184138750961605,0.11413367077026483,1080.5,1257.0380924772683,0.7750513736700824,0.9376534160753778,-0.08888888888888889,True,1.0,11409.0,FMF,Male,Placebo-resistant (STRICT-ADAPTIVE)
24915, g__Faecalibacterium, s__Faecalibacterium prausnitzii, p__Firmicutes, c__Clostridia, o__Clostridiales, f__Ruminococcaceae,k__Bacteria; p__Firmicutes; c__Clostridia; o__Clostridiales; f__Ruminococcaceae; g__Faecalibacterium; s__Faecalibacterium prausnitzii; 24915; FJ683660.1 gg_id:526565 Synecology primary and secondary habitats Escherichia coli O157:H7 fecal MARC beef cattle feedlot animal #4351 pen 301; was negative STEC O157 clone 8-7J9, FJ683660.1 gg_id:526565 Synecology primary and secondary habitats Escherichia coli O157:H7 fecal MARC beef cattle feedlot animal #4351 pen 301 was negative STEC O157 clone 8-7J9,10,53.5,0.431640625,0.7455067855825108,0.04927407959594818,378.25,848.7018198434334,0.7133031738784577,0.9207147820005681,0.1111111111111111,True,1.0,13993.5,FMF,Male,Placebo-resistant (STRICT-ADAPTIVE)
2094, g__unclassified, s__unclassified, p__Proteobacteria, c__Gammaproteobacteria, o__Oceanospirillales, f__Oceanospirillaceae,k__Bacteria; p__Proteobacteria; c__Gammaproteobacteria; o__Oceanospirillales; f__Oceanospirillaceae; g__unclassified; s__unclassified; 2094; FJ403057.1 gg_id:364908 Disease- changes healthy and diseased colonies Caribbean coral Montastrea faveolata Oceanospirillales clone MD2.8, FJ403057.1 gg_id:364908 Disease- changes healthy and diseased colonies Caribbean coral Montastrea faveolata Oceanospirillales clone MD2.8,10,-37.5,0.6953125,0.848255880244983,0.034079291100959044,476.0,382.6511391753881,0.8381864806450703,0.9581536201140475,0.06666666666666667,True,1.0,12920.0,FMF,Male,Placebo-resistant (STRICT-ADAPTIVE)
66978, g__Prevotella, s__unclassified, p__Bacteroidetes, c__Bacteroidia, o__Bacteroidales, f__Prevotellaceae,k__Bacteria; p__Bacteroidetes; c__Bacteroidia; o__Bacteroidales; f__Prevotellaceae; g__Prevotella; s__unclassified; 66978; AJ581354.1 gg_id:151386 Prevotella sp. str. BI-42, AJ581354.1 gg_id:151386 Prevotella sp. str. BI-42,10,111.5,0.375,0.7328566955432627,0.03540226109082005,328.0,486.8147294414078,0.8064127004978174,0.9581536201140475,0.08888888888888889,True,1.0,14197.0,FMF,Male,Placebo-resistant (STRICT-ADAPTIVE)
26534, g__Faecalibacterium, s__unclassified, p__Firmicutes, c__Clostridia, o__Clostridiales, f__Ruminococcaceae,k__Bacteria; p__Firmicutes; c__Clostridia; o__Clostridiales; f__Ruminococcaceae; g__Faecalibacterium; s__unclassified; 26534; DQ806688.1 gg_id:183513 human fecal clone RL186_aao47e12, DQ806688.1 gg_id:183513 human fecal clone RL186_aao47e12,10,68.5,0.556640625,0.7914449891791329,0.05131816249698225,311.75,1069.2420502289358,0.7750513736700824,0.9376534160753778,-0.08888888888888889,True,1.0,12799.0,FMF,Male,Placebo-resistant (STRICT-ADAPTIVE)
24867, g__Faecalibacterium, s__Faecalibacterium prausnitzii, p__Firmicutes, c__Clostridia, o__Clostridiales, f__Ruminococcaceae,k__Bacteria; p__Firmicutes; c__Clostridia; o__Clostridiales; f__Ruminococcaceae; g__Faecalibacterium; s__Faecalibacterium prausnitzii; 24867; DQ798615.1 gg_id:192312 human fecal clone RL181_aan99a08, DQ798615.1 gg_id:192312 human fecal clone RL181_aan99a08,10,140.5,0.6953125,0.848255880244983,0.05449974720740733,478.0,677.4522290341463,0.8382564863858263,0.9581536201140475,0.06666666666666667,True,1.0,13106.5,FMF,Male,Placebo-resistant (STRICT-ADAPTIVE)
26385, g__Faecalibacterium, s__unclassified, p__Firmicutes, c__Clostridia, o__Clostridiales, f__Ruminococcaceae,k__Bacteria; p__Firmicutes; c__Clostridia; o__Clostridiales; f__Ruminococcaceae; g__Faecalibacterium; s__unclassified; 26385; FJ682340.1 gg_id:512027 Synecology primary and secondary habitats Escherichia coli O157:H7 fecal MARC beef cattle feedlot animal #4351 pen 301; was negative STEC O157 clone 8-3A21, FJ682340.1 gg_id:512027 Synecology primary and secondary habitats Escherichia coli O157:H7 fecal MARC beef cattle feedlot animal #4351 pen 301 was negative STEC O157 clone 8-3A21,10,82.0,0.232421875,0.7315836036008729,0.033462908437626976,225.25,329.55095414653084,0.6533789106936937,0.9002109436224224,0.13333333333333333,True,1.0,13716.5,FMF,Male,Placebo-resistant (STRICT-ADAPTIVE)
55956, g__Akkermansia, s__unclassified, p__Verrucomicrobia, c__Verrucomicrobiae, o__Verrucomicrobiales, f__Verrucomicrobiaceae,k__Bacteria; p__Verrucomicrobia; c__Verrucomicrobiae; o__Verrucomicrobiales; f__Verrucomicrobiaceae; g__Akkermansia; s__unclassified; 55956; EU509193.1 gg_id:268293 cecal contents Mus musculus strain C57BL/6J; MD8 clone MD8_aap45f10, EU509193.1 gg_id:268293 cecal contents Mus musculus strain C57BL/6J MD8 clone MD8_aap45f10,10,87.5,0.921875,0.9628597924917722,0.021051527512640406,259.25,276.98621550138154,0.6533789106936937,0.9002109436224224,0.13333333333333333,True,1.0,13060.5,FMF,Male,Placebo-resistant (STRICT-ADAPTIVE)
67777, g__Prevotella, s__unclassified, p__Bacteroidetes, c__Bacteroidia, o__Bacteroidales, f__Prevotellaceae,k__Bacteria; p__Bacteroidetes; c__Bacteroidia; o__Bacteroidales; f__Prevotellaceae; g__Prevotella; s__unclassified; 67777; EU776856.1 gg_id:313152 Mongoose lemur feces clone ML_aaj27h04, EU776856.1 gg_id:313152 Mongoose lemur feces clone ML_aaj27h04,10,296.0,0.275390625,0.7315836036008729,0.10895937736745767,562.25,963.1021266032892,0.7750513736700824,0.9376534160753778,0.08888888888888889,True,1.0,13297.0,FMF,Male,Placebo-resistant (STRICT-ADAPTIVE)
67055, g__Prevotella, s__unclassified, p__Bacteroidetes, c__Bacteroidia, o__Bacteroidales, f__Prevotellaceae,k__Bacteria; p__Bacteroidetes; c__Bacteroidia; o__Bacteroidales; f__Prevotellaceae; g__Prevotella; s__unclassified; 67055; GQ493961.1 gg_id:561151 Effect Diet on Human Gut Microbiome: Metagenomic Humanized Gnotobiotic Mice cecal contents Mus musculus strain C57BL/6J; PM9 clone PM9_a03e03, GQ493961.1 gg_id:561151 Effect Diet on Human Gut Microbiome: Metagenomic Humanized Gnotobiotic Mice cecal contents Mus musculus strain C57BL/6J PM9 clone PM9_a03e03,10,434.0,0.322265625,0.7315836036008729,0.12414253241092715,354.75,927.9792107082285,0.6533789106936937,0.9002109436224224,0.13333333333333333,True,1.0,13820.5,FMF,Male,Placebo-resistant (STRICT-ADAPTIVE)
26041, g__Faecalibacterium, s__unclassified, p__Firmicutes, c__Clostridia, o__Clostridiales, f__Ruminococcaceae,k__Bacteria; p__Firmicutes; c__Clostridia; o__Clostridiales; f__Ruminococcaceae; g__Faecalibacterium; s__unclassified; 26041; DQ793443.1 gg_id:180165 human fecal clone RL199_aaj43g08, DQ793443.1 gg_id:180165 human fecal clone RL199_aaj43g08,10,-11.5,0.921875,0.9628597924917722,0.03260688252207772,264.25,309.09844418890236,0.9674212610240318,0.9928887934220945,-0.022222222222222223,True,1.0,14749.0,FMF,Male,Placebo-resistant (STRICT-ADAPTIVE)
72044, g__Lactobacillus, s__unclassified, p__Firmicutes, c__Bacilli, o__Lactobacillales, f__Lactobacillaceae,k__Bacteria; p__Firmicutes; c__Bacilli; o__Lactobacillales; f__Lactobacillaceae; g__Lactobacillus; s__unclassified; 72044; EU510975.1 gg_id:266415 cecal contents Mus musculus strain C57BL/6J; WD6 clone WD6_aak52f08, EU510975.1 gg_id:266415 cecal contents Mus musculus strain C57BL/6J WD6 clone WD6_aak52f08,10,0.0,0.71484375,0.8708916894397813,0.046769290328202845,621.75,762.5878173255414,0.7750513736700824,0.9376534160753778,0.08888888888888889,True,1.0,11891.0,FMF,Male,Placebo-resistant (STRICT-ADAPTIVE)
26506, g__Faecalibacterium, s__unclassified, p__Firmicutes, c__Clostridia, o__Clostridiales, f__Ruminococcaceae,k__Bacteria; p__Firmicutes; c__Clostridia; o__Clostridiales; f__Ruminococcaceae; g__Faecalibacterium; s__unclassified; 26506; FJ370312.1 gg_id:367326 feces adult twins and mothers; TS56 clone TS56_a03c09, FJ370312.1 gg_id:367326 feces adult twins and mothers TS56 clone TS56_a03c09,10,27.0,0.4921875,0.7635226801988401,0.04849765324007275,156.0,689.3315133123942,0.7133031738784577,0.9207147820005681,-0.1111111111111111,True,1.0,14040.0,FMF,Male,Placebo-resistant (STRICT-ADAPTIVE)
17804, g__Roseburia, s__Eubacterium rectale, p__Firmicutes, c__Clostridia, o__Clostridiales, f__Lachnospiraceae,k__Bacteria; p__Firmicutes; c__Clostridia; o__Clostridiales; f__Lachnospiraceae; g__Roseburia; s__Eubacterium rectale; 17804; AY980949.1 gg_id:117339 human rectum mucosal biopsy clone V010, AY980949.1 gg_id:117339 human rectum mucosal biopsy clone V010,10,-2.5,0.625,0.8184138750961605,0.052985631317374146,356.5,669.2314365075807,0.6533789106936937,0.9002109436224224,0.13333333333333333,True,1.0,14533.5,FMF,Male,Placebo-resistant (STRICT-ADAPTIVE)
50150, g__Dialister, s__unclassified, p__Firmicutes, c__Clostridia, o__Clostridiales, f__Veillonellaceae,k__Bacteria; p__Firmicutes; c__Clostridia; o__Clostridiales; f__Veillonellaceae; g__Dialister; s__unclassified; 50150; DQ326331.1 gg_id:145728 Metagenomic gut microbiome healthy human stool clone C320, DQ326331.1 gg_id:145728 Metagenomic gut microbiome healthy human stool clone C320,10,-69.0,0.787109375,0.903385799773201,0.03596321930527315,366.25,693.1853377432491,0.8382564863858263,0.9581536201140475,0.06666666666666667,True,1.0,13518.5,FMF,Male,Placebo-resistant (STRICT-ADAPTIVE)
50355, g__Veillonella, s__Veillonella parvula, p__Firmicutes, c__Clostridia, o__Clostridiales, f__Veillonellaceae,k__Bacteria; p__Firmicutes; c__Clostridia; o__Clostridiales; f__Veillonellaceae; g__Veillonella; s__Veillonella parvula; 50355; AF439641.1 gg_id:35224 Veillonella atypica str. ATCC 17744, AF439641.1 gg_id:35224 Veillonella atypica str. ATCC 17744,10,155.5,0.556640625,0.7914449891791329,0.12071787732202166,683.0,1395.0740063623068,0.7133031738784577,0.9207147820005681,0.1111111111111111,True,1.0,12362.0,FMF,Male,Placebo-resistant (STRICT-ADAPTIVE)
44619, g__Clostridium, s__unclassified, p__Firmicutes, c__Clostridia, o__Clostridiales, f__Clostridiaceae,k__Bacteria; p__Firmicutes; c__Clostridia; o__Clostridiales; f__Clostridiaceae; g__Clostridium; s__unclassified; 44619; EU462622.1 gg_id:302041 Sumatran orangutan feces clone orang2_aai66c04, EU462622.1 gg_id:302041 Sumatran orangutan feces clone orang2_aai66c04,10,102.5,0.322265625,0.7315836036008729,0.03823773034280926,450.5,656.1926261768634,0.6533789106936937,0.9002109436224224,0.13333333333333333,True,1.0,11436.5,FMF,Male,Placebo-resistant (STRICT-ADAPTIVE)
41277, g__sfA, s__unclassified, p__Actinobacteria, c__Actinobacteria, o__unclassified, f__unclassified,k__Bacteria; p__Actinobacteria; c__Actinobacteria; o__unclassified; f__unclassified; g__sfA; s__unclassified; 41277; GQ340075.1 gg_id:568363 Prokaryotic Marathonas Reservoir Greece water column clone A07-25-BAC, GQ340075.1 gg_id:568363 Prokaryotic Marathonas Reservoir Greece water column clone A07-25-BAC,10,47.0,0.796875,0.9142017952331353,0.020362490054526866,163.75,236.23906107538141,0.8381864806450703,0.9581536201140475,0.06666666666666667,True,1.0,12345.5,FMF,Male,Placebo-resistant (STRICT-ADAPTIVE)
28239, g__unclassified, s__unclassified, p__Firmicutes, c__Clostridia, o__Clostridiales, f__Lachnospiraceae,k__Bacteria; p__Firmicutes; c__Clostridia; o__Clostridiales; f__Lachnospiraceae; g__unclassified; s__unclassified; 28239; DQ456202.1 gg_id:158293 pre-adolescent turkey cecum clone CFT29E12, DQ456202.1 gg_id:158293 pre-adolescent turkey cecum clone CFT29E12,10,236.0,0.625,0.8184138750961605,0.09722766871733374,1092.0,1044.5895101952729,0.7750513736700824,0.9376534160753778,-0.08888888888888889,True,1.0,11417.0,FMF,Male,Placebo-resistant (STRICT-ADAPTIVE)
26155, g__Faecalibacterium, s__unclassified, p__Firmicutes, c__Clostridia, o__Clostridiales, f__Ruminococcaceae,k__Bacteria; p__Firmicutes; c__Clostridia; o__Clostridiales; f__Ruminococcaceae; g__Faecalibacterium; s__unclassified; 26155; FJ678852.1 gg_id:520763 Synecology primary and secondary habitats Escherichia coli O157:H7 fecal MARC beef cattle feedlot animal #4017 pen 301; was positive STEC O157 clone 4-7P8, FJ678852.1 gg_id:520763 Synecology primary and secondary habitats Escherichia coli O157:H7 fecal MARC beef cattle feedlot animal #4017 pen 301 was positive STEC O157 clone 4-7P8,10,108.5,0.375,0.7328566955432627,0.04388903489970995,343.75,719.4400029351534,0.6533789106936937,0.9002109436224224,0.13333333333333333,True,1.0,14126.5,FMF,Male,Placebo-resistant (STRICT-ADAPTIVE)
27005, g__unclassified, s__unclassified, p__Firmicutes, c__Clostridia, o__Clostridiales, f__Ruminococcaceae,k__Bacteria; p__Firmicutes; c__Clostridia; o__Clostridiales; f__Ruminococcaceae; g__unclassified; s__unclassified; 27005; FJ366095.1 gg_id:367681 feces adult twins and mothers; TS25 clone TS25_a02f06, FJ366095.1 gg_id:367681 feces adult twins and mothers TS25 clone TS25_a02f06,10,299.5,0.4921875,0.7635226801988401,0.05954916351767653,786.0,708.199871360872,0.967435545139537,0.9928887934220945,0.022222222222222223,True,1.0,12205.5,FMF,Male,Placebo-resistant (STRICT-ADAPTIVE)
25446, g__Faecalibacterium, s__Faecalibacterium prausnitzii, p__Firmicutes, c__Clostridia, o__Clostridiales, f__Ruminococcaceae,k__Bacteria; p__Firmicutes; c__Clostridia; o__Clostridiales; f__Ruminococcaceae; g__Faecalibacterium; s__Faecalibacterium prausnitzii; 25446; FJ673618.1 gg_id:521759 Synecology primary and secondary habitats Escherichia coli O157:H7 fecal MARC beef cattle feedlot animal #4262 pen 301; was positive STEC O157 clone 130-5M2, FJ673618.1 gg_id:521759 Synecology primary and secondary habitats Escherichia coli O157:H7 fecal MARC beef cattle feedlot animal #4262 pen 301 was positive STEC O157 clone 130-5M2,10,-27.5,0.921875,0.9628597924917722,0.02631066841424251,252.25,280.1472501084623,0.9025232501776794,0.9754023282151151,-0.044444444444444446,True,1.0,14443.0,FMF,Male,Placebo-resistant (STRICT-ADAPTIVE)
35107, g__Corynebacterium, s__unclassified, p__Actinobacteria, c__Actinobacteria, o__Actinomycetales, f__Corynebacteriaceae,k__Bacteria; p__Actinobacteria; c__Actinobacteria; o__Actinomycetales; f__Corynebacteriaceae; g__Corynebacterium; s__unclassified; 35107; GQ038243.1 gg_id:382704 Topographical and Temporal Human Skin Microbiome skin toe web space clone nbu382c03c1, GQ038243.1 gg_id:382704 Topographical and Temporal Human Skin Microbiome skin toe web space clone nbu382c03c1,10,68.5,0.322265625,0.7315836036008729,0.014852077808230273,248.25,162.34040395621378,1.0,1.0,0.0,True,1.0,14170.5,FMF,Male,Placebo-resistant (STRICT-ADAPTIVE)
41962, g__sfD, s__unclassified, p__Actinobacteria, c__Actinobacteria, o__koll13, f__unclassified,k__Bacteria; p__Actinobacteria; c__Actinobacteria; o__koll13; f__unclassified; g__sfD; s__unclassified; 41962; EU491785.1 gg_id:273839 Abundance and microbial life ocean crust seafloor lavas East Pacific Rise clone EPR3967-O2-Bc36, EU491785.1 gg_id:273839 Abundance and microbial life ocean crust seafloor lavas East Pacific Rise clone EPR3967-O2-Bc36,10,-119.5,1.0,1.0,0.07043038908603272,1022.5,943.427053512294,0.6533789106936937,0.9002109436224224,0.13333333333333333,True,1.0,10373.0,FMF,Male,Placebo-resistant (STRICT-ADAPTIVE)
34464, g__Corynebacterium, s__unclassified, p__Actinobacteria, c__Actinobacteria, o__Actinomycetales, f__Corynebacteriaceae,k__Bacteria; p__Actinobacteria; c__Actinobacteria; o__Actinomycetales; f__Corynebacteriaceae; g__Corynebacterium; s__unclassified; 34464; GQ083334.1 gg_id:462578 Topographical and Temporal Human Skin Microbiome skin antecubital fossa clone nbw302e06c1, GQ083334.1 gg_id:462578 Topographical and Temporal Human Skin Microbiome skin antecubital fossa clone nbw302e06c1,10,-13.0,0.845703125,0.9248303534925827,0.011914365299679356,176.25,144.2016694155176,0.6533789106936937,0.9002109436224224,0.13333333333333333,True,1.0,14302.0,FMF,Male,Placebo-resistant (STRICT-ADAPTIVE)
58669, g__sfA, s__unclassified, p__Firmicutes, c__Clostridia, o__OPB54, f__unclassified,k__Bacteria; p__Firmicutes; c__Clostridia; o__OPB54; f__unclassified; g__sfA; s__unclassified; 58669; AY330129.1 gg_id:95835 methanogenic landfill leachate bioreactor clone AC007, AY330129.1 gg_id:95835 methanogenic landfill leachate bioreactor clone AC007,10,146.0,1.0,1.0,0.0417891404780233,679.75,473.90424369040824,0.8382564863858263,0.9581536201140475,-0.06666666666666667,True,1.0,11477.0,FMF,Male,Placebo-resistant (STRICT-ADAPTIVE)
24592, g__Faecalibacterium, s__unclassified, p__Firmicutes, c__Clostridia, o__Clostridiales, f__Ruminococcaceae,k__Bacteria; p__Firmicutes; c__Clostridia; o__Clostridiales; f__Ruminococcaceae; g__Faecalibacterium; s__unclassified; 24592; FJ372239.1 gg_id:362043 feces adult twins and mothers; TS9 clone TS9_a03c11, FJ372239.1 gg_id:362043 feces adult twins and mothers TS9 clone TS9_a03c11,10,56.5,0.76953125,0.8836442490494296,0.017771672308961987,166.75,262.7845359901445,0.7750513736700824,0.9376534160753778,0.08888888888888889,True,1.0,14218.0,FMF,Male,Placebo-resistant (STRICT-ADAPTIVE)
22038, g__unclassified, s__unclassified, p__Firmicutes, c__Clostridia, o__Clostridiales, f__Ruminococcaceae,k__Bacteria; p__Firmicutes; c__Clostridia; o__Clostridiales; f__Ruminococcaceae; g__unclassified; s__unclassified; 22038; GQ897911.1 gg_id:589989 Diets enriched fructans and/or can alter dominant fecal humans but do so non-consistent manner feces human soy protein supplemented diet clone A4-8, GQ897911.1 gg_id:589989 Diets enriched fructans and/or can alter dominant fecal humans but do so non-consistent manner feces human soy protein supplemented diet clone A4-8,10,87.0,0.921875,0.9628597924917722,0.07832512698897902,1162.5,787.2708901917646,0.7750513736700824,0.9376534160753778,-0.08888888888888889,True,1.0,12657.0,FMF,Male,Placebo-resistant (STRICT-ADAPTIVE)
49026, g__Bacillus, s__Bacillus amyloliquefaciens, p__Firmicutes, c__Bacilli, o__Bacillales, f__Bacillaceae,k__Bacteria; p__Firmicutes; c__Bacilli; o__Bacillales; f__Bacillaceae; g__Bacillus; s__Bacillus amyloliquefaciens; 49026; GU122961.1 gg_id:527139 Bacillus subtilis str. DBTMAR, GU122961.1 gg_id:527139 Bacillus subtilis str. DBTMAR,10,-6.5,0.9765625,1.0,0.051479884640661375,455.75,489.4899887309012,1.0,1.0,0.0,True,1.0,12301.0,FMF,Male,Placebo-resistant (STRICT-ADAPTIVE)
55994, g__Akkermansia, s__Akkermansia muciniphila, p__Verrucomicrobia, c__Verrucomicrobiae, o__Verrucomicrobiales, f__Verrucomicrobiaceae,k__Bacteria; p__Verrucomicrobia; c__Verrucomicrobiae; o__Verrucomicrobiales; f__Verrucomicrobiaceae; g__Akkermansia; s__Akkermansia muciniphila; 55994; EU768222.1 gg_id:353694 Pervasive effects antibiotic on human gut microbiota deep sequencing fecal clone C4_566, EU768222.1 gg_id:353694 Pervasive effects antibiotic on human gut microbiota deep sequencing fecal clone C4_566,10,208.0,0.193359375,0.7315836036008729,0.06588290675665347,725.75,653.8390219856192,0.7750513736700824,0.9376534160753778,0.08888888888888889,True,1.0,9351.5,FMF,Male,Placebo-resistant (STRICT-ADAPTIVE)
50614, g__Veillonella, s__Veillonella parvula, p__Firmicutes, c__Clostridia, o__Clostridiales, f__Veillonellaceae,k__Bacteria; p__Firmicutes; c__Clostridia; o__Clostridiales; f__Veillonellaceae; g__Veillonella; s__Veillonella parvula; 50614; GQ086120.1 gg_id:463770 Topographical and Temporal Human Skin Microbiome skin interdigital web space clone nbw285h06c1, GQ086120.1 gg_id:463770 Topographical and Temporal Human Skin Microbiome skin interdigital web space clone nbw285h06c1,10,84.5,0.845703125,0.9248303534925827,0.1767372343690834,1418.75,1574.3797681206963,0.8382564863858263,0.9581536201140475,-0.06666666666666667,True,1.0,8766.0,FMF,Male,Placebo-resistant (STRICT-ADAPTIVE)
18294, g__Roseburia, s__Eubacterium rectale, p__Firmicutes, c__Clostridia, o__Clostridiales, f__Lachnospiraceae,k__Bacteria; p__Firmicutes; c__Clostridia; o__Clostridiales; f__Lachnospiraceae; g__Roseburia; s__Eubacterium rectale; 18294; EU768316.1 gg_id:330961 Pervasive effects antibiotic on human gut microbiota deep sequencing fecal clone C5_328, EU768316.1 gg_id:330961 Pervasive effects antibiotic on human gut microbiota deep sequencing fecal clone C5_328,10,72.0,1.0,1.0,0.09764371311528061,867.5,928.4740281271559,0.7750513736700824,0.9376534160753778,0.08888888888888889,True,1.0,12046.0,FMF,Male,Placebo-resistant (STRICT-ADAPTIVE)
52496, g__sfA, s__unclassified, p__Cyanobacteria, c__4C0d-2, o__YS2, f__unclassified,k__Bacteria; p__Cyanobacteria; c__4C0d-2; o__YS2; f__unclassified; g__sfA; s__unclassified; 52496; EU459480.1 gg_id:301614 capybara feces clone CAP_aah98b01, EU459480.1 gg_id:301614 capybara feces clone CAP_aah98b01,10,62.0,0.921875,0.9628597924917722,0.1277590866975043,1427.0,893.7606426803792,0.967435545139537,0.9928887934220945,-0.022222222222222223,True,1.0,10392.5,FMF,Male,Placebo-resistant (STRICT-ADAPTIVE)
22677, g__unclassified, s__unclassified, p__Firmicutes, c__Clostridia, o__Clostridiales, f__Lachnospiraceae,k__Bacteria; p__Firmicutes; c__Clostridia; o__Clostridiales; f__Lachnospiraceae; g__unclassified; s__unclassified; 22677; EU451262.1 gg_id:356504 Innate immunity and intestinal microbiota Type 1 diabetes mouse cecum clone H77S3_57g02, EU451262.1 gg_id:356504 Innate immunity and intestinal microbiota Type 1 diabetes mouse cecum clone H77S3_57g02,10,-87.0,0.76953125,0.8836442490494296,0.027337153003352165,434.5,288.1877801480602,0.967435545139537,0.9928887934220945,-0.022222222222222223,True,1.0,13401.5,FMF,Male,Placebo-resistant (STRICT-ADAPTIVE)
25770, g__Faecalibacterium, s__unclassified, p__Firmicutes, c__Clostridia, o__Clostridiales, f__Ruminococcaceae,k__Bacteria; p__Firmicutes; c__Clostridia; o__Clostridiales; f__Ruminococcaceae; g__Faecalibacterium; s__unclassified; 25770; FJ673167.1 gg_id:526881 Synecology primary and secondary habitats Escherichia coli O157:H7 fecal MARC beef cattle feedlot animal #4262 pen 301; was positive STEC O157 clone 130-1K24, FJ673167.1 gg_id:526881 Synecology primary and secondary habitats Escherichia coli O157:H7 fecal MARC beef cattle feedlot animal #4262 pen 301 was positive STEC O157 clone 130-1K24,10,228.5,0.10546875,0.7315836036008729,0.11135177694511933,517.0,1100.5814877604978,1.0,1.0,0.0,True,1.0,11989.0,FMF,Male,Placebo-resistant (STRICT-ADAPTIVE)
27260, g__unclassified, s__unclassified, p__Firmicutes, c__Clostridia, o__Clostridiales, f__Ruminococcaceae,k__Bacteria; p__Firmicutes; c__Clostridia; o__Clostridiales; f__Ruminococcaceae; g__unclassified; s__unclassified; 27260; DQ798670.1 gg_id:199475 human fecal clone RL181_aan99g11, DQ798670.1 gg_id:199475 human fecal clone RL181_aan99g11,10,12.5,0.5703125,0.8097771479487375,0.027845800140719135,273.75,242.8411274063765,1.0,1.0,0.0,True,1.0,12038.0,FMF,Male,Placebo-resistant (STRICT-ADAPTIVE)
26364, g__Faecalibacterium, s__unclassified, p__Firmicutes, c__Clostridia, o__Clostridiales, f__Ruminococcaceae,k__Bacteria; p__Firmicutes; c__Clostridia; o__Clostridiales; f__Ruminococcaceae; g__Faecalibacterium; s__unclassified; 26364; AY983994.1 gg_id:120170 human descending colon mucosal biopsy clone MD11, AY983994.1 gg_id:120170 human descending colon mucosal biopsy clone MD11,10,80.5,0.625,0.8184138750961605,0.04495879776706936,342.0,662.8687252675131,0.7750513736700824,0.9376534160753778,0.08888888888888889,True,1.0,13900.5,FMF,Male,Placebo-resistant (STRICT-ADAPTIVE)
24421, g__Faecalibacterium, s__unclassified, p__Firmicutes, c__Clostridia, o__Clostridiales, f__Ruminococcaceae,k__Bacteria; p__Firmicutes; c__Clostridia; o__Clostridiales; f__Ruminococcaceae; g__Faecalibacterium; s__unclassified; 24421; DQ795862.1 gg_id:181839 human fecal clone RL245_aai83e10, DQ795862.1 gg_id:181839 human fecal clone RL245_aai83e10,10,-7.0,1.0,1.0,0.04811729743755817,260.5,752.6104866662436,0.8702263458891504,0.9754023282151151,-0.044444444444444446,True,1.0,13903.0,FMF,Male,Placebo-resistant (STRICT-ADAPTIVE)
25466, g__Faecalibacterium, s__Faecalibacterium prausnitzii, p__Firmicutes, c__Clostridia, o__Clostridiales, f__Ruminococcaceae,k__Bacteria; p__Firmicutes; c__Clostridia; o__Clostridiales; f__Ruminococcaceae; g__Faecalibacterium; s__Faecalibacterium prausnitzii; 25466; FJ364960.1 gg_id:361692 feces adult twins and mothers; TS1 clone TS1_a01c03, FJ364960.1 gg_id:361692 feces adult twins and mothers TS1 clone TS1_a01c03,10,205.5,0.4921875,0.7635226801988401,0.05779305157138886,686.75,913.2703090815995,0.8382564863858263,0.9581536201140475,0.06666666666666667,True,1.0,14023.0,FMF,Male,Placebo-resistant (STRICT-ADAPTIVE)
41457, g__sfA, s__unclassified, p__Actinobacteria, c__Actinobacteria, o__MC47, f__unclassified,k__Bacteria; p__Actinobacteria; c__Actinobacteria; o__MC47; f__unclassified; g__sfA; s__unclassified; 41457; EU861970.1 gg_id:305385 effects chronic fertilization on alpine tundra microbial implications carbon and cycling nitrogen amended dry meadow surface soil clone bac2nit92, EU861970.1 gg_id:305385 effects chronic fertilization on alpine tundra microbial implications carbon and cycling nitrogen amended dry meadow surface soil clone bac2nit92,10,190.5,0.431640625,0.7455067855825108,0.1558292206880955,1641.25,1187.6923005110934,0.8382564863858263,0.9581536201140475,-0.06666666666666667,True,1.0,10202.5,FMF,Male,Placebo-resistant (STRICT-ADAPTIVE)
71808, g__Lactobacillus, s__unclassified, p__Firmicutes, c__Bacilli, o__Lactobacillales, f__Lactobacillaceae,k__Bacteria; p__Firmicutes; c__Bacilli; o__Lactobacillales; f__Lactobacillaceae; g__Lactobacillus; s__unclassified; 71808; AB186322.1 gg_id:136262 Lactobacillus johnsonii str. DLM 1701, AB186322.1 gg_id:136262 Lactobacillus johnsonii str. DLM 1701,10,-374.0,0.76953125,0.8836442490494296,0.16754815179206994,1030.0,1107.4753423294705,0.6533789106936937,0.9002109436224224,0.13333333333333333,True,1.0,7039.0,FMF,Male,Placebo-resistant (STRICT-ADAPTIVE)
58993, g__Bradyrhizobium, s__Bradyrhizobium elkanii, p__Proteobacteria, c__Alphaproteobacteria, o__Rhizobiales, f__Bradyrhizobiaceae,k__Bacteria; p__Proteobacteria; c__Alphaproteobacteria; o__Rhizobiales; f__Bradyrhizobiaceae; g__Bradyrhizobium; s__Bradyrhizobium elkanii; 58993; AY904753.1 gg_id:111860 Bradyrhizobium elkanii str. SEMIA 6148, AY904753.1 gg_id:111860 Bradyrhizobium elkanii str. SEMIA 6148,10,333.5,0.037109375,0.7315836036008729,0.08974285795762235,854.5,655.6921789444258,1.0,1.0,0.0,True,1.0,12477.5,FMF,Male,Placebo-resistant (STRICT-ADAPTIVE)
28286, g__unclassified, s__unclassified, p__Firmicutes, c__Clostridia, o__Clostridiales, f__Lachnospiraceae,k__Bacteria; p__Firmicutes; c__Clostridia; o__Clostridiales; f__Lachnospiraceae; g__unclassified; s__unclassified; 28286; CU920499.1 gg_id:559940 Towards definition core microorganisms involved digestion mesophilic anaerobic digester which treats municipal wastewater sludge clone, CU920499.1 gg_id:559940 Towards definition core microorganisms involved digestion mesophilic anaerobic digester which treats municipal wastewater sludge clone,10,52.0,0.921875,0.9628597924917722,0.059545440688587095,890.75,695.6524109264466,1.0,1.0,0.0,True,1.0,12209.5,FMF,Male,Placebo-resistant (STRICT-ADAPTIVE)
17883, g__Roseburia, s__Eubacterium rectale, p__Firmicutes, c__Clostridia, o__Clostridiales, f__Lachnospiraceae,k__Bacteria; p__Firmicutes; c__Clostridia; o__Clostridiales; f__Lachnospiraceae; g__Roseburia; s__Eubacterium rectale; 17883; DQ802206.1 gg_id:177793 human fecal clone RL241_aaj04d12, DQ802206.1 gg_id:177793 human fecal clone RL241_aaj04d12,10,95.5,1.0,1.0,0.09974918937415085,1305.0,1050.7372569565937,0.8382564863858263,0.9581536201140475,0.06666666666666667,True,1.0,12649.5,FMF,Male,Placebo-resistant (STRICT-ADAPTIVE)
76178, g__Brachyspira, s__unclassified, p__Spirochaetes, c__Brachyspirae, o__Brachyspirales, f__Brachyspiraceae,k__Bacteria; p__Spirochaetes; c__Brachyspirae; o__Brachyspirales; f__Brachyspiraceae; g__Brachyspira; s__unclassified; 76178; DQ922565.1 gg_id:171642 Brachyspira hyodysenteriae str. 91507-8x/01 (T21), DQ922565.1 gg_id:171642 Brachyspira hyodysenteriae str. 91507-8x/01 (T21),10,165.0,0.10546875,0.7315836036008729,0.03852750149789071,241.5,317.0309138869584,0.7750513736700824,0.9376534160753778,0.08888888888888889,True,1.0,12574.0,FMF,Male,Placebo-resistant (STRICT-ADAPTIVE)
55405, g__TG5, s__unclassified, p__Synergistetes, c__Synergistia, o__Synergistales, f__Dethiosulfovibrionaceae,k__Bacteria; p__Synergistetes; c__Synergistia; o__Synergistales; f__Dethiosulfovibrionaceae; g__TG5; s__unclassified; 55405; AF125199.2 gg_id:1642 oral cavity clone BH017, AF125199.2 gg_id:1642 oral cavity clone BH017,10,92.5,0.431640625,0.7455067855825108,0.03653524687447724,539.75,334.5157658732661,0.967435545139537,0.9928887934220945,0.022222222222222223,True,1.0,13095.5,FMF,Male,Placebo-resistant (STRICT-ADAPTIVE)
72762, g__Clostridium, s__Clostridium acetobutylicum, p__Firmicutes, c__Clostridia, o__Clostridiales, f__Clostridiaceae,k__Bacteria; p__Firmicutes; c__Clostridia; o__Clostridiales; f__Clostridiaceae; g__Clostridium; s__Clostridium acetobutylicum; 72762; AM231183.1 gg_id:151509 Clostridium acetobutylicum str. 7 MSU, AM231183.1 gg_id:151509 Clostridium acetobutylicum str. 7 MSU,10,5.5,0.556640625,0.7914449891791329,0.038141069116898164,614.5,484.0657906627983,0.7133031738784577,0.9207147820005681,0.1111111111111111,True,1.0,12464.0,FMF,Male,Placebo-resistant (STRICT-ADAPTIVE)
56028, g__Akkermansia, s__Akkermansia muciniphila, p__Verrucomicrobia, c__Verrucomicrobiae, o__Verrucomicrobiales, f__Verrucomicrobiaceae,k__Bacteria; p__Verrucomicrobia; c__Verrucomicrobiae; o__Verrucomicrobiales; f__Verrucomicrobiaceae; g__Akkermansia; s__Akkermansia muciniphila; 56028; FJ369500.1 gg_id:359082 feces adult twins and mothers; TS51 clone TS51_a01c11, FJ369500.1 gg_id:359082 feces adult twins and mothers TS51 clone TS51_a01c11,10,280.5,0.275390625,0.7315836036008729,0.06076471747295848,654.25,513.2071276124507,0.7750513736700824,0.9376534160753778,0.08888888888888889,True,1.0,11144.0,FMF,Male,Placebo-resistant (STRICT-ADAPTIVE)
70400, g__unclassified, s__unclassified, p__Firmicutes, c__Clostridia, o__Clostridiales, f__Lachnospiraceae,k__Bacteria; p__Firmicutes; c__Clostridia; o__Clostridiales; f__Lachnospiraceae; g__unclassified; s__unclassified; 70400; FJ374203.1 gg_id:358826 Inter- and intraspecific humivorous scarab beetle larvae (Pachnoda spp.) larval hindgut clone PeHg31, FJ374203.1 gg_id:358826 Inter- and intraspecific humivorous scarab beetle larvae (Pachnoda spp.) larval hindgut clone PeHg31,10,236.5,0.322265625,0.7315836036008729,0.03447559825294229,224.75,458.8068361449438,0.8382564863858263,0.9581536201140475,0.06666666666666667,True,1.0,13218.0,FMF,Male,Placebo-resistant (STRICT-ADAPTIVE)
16445, g__Thermomonas, s__unclassified, p__Proteobacteria, c__Gammaproteobacteria, o__Xanthomonadales, f__Xanthomonadaceae,k__Bacteria; p__Proteobacteria; c__Gammaproteobacteria; o__Xanthomonadales; f__Xanthomonadaceae; g__Thermomonas; s__unclassified; 16445; AY218573.1 gg_id:81039 penguin droppings sediments clone KD2-14, AY218573.1 gg_id:81039 penguin droppings sediments clone KD2-14,10,242.5,0.130859375,0.7315836036008729,0.1641075888056838,756.0,991.823190005266,0.8382564863858263,0.9581536201140475,-0.06666666666666667,True,1.0,9595.5,FMF,Male,Placebo-resistant (STRICT-ADAPTIVE)
50253, g__Veillonella, s__Veillonella parvula, p__Firmicutes, c__Clostridia, o__Clostridiales, f__Veillonellaceae,k__Bacteria; p__Firmicutes; c__Clostridia; o__Clostridiales; f__Veillonellaceae; g__Veillonella; s__Veillonella parvula; 50253; GQ047868.1 gg_id:451862 Topographical and Temporal Human Skin Microbiome skin popliteal fossa clone nbu513b07c1, GQ047868.1 gg_id:451862 Topographical and Temporal Human Skin Microbiome skin popliteal fossa clone nbu513b07c1,10,220.5,0.76953125,0.8836442490494296,0.11548999920339367,1004.75,1363.3119744716462,0.9025232501776794,0.9754023282151151,-0.044444444444444446,True,1.0,10700.5,FMF,Male,Placebo-resistant (STRICT-ADAPTIVE)
37291, g__Corynebacterium, s__unclassified, p__Actinobacteria, c__Actinobacteria, o__Actinomycetales, f__Corynebacteriaceae,k__Bacteria; p__Actinobacteria; c__Actinobacteria; o__Actinomycetales; f__Corynebacteriaceae; g__Corynebacterium; s__unclassified; 37291; FJ674631.1 gg_id:523323 Synecology primary and secondary habitats Escherichia coli O157:H7 feedlot surface MARC beef cattle feedlot; top 3 cm behind feedbunk west pen 301; was negative STEC O157 clone LL141-2F6, FJ674631.1 gg_id:523323 Synecology primary and secondary habitats Escherichia coli O157:H7 feedlot surface MARC beef cattle feedlot top 3 cm behind feedbunk west pen 301 was negative STEC O157 clone LL141-2F6,10,176.0,0.322265625,0.7315836036008729,0.08795325207619788,1095.0,830.8656771878888,0.8382564863858263,0.9581536201140475,0.06666666666666667,True,1.0,10971.5,FMF,Male,Placebo-resistant (STRICT-ADAPTIVE)
20408, g__Lachnospira, s__unclassified, p__Firmicutes, c__Clostridia, o__Clostridiales, f__Lachnospiraceae,k__Bacteria; p__Firmicutes; c__Clostridia; o__Clostridiales; f__Lachnospiraceae; g__Lachnospira; s__unclassified; 20408; EU763791.1 gg_id:337443 Pervasive effects antibiotic on human gut microbiota deep sequencing fecal clone A5_309, EU763791.1 gg_id:337443 Pervasive effects antibiotic on human gut microbiota deep sequencing fecal clone A5_309,10,235.0,0.76953125,0.8836442490494296,0.09326738941724647,797.0,726.9181864892973,0.9025232501776794,0.9754023282151151,-0.044444444444444446,True,1.0,11057.0,FMF,Male,Placebo-resistant (STRICT-ADAPTIVE)
71629, g__sfA, s__unclassified, p__Tenericutes, c__Mollicutes, o__RF39, f__unclassified,k__Bacteria; p__Tenericutes; c__Mollicutes; o__RF39; f__unclassified; g__sfA; s__unclassified; 71629; EU475428.1 gg_id:297545 springbok feces clone SBSD_aaa04g12, EU475428.1 gg_id:297545 springbok feces clone SBSD_aaa04g12,10,443.0,0.921875,0.9628597924917722,0.22745577999501748,2428.5,1790.2180714104204,0.8382564863858263,0.9581536201140475,0.06666666666666667,True,1.0,10113.0,FMF,Male,Placebo-resistant (STRICT-ADAPTIVE)
18137, g__Roseburia, s__Eubacterium rectale, p__Firmicutes, c__Clostridia, o__Clostridiales, f__Lachnospiraceae,k__Bacteria; p__Firmicutes; c__Clostridia; o__Clostridiales; f__Lachnospiraceae; g__Roseburia; s__Eubacterium rectale; 18137; DQ807644.1 gg_id:182440 human fecal clone RL180_aah35d06, DQ807644.1 gg_id:182440 human fecal clone RL180_aah35d06,10,190.5,0.921875,0.9628597924917722,0.05648853485670517,566.75,775.0826306809703,0.7750513736700824,0.9376534160753778,0.08888888888888889,True,1.0,14601.0,FMF,Male,Placebo-resistant (STRICT-ADAPTIVE)
243, g__Congregibacter, s__unclassified, p__Proteobacteria, c__Gammaproteobacteria, o__Oceanospirillales, f__OM60,k__Bacteria; p__Proteobacteria; c__Gammaproteobacteria; o__Oceanospirillales; f__OM60; g__Congregibacter; s__unclassified; 243; EU707317.1 gg_id:350845 sulfur oxidizing Wadden Sea sediments Janssand intertidal sandy sediment middle flat clone WS365JS0307, EU707317.1 gg_id:350845 sulfur oxidizing Wadden Sea sediments Janssand intertidal sandy sediment middle flat clone WS365JS0307,10,246.5,0.130859375,0.7315836036008729,0.04742505075984427,596.75,472.42229590930845,0.8382564863858263,0.9581536201140475,0.06666666666666667,True,1.0,12187.0,FMF,Male,Placebo-resistant (STRICT-ADAPTIVE)
56289, g__Akkermansia, s__unclassified, p__Verrucomicrobia, c__Verrucomicrobiae, o__Verrucomicrobiales, f__Verrucomicrobiaceae,k__Bacteria; p__Verrucomicrobia; c__Verrucomicrobiae; o__Verrucomicrobiales; f__Verrucomicrobiaceae; g__Akkermansia; s__unclassified; 56289; GQ491371.1 gg_id:546571 Effect Diet on Human Gut Microbiome: Metagenomic Humanized Gnotobiotic Mice cecal contents Mus musculus strain C57BL/6J; PM9t2 clone PM9t2_a02e11, GQ491371.1 gg_id:546571 Effect Diet on Human Gut Microbiome: Metagenomic Humanized Gnotobiotic Mice cecal contents Mus musculus strain C57BL/6J PM9t2 clone PM9t2_a02e11,10,170.5,0.431640625,0.7455067855825108,0.10687418775435728,1212.75,763.8026675355646,0.9025232501776794,0.9754023282151151,0.044444444444444446,True,1.0,11555.0,FMF,Male,Placebo-resistant (STRICT-ADAPTIVE)
26609, g__Faecalibacterium, s__unclassified, p__Firmicutes, c__Clostridia, o__Clostridiales, f__Ruminococcaceae,k__Bacteria; p__Firmicutes; c__Clostridia; o__Clostridiales; f__Ruminococcaceae; g__Faecalibacterium; s__unclassified; 26609; FJ678517.1 gg_id:516135 Synecology primary and secondary habitats Escherichia coli O157:H7 fecal MARC beef cattle feedlot animal #4017 pen 301; was positive STEC O157 clone 4-5H12, FJ678517.1 gg_id:516135 Synecology primary and secondary habitats Escherichia coli O157:H7 fecal MARC beef cattle feedlot animal #4017 pen 301 was positive STEC O157 clone 4-5H12,10,158.0,0.375,0.7328566955432627,0.03526939164335463,228.0,533.8573723060829,0.7133031738784577,0.9207147820005681,0.1111111111111111,True,1.0,13251.5,FMF,Male,Placebo-resistant (STRICT-ADAPTIVE)
55943, g__Akkermansia, s__Akkermansia muciniphila, p__Verrucomicrobia, c__Verrucomicrobiae, o__Verrucomicrobiales, f__Verrucomicrobiaceae,k__Bacteria; p__Verrucomicrobia; c__Verrucomicrobiae; o__Verrucomicrobiales; f__Verrucomicrobiaceae; g__Akkermansia; s__Akkermansia muciniphila; 55943; AY977862.1 gg_id:117139 human cecum mucosal biopsy clone LF60, AY977862.1 gg_id:117139 human cecum mucosal biopsy clone LF60,10,49.0,0.625,0.8184138750961605,0.07843349657319029,318.5,688.4229069240635,0.967435545139537,0.9928887934220945,0.022222222222222223,True,1.0,10851.5,FMF,Male,Placebo-resistant (STRICT-ADAPTIVE)
47427, g__unclassified, s__unclassified, p__Firmicutes, c__Bacilli, o__Bacillales, f__Bacillaceae,k__Bacteria; p__Firmicutes; c__Bacilli; o__Bacillales; f__Bacillaceae; g__unclassified; s__unclassified; 47427; AM114102.1 gg_id:145545 Paucisalibacillus globulus str. B22, AM114102.1 gg_id:145545 Paucisalibacillus globulus str. B22,10,66.5,0.625,0.8184138750961605,0.04684371503170459,703.25,468.94792357645287,0.6533789106936937,0.9002109436224224,0.13333333333333333,True,1.0,12918.0,FMF,Male,Placebo-resistant (STRICT-ADAPTIVE)
28383, g__unclassified, s__unclassified, p__Firmicutes, c__Clostridia, o__Clostridiales, f__Lachnospiraceae,k__Bacteria; p__Firmicutes; c__Clostridia; o__Clostridiales; f__Lachnospiraceae; g__unclassified; s__unclassified; 28383; AY916340.1 gg_id:114041 human stool clone C627, AY916340.1 gg_id:114041 human stool clone C627,10,-25.0,0.845703125,0.9248303534925827,0.11057300713063614,1274.25,1084.5511236574634,0.7750513736700824,0.9376534160753778,-0.08888888888888889,True,1.0,11578.0,FMF,Male,Placebo-resistant (STRICT-ADAPTIVE)
17744, g__Roseburia, s__Eubacterium rectale, p__Firmicutes, c__Clostridia, o__Clostridiales, f__Lachnospiraceae,k__Bacteria; p__Firmicutes; c__Clostridia; o__Clostridiales; f__Lachnospiraceae; g__Roseburia; s__Eubacterium rectale; 17744; DQ806442.1 gg_id:175827 human fecal clone RL186_aan92e03, DQ806442.1 gg_id:175827 human fecal clone RL186_aan92e03,10,96.5,0.845703125,0.9248303534925827,0.06700208064855502,568.75,806.0929270940858,0.7750513736700824,0.9376534160753778,0.08888888888888889,True,1.0,14098.0,FMF,Male,Placebo-resistant (STRICT-ADAPTIVE)
55059, g__Akkermansia, s__Akkermansia muciniphila, p__Verrucomicrobia, c__Verrucomicrobiae, o__Verrucomicrobiales, f__Verrucomicrobiaceae,k__Bacteria; p__Verrucomicrobia; c__Verrucomicrobiae; o__Verrucomicrobiales; f__Verrucomicrobiaceae; g__Akkermansia; s__Akkermansia muciniphila; 55059; AY982401.1 gg_id:125420 human sigmoid colon mucosal biopsy clone MK66, AY982401.1 gg_id:125420 human sigmoid colon mucosal biopsy clone MK66,10,44.5,0.431640625,0.7455067855825108,0.05544535126561094,179.75,522.9965204430672,0.967435545139537,0.9928887934220945,-0.022222222222222223,True,1.0,12173.5,FMF,Male,Placebo-resistant (STRICT-ADAPTIVE)
50574, g__Veillonella, s__Veillonella dispar, p__Firmicutes, c__Clostridia, o__Clostridiales, f__Veillonellaceae,k__Bacteria; p__Firmicutes; c__Clostridia; o__Clostridiales; f__Veillonellaceae; g__Veillonella; s__Veillonella dispar; 50574; GQ027285.1 gg_id:428376 Topographical and Temporal Human Skin Microbiome skin volar forearm clone nbw901g03c1, GQ027285.1 gg_id:428376 Topographical and Temporal Human Skin Microbiome skin volar forearm clone nbw901g03c1,10,12.5,0.625,0.8184138750961605,0.016594916466172567,93.0,220.09700390711566,0.967435545139537,0.9928887934220945,-0.022222222222222223,True,1.0,13311.0,FMF,Male,Placebo-resistant (STRICT-ADAPTIVE)
4141, g__Klebsiella, s__unclassified, p__Proteobacteria, c__Gammaproteobacteria, o__Enterobacteriales, f__Enterobacteriaceae,k__Bacteria; p__Proteobacteria; c__Gammaproteobacteria; o__Enterobacteriales; f__Enterobacteriaceae; g__Klebsiella; s__unclassified; 4141; EF608176.1 gg_id:552087 Klebsiella pneumoniae str. HT24, EF608176.1 gg_id:552087 Klebsiella pneumoniae str. HT24,10,66.0,0.921875,0.9628597924917722,0.06856765357238412,517.0,603.9279418422182,0.9025232501776794,0.9754023282151151,-0.044444444444444446,True,1.0,12156.5,FMF,Male,Placebo-resistant (STRICT-ADAPTIVE)
23580, g__unclassified, s__unclassified, p__Firmicutes, c__Clostridia, o__Clostridiales, f__Lachnospiraceae,k__Bacteria; p__Firmicutes; c__Clostridia; o__Clostridiales; f__Lachnospiraceae; g__unclassified; s__unclassified; 23580; EU510036.1 gg_id:273116 cecal contents Mus musculus strain C57BL/6J; WD1 clone WD1_aaf16c05, EU510036.1 gg_id:273116 cecal contents Mus musculus strain C57BL/6J WD1 clone WD1_aaf16c05,10,83.0,0.6796875,0.848255880244983,0.060604872226680866,562.75,559.8141439213952,0.9024806826878791,0.9754023282151151,0.044444444444444446,True,1.0,11737.5,FMF,Male,Placebo-resistant (STRICT-ADAPTIVE)
44578, g__Clostridium, s__unclassified, p__Firmicutes, c__Clostridia, o__Clostridiales, f__Clostridiaceae,k__Bacteria; p__Firmicutes; c__Clostridia; o__Clostridiales; f__Clostridiaceae; g__Clostridium; s__unclassified; 44578; FJ881333.1 gg_id:433124 Diets enriched oat or temporally and alter fecal rat feces animal fed wheat bran diet; day 28 clone R-9814, FJ881333.1 gg_id:433124 Diets enriched oat or temporally and alter fecal rat feces animal fed wheat bran diet day 28 clone R-9814,10,130.0,0.193359375,0.7315836036008729,0.06888023176190007,364.5,609.4758342816665,0.8382564863858263,0.9581536201140475,-0.06666666666666667,True,1.0,11564.0,FMF,Male,Placebo-resistant (STRICT-ADAPTIVE)
44938, g__Clostridium, s__Clostridium butyricum, p__Firmicutes, c__Clostridia, o__Clostridiales, f__Clostridiaceae,k__Bacteria; p__Firmicutes; c__Clostridia; o__Clostridiales; f__Clostridiaceae; g__Clostridium; s__Clostridium butyricum; 44938; ABDT01000025.2 gg_id:262123 Clostridium butyricum str. 5521, ABDT01000025.2 gg_id:262123 Clostridium butyricum str. 5521,10,318.5,0.01953125,0.7315836036008729,0.0590509047298741,373.0,710.2325234550536,0.8382564863858263,0.9581536201140475,0.06666666666666667,True,1.0,11627.5,FMF,Male,Placebo-resistant (STRICT-ADAPTIVE)
55120, g__Akkermansia, s__Akkermansia muciniphila, p__Verrucomicrobia, c__Verrucomicrobiae, o__Verrucomicrobiales, f__Verrucomicrobiaceae,k__Bacteria; p__Verrucomicrobia; c__Verrucomicrobiae; o__Verrucomicrobiales; f__Verrucomicrobiaceae; g__Akkermansia; s__Akkermansia muciniphila; 55120; EF604517.1 gg_id:234298 Salmonella typhimurium Exploits Inflammation Compete Intestinal Microbiota mouse cecum clone 16saw38-1e10.p1k, EF604517.1 gg_id:234298 Salmonella typhimurium Exploits Inflammation Compete Intestinal Microbiota mouse cecum clone 16saw38-1e10.p1k,10,611.0,0.10546875,0.7315836036008729,0.14167349530637877,400.25,987.1940546462425,0.6533789106936937,0.9002109436224224,0.13333333333333333,True,1.0,9679.0,FMF,Male,Placebo-resistant (STRICT-ADAPTIVE)
25913, g__unclassified, s__unclassified, p__Firmicutes, c__Clostridia, o__Clostridiales, f__Ruminococcaceae,k__Bacteria; p__Firmicutes; c__Clostridia; o__Clostridiales; f__Ruminococcaceae; g__unclassified; s__unclassified; 25913; EU766189.1 gg_id:354737 Pervasive effects antibiotic on human gut microbiota deep sequencing fecal clone B5_347, EU766189.1 gg_id:354737 Pervasive effects antibiotic on human gut microbiota deep sequencing fecal clone B5_347,10,155.5,0.16015625,0.7315836036008729,0.031688691227391826,281.25,387.85220733905567,0.6533789106936937,0.9002109436224224,0.13333333333333333,True,1.0,12160.5,FMF,Male,Placebo-resistant (STRICT-ADAPTIVE)
2407, g__Acidithiobacillus, s__Acidithiobacillus ferrooxidans, p__Proteobacteria, c__Gammaproteobacteria, o__Acidithiobacillales, f__Acidithiobacillaceae,k__Bacteria; p__Proteobacteria; c__Gammaproteobacteria; o__Acidithiobacillales; f__Acidithiobacillaceae; g__Acidithiobacillus; s__Acidithiobacillus ferrooxidans; 2407; AF329205.1 gg_id:33408 Acidithiobacillus ferrooxidans str. ATCC23270, AF329205.1 gg_id:33408 Acidithiobacillus ferrooxidans str. ATCC23270,10,386.0,0.375,0.7328566955432627,0.08071997602478975,642.25,841.4801922544979,0.8382564863858263,0.9581536201140475,-0.06666666666666667,True,1.0,10304.5,FMF,Male,Placebo-resistant (STRICT-ADAPTIVE)
17424, g__Roseburia, s__Eubacterium rectale, p__Firmicutes, c__Clostridia, o__Clostridiales, f__Lachnospiraceae,k__Bacteria; p__Firmicutes; c__Clostridia; o__Clostridiales; f__Lachnospiraceae; g__Roseburia; s__Eubacterium rectale; 17424; FJ364199.1 gg_id:364692 feces adult twins and mothers; TS150 clone TS150_a04b04, FJ364199.1 gg_id:364692 feces adult twins and mothers TS150 clone TS150_a04b04,10,234.0,0.845703125,0.9248303534925827,0.08519001916348429,880.5,1164.5919879325406,0.6533789106936937,0.9002109436224224,0.13333333333333333,True,1.0,13150.5,FMF,Male,Placebo-resistant (STRICT-ADAPTIVE)
75494, g__unclassified, s__unclassified, p__Cyanobacteria, c__Chloroplast, o__Chlorophyta, f__Ulvophyceae,k__Bacteria; p__Cyanobacteria; c__Chloroplast; o__Chlorophyta; f__Ulvophyceae; g__unclassified; s__unclassified; 75494; FJ203228.1 gg_id:339919 and White Plague Disease-Induced Changes Caribbean Coral Montastraea faveolata diseased tissue clone SHFG639, FJ203228.1 gg_id:339919 and White Plague Disease-Induced Changes Caribbean Coral Montastraea faveolata diseased tissue clone SHFG639,10,39.5,0.556640625,0.7914449891791329,0.026908121012396154,267.5,265.2819510047543,0.8382564863858263,0.9581536201140475,0.06666666666666667,True,1.0,13077.5,FMF,Male,Placebo-resistant (STRICT-ADAPTIVE)
49674, g__unclassified, s__unclassified, p__Firmicutes, c__Clostridia, o__Natranaerobiales, f__Natranaerobiaceae,k__Bacteria; p__Firmicutes; c__Clostridia; o__Natranaerobiales; f__Natranaerobiaceae; g__unclassified; s__unclassified; 49674; AJ271452.1 gg_id:72206 Natronoanaerobium aggerbacterium G-M16NWC-4, AJ271452.1 gg_id:72206 Natronoanaerobium aggerbacterium G-M16NWC-4,10,296.0,0.10546875,0.7315836036008729,0.08322893337333724,648.25,613.8462977371091,0.7750513736700824,0.9376534160753778,0.08888888888888889,True,1.0,10508.5,FMF,Male,Placebo-resistant (STRICT-ADAPTIVE)
50740, g__Veillonella, s__Veillonella dispar, p__Firmicutes, c__Clostridia, o__Clostridiales, f__Veillonellaceae,k__Bacteria; p__Firmicutes; c__Clostridia; o__Clostridiales; f__Veillonellaceae; g__Veillonella; s__Veillonella dispar; 50740; GQ032561.1 gg_id:379283 Topographical and Temporal Human Skin Microbiome skin volar forearm clone nbw908e04c1, GQ032561.1 gg_id:379283 Topographical and Temporal Human Skin Microbiome skin volar forearm clone nbw908e04c1,10,26.0,0.6953125,0.848255880244983,0.14380538004058585,747.75,1359.9377832537455,0.7750513736700824,0.9376534160753778,0.08888888888888889,True,1.0,11517.0,FMF,Male,Placebo-resistant (STRICT-ADAPTIVE)
24807, g__Faecalibacterium, s__Faecalibacterium prausnitzii, p__Firmicutes, c__Clostridia, o__Clostridiales, f__Ruminococcaceae,k__Bacteria; p__Firmicutes; c__Clostridia; o__Clostridiales; f__Ruminococcaceae; g__Faecalibacterium; s__Faecalibacterium prausnitzii; 24807; FJ677296.1 gg_id:516722 Synecology primary and secondary habitats Escherichia coli O157:H7 fecal MARC beef cattle feedlot animal #4225 pen 301; was negative STEC O157 clone 3-2D19, FJ677296.1 gg_id:516722 Synecology primary and secondary habitats Escherichia coli O157:H7 fecal MARC beef cattle feedlot animal #4225 pen 301 was negative STEC O157 clone 3-2D19,10,106.0,0.431640625,0.7455067855825108,0.04555797790658446,299.0,804.6797110576218,0.6533789106936937,0.9002109436224224,0.13333333333333333,True,1.0,14116.0,FMF,Male,Placebo-resistant (STRICT-ADAPTIVE)
54456, g__unclassified, s__unclassified, p__Planctomycetes, c__Planctomycea, o__Planctomycetales, f__Planctomycetaceae,k__Bacteria; p__Planctomycetes; c__Planctomycea; o__Planctomycetales; f__Planctomycetaceae; g__unclassified; s__unclassified; 54456; EU386028.1 gg_id:265434 Biogeographical and microbes sediments on subseafloor sediment South China Sea clone MD2894-B34, EU386028.1 gg_id:265434 Biogeographical and microbes sediments on subseafloor sediment South China Sea clone MD2894-B34,10,145.5,0.322265625,0.7315836036008729,0.07453575983075775,380.25,979.2186423175482,0.967435545139537,0.9928887934220945,-0.022222222222222223,True,1.0,10524.5,FMF,Male,Placebo-resistant (STRICT-ADAPTIVE)
18049, g__Roseburia, s__Eubacterium rectale, p__Firmicutes, c__Clostridia, o__Clostridiales, f__Lachnospiraceae,k__Bacteria; p__Firmicutes; c__Clostridia; o__Clostridiales; f__Lachnospiraceae; g__Roseburia; s__Eubacterium rectale; 18049; FJ366916.1 gg_id:365844 feces adult twins and mothers; TS28 clone TS28_a01d01, FJ366916.1 gg_id:365844 feces adult twins and mothers TS28 clone TS28_a01d01,10,49.5,0.845703125,0.9248303534925827,0.062297635091274416,561.5,793.5676119125998,0.8382564863858263,0.9581536201140475,0.06666666666666667,True,1.0,14418.5,FMF,Male,Placebo-resistant (STRICT-ADAPTIVE)
34274, g__Corynebacterium, s__unclassified, p__Actinobacteria, c__Actinobacteria, o__Actinomycetales, f__Corynebacteriaceae,k__Bacteria; p__Actinobacteria; c__Actinobacteria; o__Actinomycetales; f__Corynebacteriaceae; g__Corynebacterium; s__unclassified; 34274; GQ042218.1 gg_id:441987 Topographical and Temporal Human Skin Microbiome skin nare clone nbw937f06c1, GQ042218.1 gg_id:441987 Topographical and Temporal Human Skin Microbiome skin nare clone nbw937f06c1,10,271.5,0.130859375,0.7315836036008729,0.09917741260610619,733.75,833.9055060783431,0.6533789106936937,0.9002109436224224,0.13333333333333333,True,1.0,10657.5,FMF,Male,Placebo-resistant (STRICT-ADAPTIVE)
55810, g__Akkermansia, s__Akkermansia muciniphila, p__Verrucomicrobia, c__Verrucomicrobiae, o__Verrucomicrobiales, f__Verrucomicrobiaceae,k__Bacteria; p__Verrucomicrobia; c__Verrucomicrobiae; o__Verrucomicrobiales; f__Verrucomicrobiaceae; g__Akkermansia; s__Akkermansia muciniphila; 55810; AY271254.1 gg_id:108381 Akkermansia muciniphila, AY271254.1 gg_id:108381 Akkermansia muciniphila,10,42.0,0.431640625,0.7455067855825108,0.10682846386201911,562.5,793.4010675398246,0.9025232501776794,0.9754023282151151,0.044444444444444446,True,1.0,10301.0,FMF,Male,Placebo-resistant (STRICT-ADAPTIVE)
17543, g__Roseburia, s__Eubacterium rectale, p__Firmicutes, c__Clostridia, o__Clostridiales, f__Lachnospiraceae,k__Bacteria; p__Firmicutes; c__Clostridia; o__Clostridiales; f__Lachnospiraceae; g__Roseburia; s__Eubacterium rectale; 17543; EU767257.1 gg_id:322662 Pervasive effects antibiotic on human gut microbiota deep sequencing fecal clone C2_566, EU767257.1 gg_id:322662 Pervasive effects antibiotic on human gut microbiota deep sequencing fecal clone C2_566,10,-11.5,1.0,1.0,0.052827834823495984,544.75,561.2335977202363,0.7133031738784577,0.9207147820005681,0.1111111111111111,True,1.0,13600.0,FMF,Male,Placebo-resistant (STRICT-ADAPTIVE)
70032, g__unclassified, s__unclassified, p__Firmicutes, c__Clostridia, o__Clostridiales, f__Lachnospiraceae,k__Bacteria; p__Firmicutes; c__Clostridia; o__Clostridiales; f__Lachnospiraceae; g__unclassified; s__unclassified; 70032; DQ326171.1 gg_id:148992 Metagenomic gut microbiome healthy human stool clone C070, DQ326171.1 gg_id:148992 Metagenomic gut microbiome healthy human stool clone C070,10,129.5,0.322265625,0.7315836036008729,0.1136645256358363,268.25,864.4062307149856,0.967435545139537,0.9928887934220945,0.022222222222222223,True,1.0,10771.5,FMF,Male,Placebo-resistant (STRICT-ADAPTIVE)
25673, g__Faecalibacterium, s__unclassified, p__Firmicutes, c__Clostridia, o__Clostridiales, f__Ruminococcaceae,k__Bacteria; p__Firmicutes; c__Clostridia; o__Clostridiales; f__Ruminococcaceae; g__Faecalibacterium; s__unclassified; 25673; DQ801480.1 gg_id:194565 human fecal clone RL388_aao96b02, DQ801480.1 gg_id:194565 human fecal clone RL388_aao96b02,10,124.0,0.625,0.8184138750961605,0.07040521014018479,430.75,647.7225417105692,0.6533789106936937,0.9002109436224224,-0.13333333333333333,True,1.0,13985.5,FMF,Male,Placebo-resistant (STRICT-ADAPTIVE)
24534, g__Faecalibacterium, s__Faecalibacterium prausnitzii, p__Firmicutes, c__Clostridia, o__Clostridiales, f__Ruminococcaceae,k__Bacteria; p__Firmicutes; c__Clostridia; o__Clostridiales; f__Ruminococcaceae; g__Faecalibacterium; s__Faecalibacterium prausnitzii; 24534; DQ795919.1 gg_id:182156 human fecal clone RL245_aai84h09, DQ795919.1 gg_id:182156 human fecal clone RL245_aai84h09,10,220.0,0.431640625,0.7455067855825108,0.05940249766019044,290.75,848.3522104572946,0.6533789106936937,0.9002109436224224,0.13333333333333333,True,1.0,14222.0,FMF,Male,Placebo-resistant (STRICT-ADAPTIVE)
68648, g__Bacteroides, s__unclassified, p__Bacteroidetes, c__Bacteroidia, o__Bacteroidales, f__Bacteroidaceae,k__Bacteria; p__Bacteroidetes; c__Bacteroidia; o__Bacteroidales; f__Bacteroidaceae; g__Bacteroides; s__unclassified; 68648; EU765443.1 gg_id:345104 Pervasive effects antibiotic on human gut microbiota deep sequencing fecal clone B3_267, EU765443.1 gg_id:345104 Pervasive effects antibiotic on human gut microbiota deep sequencing fecal clone B3_267,10,372.0,0.130859375,0.7315836036008729,0.1213140917523182,1191.0,1195.3159170700906,0.7133031738784577,0.9207147820005681,0.1111111111111111,True,1.0,13199.0,FMF,Male,Placebo-resistant (STRICT-ADAPTIVE)
17355, g__Succinivibrio, s__unclassified, p__Proteobacteria, c__Gammaproteobacteria, o__Aeromonadales, f__Succinivibrionaceae,k__Bacteria; p__Proteobacteria; c__Gammaproteobacteria; o__Aeromonadales; f__Succinivibrionaceae; g__Succinivibrio; s__unclassified; 17355; FJ679565.1 gg_id:527828 Synecology primary and secondary habitats Escherichia coli O157:H7 fecal MARC beef cattle feedlot animal #4017 pen 301; was positive STEC O157 clone 4-2E10, FJ679565.1 gg_id:527828 Synecology primary and secondary habitats Escherichia coli O157:H7 fecal MARC beef cattle feedlot animal #4017 pen 301 was positive STEC O157 clone 4-2E10,10,81.0,1.0,1.0,0.1028943700333436,820.5,1009.3130012929037,0.9025232501776794,0.9754023282151151,0.044444444444444446,True,1.0,11284.0,FMF,Male,Placebo-resistant (STRICT-ADAPTIVE)
22419, g__unclassified, s__unclassified, p__Firmicutes, c__Clostridia, o__Clostridiales, f__Ruminococcaceae,k__Bacteria; p__Firmicutes; c__Clostridia; o__Clostridiales; f__Ruminococcaceae; g__unclassified; s__unclassified; 22419; EU507314.1 gg_id:258637 cecal contents Mus musculus strain C57BL/6J; MD23 clone MD23_2aaa01e06, EU507314.1 gg_id:258637 cecal contents Mus musculus strain C57BL/6J MD23 clone MD23_2aaa01e06,10,126.0,0.625,0.8184138750961605,0.09815505216905841,596.5,812.2712663499663,0.967435545139537,0.9928887934220945,-0.022222222222222223,True,1.0,12939.5,FMF,Male,Placebo-resistant (STRICT-ADAPTIVE)
72581, g__unclassified, s__unclassified, p__Firmicutes, c__Clostridia, o__Clostridiales, f__Clostridiaceae,k__Bacteria; p__Firmicutes; c__Clostridia; o__Clostridiales; f__Clostridiaceae; g__unclassified; s__unclassified; 72581; AM179918.1 gg_id:147513 Identification microflora (Oncorhynchus mykiss) rainbow trout intestine clone G15-1, AM179918.1 gg_id:147513 Identification microflora (Oncorhynchus mykiss) rainbow trout intestine clone G15-1,10,298.5,0.048828125,0.7315836036008729,0.0898370961061107,684.5,784.9982571558857,0.6533789106936937,0.9002109436224224,0.13333333333333333,True,1.0,10833.5,FMF,Male,Placebo-resistant (STRICT-ADAPTIVE)
9619, g__Verminephrobacter, s__Verminephrobacter eiseniae, p__Proteobacteria, c__Betaproteobacteria, o__Burkholderiales, f__Comamonadaceae,k__Bacteria; p__Proteobacteria; c__Betaproteobacteria; o__Burkholderiales; f__Comamonadaceae; g__Verminephrobacter; s__Verminephrobacter eiseniae; 9619; NC_008786.1 gg_id:179440 Verminephrobacter eiseniae str. EF01-2, NC_008786.1 gg_id:179440 Verminephrobacter eiseniae str. EF01-2,10,345.5,0.16015625,0.7315836036008729,0.12319578915364912,654.5,914.6696253651128,0.9025232501776794,0.9754023282151151,0.044444444444444446,True,1.0,7710.0,FMF,Male,Placebo-resistant (STRICT-ADAPTIVE)
56189, g__sfA, s__unclassified, p__Verrucomicrobia, c__Verrucomicrobiae, o__Verrucomicrobiales, f__unclassified,k__Bacteria; p__Verrucomicrobia; c__Verrucomicrobiae; o__Verrucomicrobiales; f__unclassified; g__sfA; s__unclassified; 56189; EU135543.1 gg_id:248805 tallgrass prarie soil clone FFCH18403, EU135543.1 gg_id:248805 tallgrass prarie soil clone FFCH18403,10,306.0,0.16015625,0.7315836036008729,0.07883515497553018,560.25,643.4244727575516,0.7133031738784577,0.9207147820005681,0.1111111111111111,True,1.0,11719.0,FMF,Male,Placebo-resistant (STRICT-ADAPTIVE)
18215, g__Roseburia, s__Eubacterium rectale, p__Firmicutes, c__Clostridia, o__Clostridiales, f__Lachnospiraceae,k__Bacteria; p__Firmicutes; c__Clostridia; o__Clostridiales; f__Lachnospiraceae; g__Roseburia; s__Eubacterium rectale; 18215; DQ798553.1 gg_id:198159 human fecal clone RL181_aan98b09, DQ798553.1 gg_id:198159 human fecal clone RL181_aan98b09,10,24.0,0.625,0.8184138750961605,0.07356137660773193,1007.25,670.2437801485202,0.7750513736700824,0.9376534160753778,0.08888888888888889,True,1.0,12293.5,FMF,Male,Placebo-resistant (STRICT-ADAPTIVE)
34318, g__Corynebacterium, s__unclassified, p__Actinobacteria, c__Actinobacteria, o__Actinomycetales, f__Corynebacteriaceae,k__Bacteria; p__Actinobacteria; c__Actinobacteria; o__Actinomycetales; f__Corynebacteriaceae; g__Corynebacterium; s__unclassified; 34318; GQ056289.1 gg_id:466671 Topographical and Temporal Human Skin Microbiome skin external auditory canal clone nbw1048h04c1, GQ056289.1 gg_id:466671 Topographical and Temporal Human Skin Microbiome skin external auditory canal clone nbw1048h04c1,10,9.0,0.232421875,0.7315836036008729,0.013670443515103757,60.25,125.57203821799749,0.6240539694958962,0.9002109436224224,0.12222222222222222,True,1.0,14244.0,FMF,Male,Placebo-resistant (STRICT-ADAPTIVE)
24583, g__Faecalibacterium, s__Faecalibacterium prausnitzii, p__Firmicutes, c__Clostridia, o__Clostridiales, f__Ruminococcaceae,k__Bacteria; p__Firmicutes; c__Clostridia; o__Clostridiales; f__Ruminococcaceae; g__Faecalibacterium; s__Faecalibacterium prausnitzii; 24583; DQ801536.1 gg_id:183679 human fecal clone RL388_aao96g06, DQ801536.1 gg_id:183679 human fecal clone RL388_aao96g06,10,100.0,0.76953125,0.8836442490494296,0.032327895180170624,447.75,506.26604099798925,0.9025232501776794,0.9754023282151151,-0.044444444444444446,True,1.0,14248.0,FMF,Male,Placebo-resistant (STRICT-ADAPTIVE)
25579, g__Faecalibacterium, s__unclassified, p__Firmicutes, c__Clostridia, o__Clostridiales, f__Ruminococcaceae,k__Bacteria; p__Firmicutes; c__Clostridia; o__Clostridiales; f__Ruminococcaceae; g__Faecalibacterium; s__unclassified; 25579; FJ366675.1 gg_id:367013 feces adult twins and mothers; TS27 clone TS27_a02e04, FJ366675.1 gg_id:367013 feces adult twins and mothers TS27 clone TS27_a02e04,10,23.5,1.0,1.0,0.07022332902689987,387.0,658.7568544732993,0.934896814773755,0.9928887934220945,0.022222222222222223,True,1.0,14238.5,FMF,Male,Placebo-resistant (STRICT-ADAPTIVE)
72158, g__Lactobacillus, s__Lactobacillus oeni, p__Firmicutes, c__Bacilli, o__Lactobacillales, f__Lactobacillaceae,k__Bacteria; p__Firmicutes; c__Bacilli; o__Lactobacillales; f__Lactobacillaceae; g__Lactobacillus; s__Lactobacillus oeni; 72158; EU821350.1 gg_id:538942 Lactobacillus oeni str. 103, EU821350.1 gg_id:538942 Lactobacillus oeni str. 103,10,-179.5,0.787109375,0.903385799773201,0.14495334425707485,1323.5,1227.8622802904242,0.8382564863858263,0.9581536201140475,0.06666666666666667,True,1.0,9569.0,FMF,Male,Placebo-resistant (STRICT-ADAPTIVE)
26431, g__unclassified, s__unclassified, p__Firmicutes, c__Clostridia, o__Clostridiales, f__Ruminococcaceae,k__Bacteria; p__Firmicutes; c__Clostridia; o__Clostridiales; f__Ruminococcaceae; g__unclassified; s__unclassified; 26431; EU778922.1 gg_id:306633 Black-handed Spider Monkey feces clone SPIM_aaj36g11, EU778922.1 gg_id:306633 Black-handed Spider Monkey feces clone SPIM_aaj36g11,10,56.0,0.6953125,0.848255880244983,0.06163222121321644,555.0,660.4713298883189,0.9025232501776794,0.9754023282151151,0.044444444444444446,True,1.0,12747.5,FMF,Male,Placebo-resistant (STRICT-ADAPTIVE)
47019, g__Staphylococcus, s__unclassified, p__Firmicutes, c__Bacilli, o__Bacillales, f__Staphylococcaceae,k__Bacteria; p__Firmicutes; c__Bacilli; o__Bacillales; f__Staphylococcaceae; g__Staphylococcus; s__unclassified; 47019; GQ005715.1 gg_id:503948 Topographical and Temporal Human Skin Microbiome skin external auditory canal clone nbu95h10c1, GQ005715.1 gg_id:503948 Topographical and Temporal Human Skin Microbiome skin external auditory canal clone nbu95h10c1,10,-201.0,0.76953125,0.8836442490494296,0.03355439804049236,572.25,503.86403333637537,0.967435545139537,0.9928887934220945,-0.022222222222222223,True,1.0,12105.0,FMF,Male,Placebo-resistant (STRICT-ADAPTIVE)
26285, g__Faecalibacterium, s__Faecalibacterium prausnitzii, p__Firmicutes, c__Clostridia, o__Clostridiales, f__Ruminococcaceae,k__Bacteria; p__Firmicutes; c__Clostridia; o__Clostridiales; f__Ruminococcaceae; g__Faecalibacterium; s__Faecalibacterium prausnitzii; 26285; AY975796.1 gg_id:122273 human ascending colon mucosal biopsy clone Y282, AY975796.1 gg_id:122273 human ascending colon mucosal biopsy clone Y282,10,231.0,0.431640625,0.7455067855825108,0.05694872920594347,422.5,733.7173001526769,0.6533789106936937,0.9002109436224224,0.13333333333333333,True,1.0,13533.5,FMF,Male,Placebo-resistant (STRICT-ADAPTIVE)
72269, g__Clostridium, s__unclassified, p__Firmicutes, c__Clostridia, o__Clostridiales, f__Clostridiaceae,k__Bacteria; p__Firmicutes; c__Clostridia; o__Clostridiales; f__Clostridiaceae; g__Clostridium; s__unclassified; 72269; AY167950.1 gg_id:75821 Isolation and identification hyper-ammonia producing swine storage pits manure, AY167950.1 gg_id:75821 Isolation and identification hyper-ammonia producing swine storage pits manure,10,260.5,0.10546875,0.7315836036008729,0.04761669670828418,665.0,439.1289972775654,0.7133031738784577,0.9207147820005681,0.1111111111111111,True,1.0,12514.0,FMF,Male,Placebo-resistant (STRICT-ADAPTIVE)
50159, g__Veillonella, s__Veillonella dispar, p__Firmicutes, c__Clostridia, o__Clostridiales, f__Veillonellaceae,k__Bacteria; p__Firmicutes; c__Clostridia; o__Clostridiales; f__Veillonellaceae; g__Veillonella; s__Veillonella dispar; 50159; GQ012679.1 gg_id:496988 Topographical and Temporal Human Skin Microbiome skin volar forearm clone nbw800e08c1, GQ012679.1 gg_id:496988 Topographical and Temporal Human Skin Microbiome skin volar forearm clone nbw800e08c1,10,155.0,0.232421875,0.7315836036008729,0.03149338018035738,347.75,331.95110365500784,0.7133031738784577,0.9207147820005681,0.1111111111111111,True,1.0,13054.5,FMF,Male,Placebo-resistant (STRICT-ADAPTIVE)
28215, g__unclassified, s__unclassified, p__Firmicutes, c__Clostridia, o__Clostridiales, f__Lachnospiraceae,k__Bacteria; p__Firmicutes; c__Clostridia; o__Clostridiales; f__Lachnospiraceae; g__unclassified; s__unclassified; 28215; FJ680945.1 gg_id:532188 Synecology primary and secondary habitats Escherichia coli O157:H7 fecal MARC beef cattle feedlot animal #4281 pen 301; was positive STEC O157 clone 5-4N18, FJ680945.1 gg_id:532188 Synecology primary and secondary habitats Escherichia coli O157:H7 fecal MARC beef cattle feedlot animal #4281 pen 301 was positive STEC O157 clone 5-4N18,10,-14.0,1.0,1.0,0.10259922717541134,839.75,937.5140962738759,1.0,1.0,0.0,True,1.0,10966.5,FMF,Male,Placebo-resistant (STRICT-ADAPTIVE)
50768, g__Veillonella, s__Veillonella dispar, p__Firmicutes, c__Clostridia, o__Clostridiales, f__Veillonellaceae,k__Bacteria; p__Firmicutes; c__Clostridia; o__Clostridiales; f__Veillonellaceae; g__Veillonella; s__Veillonella dispar; 50768; GQ009508.1 gg_id:500157 Topographical and Temporal Human Skin Microbiome skin plantar heel clone nbw777d06c1, GQ009508.1 gg_id:500157 Topographical and Temporal Human Skin Microbiome skin plantar heel clone nbw777d06c1,10,10.0,0.845703125,0.9248303534925827,0.1353766001548495,772.75,1303.959768883483,0.9025232501776794,0.9754023282151151,0.044444444444444446,True,1.0,11392.0,FMF,Male,Placebo-resistant (STRICT-ADAPTIVE)
67356, g__Prevotella, s__unclassified, p__Bacteroidetes, c__Bacteroidia, o__Bacteroidales, f__Prevotellaceae,k__Bacteria; p__Bacteroidetes; c__Bacteroidia; o__Bacteroidales; f__Prevotellaceae; g__Prevotella; s__unclassified; 67356; FJ685070.1 gg_id:518228 Synecology primary and secondary habitats Escherichia coli O157:H7 fecal MARC beef cattle feedlot animal #4228 pen 301; was negative STEC O157 clone 6-1P23, FJ685070.1 gg_id:518228 Synecology primary and secondary habitats Escherichia coli O157:H7 fecal MARC beef cattle feedlot animal #4228 pen 301 was negative STEC O157 clone 6-1P23,10,192.5,0.431640625,0.7455067855825108,0.06322712984745667,478.25,838.5252614130226,0.8382564863858263,0.9581536201140475,0.06666666666666667,True,1.0,13953.5,FMF,Male,Placebo-resistant (STRICT-ADAPTIVE)
2384, g__unclassified, s__unclassified, p__Proteobacteria, c__Gammaproteobacteria, o__Chromatiales, f__Ectothiorhodospiraceae,k__Bacteria; p__Proteobacteria; c__Gammaproteobacteria; o__Chromatiales; f__Ectothiorhodospiraceae; g__unclassified; s__unclassified; 2384; EF157181.1 gg_id:251900 Microbial natural asphalts rancho la brea heavy oil seeps Rancho La Brea tar pits clone 101-185, EF157181.1 gg_id:251900 Microbial natural asphalts rancho la brea heavy oil seeps Rancho La Brea tar pits clone 101-185,10,97.0,0.431640625,0.7455067855825108,0.031243939883645766,373.0,582.9244744533091,0.8382564863858263,0.9581536201140475,0.06666666666666667,True,1.0,12151.0,FMF,Male,Placebo-resistant (STRICT-ADAPTIVE)
24604, g__Faecalibacterium, s__unclassified, p__Firmicutes, c__Clostridia, o__Clostridiales, f__Ruminococcaceae,k__Bacteria; p__Firmicutes; c__Clostridia; o__Clostridiales; f__Ruminococcaceae; g__Faecalibacterium; s__unclassified; 24604; EU774095.1 gg_id:308016 Chimpanzee feces clone CHIMP1_aaj37h01, EU774095.1 gg_id:308016 Chimpanzee feces clone CHIMP1_aaj37h01,10,69.5,0.625,0.8184138750961605,0.05457337028653833,470.0,873.4578623335085,0.7750513736700824,0.9376534160753778,0.08888888888888889,True,1.0,13469.5,FMF,Male,Placebo-resistant (STRICT-ADAPTIVE)
40733, g__Actinomyces, s__unclassified, p__Actinobacteria, c__Actinobacteria, o__Actinomycetales, f__Actinomycetaceae,k__Bacteria; p__Actinobacteria; c__Actinobacteria; o__Actinomycetales; f__Actinomycetaceae; g__Actinomyces; s__unclassified; 40733; FM873536.1 gg_id:366843 occupant source house mattress dust clone MA01H12, FM873536.1 gg_id:366843 occupant source house mattress dust clone MA01H12,10,195.5,0.6953125,0.848255880244983,0.0553920326028207,896.25,567.1735692360849,0.9025232501776794,0.9754023282151151,-0.044444444444444446,True,1.0,11788.5,FMF,Male,Placebo-resistant (STRICT-ADAPTIVE)
48410, g__Pelotomaculum, s__unclassified, p__Firmicutes, c__Clostridia, o__Clostridiales, f__Peptococcaceae,k__Bacteria; p__Firmicutes; c__Clostridia; o__Clostridiales; f__Peptococcaceae; g__Pelotomaculum; s__unclassified; 48410; DQ129561.1 gg_id:138436 microarray level air two cities Texas urban aerosol clone AKIW964, DQ129561.1 gg_id:138436 microarray level air two cities Texas urban aerosol clone AKIW964,10,-196.5,0.431640625,0.7455067855825108,0.06330239348499542,980.0,575.8538409942039,0.967435545139537,0.9928887934220945,-0.022222222222222223,True,1.0,11595.0,FMF,Male,Placebo-resistant (STRICT-ADAPTIVE)
50198, g__Veillonella, s__unclassified, p__Firmicutes, c__Clostridia, o__Clostridiales, f__Veillonellaceae,k__Bacteria; p__Firmicutes; c__Clostridia; o__Clostridiales; f__Veillonellaceae; g__Veillonella; s__unclassified; 50198; EF515580.1 gg_id:218801 Electricigen Enrichment MFC full-scale anaerobic bioreactor sludge treating brewery waste clone 30e02, EF515580.1 gg_id:218801 Electricigen Enrichment MFC full-scale anaerobic bioreactor sludge treating brewery waste clone 30e02,10,118.0,0.375,0.7328566955432627,0.17447591497873033,1076.75,1341.9367664854985,0.8382564863858263,0.9581536201140475,-0.06666666666666667,True,1.0,10923.5,FMF,Male,Placebo-resistant (STRICT-ADAPTIVE)
50135, g__Dialister, s__unclassified, p__Firmicutes, c__Clostridia, o__Clostridiales, f__Veillonellaceae,k__Bacteria; p__Firmicutes; c__Clostridia; o__Clostridiales; f__Veillonellaceae; g__Dialister; s__unclassified; 50135; FJ832358.1 gg_id:593767 Microbial Ecology Crop Folivorous Hoatzin crop contents clone P1Q301_87G11, FJ832358.1 gg_id:593767 Microbial Ecology Crop Folivorous Hoatzin crop contents clone P1Q301_87G11,10,99.0,0.900390625,0.9628597924917722,0.033083247715653574,409.5,381.70520257275916,0.9674212610240318,0.9928887934220945,-0.022222222222222223,True,1.0,13767.5,FMF,Male,Placebo-resistant (STRICT-ADAPTIVE)
25598, g__Faecalibacterium, s__Faecalibacterium prausnitzii, p__Firmicutes, c__Clostridia, o__Clostridiales, f__Ruminococcaceae,k__Bacteria; p__Firmicutes; c__Clostridia; o__Clostridiales; f__Ruminococcaceae; g__Faecalibacterium; s__Faecalibacterium prausnitzii; 25598; FJ684923.1 gg_id:519030 Synecology primary and secondary habitats Escherichia coli O157:H7 fecal MARC beef cattle feedlot animal #4228 pen 301; was negative STEC O157 clone 6-1H8, FJ684923.1 gg_id:519030 Synecology primary and secondary habitats Escherichia coli O157:H7 fecal MARC beef cattle feedlot animal #4228 pen 301 was negative STEC O157 clone 6-1H8,10,42.5,0.5390625,0.7914449891791329,0.044232006176996595,349.25,652.2493268554084,0.774955307165551,0.9376534160753778,0.08888888888888889,True,1.0,13747.0,FMF,Male,Placebo-resistant (STRICT-ADAPTIVE)
25799, g__unclassified, s__unclassified, p__Firmicutes, c__Clostridia, o__Clostridiales, f__Ruminococcaceae,k__Bacteria; p__Firmicutes; c__Clostridia; o__Clostridiales; f__Ruminococcaceae; g__unclassified; s__unclassified; 25799; GQ491881.1 gg_id:586525 Effect Diet on Human Gut Microbiome: Metagenomic Humanized Gnotobiotic Mice cecal contents Mus musculus strain C57BL/6J; PM2t2 clone PM2t2_a02b06, GQ491881.1 gg_id:586525 Effect Diet on Human Gut Microbiome: Metagenomic Humanized Gnotobiotic Mice cecal contents Mus musculus strain C57BL/6J PM2t2 clone PM2t2_a02b06,10,-91.5,0.6953125,0.848255880244983,0.04483924614976246,553.0,403.8339190324546,0.7750513736700824,0.9376534160753778,0.08888888888888889,True,1.0,11952.5,FMF,Male,Placebo-resistant (STRICT-ADAPTIVE)
30210, g__Corynebacterium, s__unclassified, p__Actinobacteria, c__Actinobacteria, o__Actinomycetales, f__Corynebacteriaceae,k__Bacteria; p__Actinobacteria; c__Actinobacteria; o__Actinomycetales; f__Corynebacteriaceae; g__Corynebacterium; s__unclassified; 30210; GQ046892.1 gg_id:437523 Topographical and Temporal Human Skin Microbiome skin gluteal crease clone nbw1006a10c1, GQ046892.1 gg_id:437523 Topographical and Temporal Human Skin Microbiome skin gluteal crease clone nbw1006a10c1,10,33.0,0.375,0.7328566955432627,0.010325614193187496,84.75,112.415420892529,0.967435545139537,0.9928887934220945,-0.022222222222222223,True,1.0,12305.5,FMF,Male,Placebo-resistant (STRICT-ADAPTIVE)
50569, g__Veillonella, s__unclassified, p__Firmicutes, c__Clostridia, o__Clostridiales, f__Veillonellaceae,k__Bacteria; p__Firmicutes; c__Clostridia; o__Clostridiales; f__Veillonellaceae; g__Veillonella; s__unclassified; 50569; GQ114846.1 gg_id:374291 Topographical and Temporal Human Skin Microbiome skin interdigital web space clone nbw684a11c1, GQ114846.1 gg_id:374291 Topographical and Temporal Human Skin Microbiome skin interdigital web space clone nbw684a11c1,10,98.5,0.556640625,0.7914449891791329,0.10837515483151343,607.5,992.5143909373695,0.7133031738784577,0.9207147820005681,0.1111111111111111,True,1.0,12513.0,FMF,Male,Placebo-resistant (STRICT-ADAPTIVE)
24683, g__Faecalibacterium, s__unclassified, p__Firmicutes, c__Clostridia, o__Clostridiales, f__Ruminococcaceae,k__Bacteria; p__Firmicutes; c__Clostridia; o__Clostridiales; f__Ruminococcaceae; g__Faecalibacterium; s__unclassified; 24683; FJ678239.1 gg_id:524423 Synecology primary and secondary habitats Escherichia coli O157:H7 fecal MARC beef cattle feedlot animal #4017 pen 301; was positive STEC O157 clone 4-4J21, FJ678239.1 gg_id:524423 Synecology primary and secondary habitats Escherichia coli O157:H7 fecal MARC beef cattle feedlot animal #4017 pen 301 was positive STEC O157 clone 4-4J21,10,354.0,0.322265625,0.7315836036008729,0.0825972997320989,385.25,1238.2696706470867,0.8382564863858263,0.9581536201140475,-0.06666666666666667,True,1.0,11964.0,FMF,Male,Placebo-resistant (STRICT-ADAPTIVE)
26915, g__Ruminococcus, s__unclassified, p__Firmicutes, c__Clostridia, o__Clostridiales, f__Ruminococcaceae,k__Bacteria; p__Firmicutes; c__Clostridia; o__Clostridiales; f__Ruminococcaceae; g__Ruminococcus; s__unclassified; 26915; DQ808310.1 gg_id:195868 human fecal clone RL180_aao75b04, DQ808310.1 gg_id:195868 human fecal clone RL180_aao75b04,10,-95.0,0.556640625,0.7914449891791329,0.11982484772912445,944.0,611.9870308030319,0.9025232501776794,0.9754023282151151,-0.044444444444444446,True,1.0,5896.0,FMF,Male,Placebo-resistant (STRICT-ADAPTIVE)
