taxon,Genus,Species,Phylum,Class,Order,Family,Lineage,rep_gene,n_pairs_H,median_delta_H,p_H,p_H_adj,q80_rel_H,iqr_H,sd_H,p_PH,p_PH_adj,cliffs_delta_PH,HL_H_ok_adapt,prev_baseline_H,median_a_H,Cohort,Sex,Status
42123, g__Streptosporangium, s__unclassified, p__Actinobacteria, c__Actinobacteria, o__Actinomycetales, f__Streptosporangiaceae,k__Bacteria; p__Actinobacteria; c__Actinobacteria; o__Actinomycetales; f__Streptosporangiaceae; g__Streptosporangium; s__unclassified; 42123; AF191733.1 gg_id:12095 Streptosporangium sp. str. 11007, AF191733.1 gg_id:12095 Streptosporangium sp. str. 11007,9,55.0,1.0,1.0,0.07842905792285713,642.0,535.2093001600194,0.7750513736700824,0.9376534160753778,0.08888888888888889,True,1.0,9500.0,Healthy,Male,Placebo-resistant (STRICT-ADAPTIVE)
4836, g__Salmonella, s__Salmonella enterica, p__Proteobacteria, c__Gammaproteobacteria, o__Enterobacteriales, f__Enterobacteriaceae,k__Bacteria; p__Proteobacteria; c__Gammaproteobacteria; o__Enterobacteriales; f__Enterobacteriaceae; g__Salmonella; s__Salmonella enterica; 4836; EF604237.1 gg_id:227737 Salmonella typhimurium Exploits Inflammation Compete Intestinal Microbiota mouse cecum clone 16saw14-01f08.w2k926r, EF604237.1 gg_id:227737 Salmonella typhimurium Exploits Inflammation Compete Intestinal Microbiota mouse cecum clone 16saw14-01f08.w2k926r,9,21.0,0.91015625,1.0,0.05997358374092532,923.0,586.5680378078725,0.9025232501776794,0.9754023282151151,0.044444444444444446,True,1.0,12438.0,Healthy,Male,Placebo-resistant (STRICT-ADAPTIVE)
26831, g__Ruminococcus, s__unclassified, p__Firmicutes, c__Clostridia, o__Clostridiales, f__Ruminococcaceae,k__Bacteria; p__Firmicutes; c__Clostridia; o__Clostridiales; f__Ruminococcaceae; g__Ruminococcus; s__unclassified; 26831; DQ801034.1 gg_id:182668 human fecal clone RL387_aao91c01, DQ801034.1 gg_id:182668 human fecal clone RL387_aao91c01,9,-293.0,1.0,1.0,0.09412278149670353,922.0,1257.3713491425053,0.7750513736700824,0.9376534160753778,0.08888888888888889,True,1.0,12629.0,Healthy,Male,Placebo-resistant (STRICT-ADAPTIVE)
30706, g__Corynebacterium, s__unclassified, p__Actinobacteria, c__Actinobacteria, o__Actinomycetales, f__Corynebacteriaceae,k__Bacteria; p__Actinobacteria; c__Actinobacteria; o__Actinomycetales; f__Corynebacteriaceae; g__Corynebacterium; s__unclassified; 30706; GQ029398.1 gg_id:452300 Topographical and Temporal Human Skin Microbiome skin occiput clone nbw925e11c1, GQ029398.1 gg_id:452300 Topographical and Temporal Human Skin Microbiome skin occiput clone nbw925e11c1,9,-90.0,1.0,1.0,0.027240176567675262,257.0,282.9724998024445,0.9025232501776794,0.9754023282151151,-0.044444444444444446,True,1.0,12967.0,Healthy,Male,Placebo-resistant (STRICT-ADAPTIVE)
26317, g__Faecalibacterium, s__Faecalibacterium prausnitzii, p__Firmicutes, c__Clostridia, o__Clostridiales, f__Ruminococcaceae,k__Bacteria; p__Firmicutes; c__Clostridia; o__Clostridiales; f__Ruminococcaceae; g__Faecalibacterium; s__Faecalibacterium prausnitzii; 26317; DQ800929.1 gg_id:181459 human fecal clone RL387_aao89d11, DQ800929.1 gg_id:181459 human fecal clone RL387_aao89d11,9,-12.0,0.8203125,1.0,0.03150551668190963,661.0,421.35969479768704,0.7750513736700824,0.9376534160753778,-0.08888888888888889,True,1.0,13948.0,Healthy,Male,Placebo-resistant (STRICT-ADAPTIVE)
50107, g__Dialister, s__Dialister invisus, p__Firmicutes, c__Clostridia, o__Clostridiales, f__Veillonellaceae,k__Bacteria; p__Firmicutes; c__Clostridia; o__Clostridiales; f__Veillonellaceae; g__Dialister; s__Dialister invisus; 50107; GQ047238.1 gg_id:466398 Topographical and Temporal Human Skin Microbiome skin buttock clone nbw1010d04c1, GQ047238.1 gg_id:466398 Topographical and Temporal Human Skin Microbiome skin buttock clone nbw1010d04c1,9,-91.0,0.8203125,1.0,0.06014172585203817,809.0,562.8222248632333,0.967435545139537,0.9928887934220945,0.022222222222222223,True,1.0,13775.0,Healthy,Male,Placebo-resistant (STRICT-ADAPTIVE)
37376, g__Corynebacterium, s__unclassified, p__Actinobacteria, c__Actinobacteria, o__Actinomycetales, f__Corynebacteriaceae,k__Bacteria; p__Actinobacteria; c__Actinobacteria; o__Actinomycetales; f__Corynebacteriaceae; g__Corynebacterium; s__unclassified; 37376; FM873770.1 gg_id:358127 occupant source house mattress dust clone MA04D05, FM873770.1 gg_id:358127 occupant source house mattress dust clone MA04D05,9,-304.0,0.734375,1.0,0.03789009255828657,676.0,431.43695751651956,0.6533789106936937,0.9002109436224224,0.13333333333333333,True,1.0,13509.0,Healthy,Male,Placebo-resistant (STRICT-ADAPTIVE)
25154, g__Faecalibacterium, s__unclassified, p__Firmicutes, c__Clostridia, o__Clostridiales, f__Ruminococcaceae,k__Bacteria; p__Firmicutes; c__Clostridia; o__Clostridiales; f__Ruminococcaceae; g__Faecalibacterium; s__unclassified; 25154; FJ684396.1 gg_id:531731 Synecology primary and secondary habitats Escherichia coli O157:H7 fecal MARC beef cattle feedlot animal #4228 pen 301; was negative STEC O157 clone 6-4L1, FJ684396.1 gg_id:531731 Synecology primary and secondary habitats Escherichia coli O157:H7 fecal MARC beef cattle feedlot animal #4228 pen 301 was negative STEC O157 clone 6-4L1,9,263.0,0.515625,1.0,0.12899552661545463,851.0,1108.7945138953585,0.8382564863858263,0.9581536201140475,0.06666666666666667,True,1.0,12444.0,Healthy,Male,Placebo-resistant (STRICT-ADAPTIVE)
9117, g__Diaphorobacter, s__unclassified, p__Proteobacteria, c__Betaproteobacteria, o__Burkholderiales, f__Comamonadaceae,k__Bacteria; p__Proteobacteria; c__Betaproteobacteria; o__Burkholderiales; f__Comamonadaceae; g__Diaphorobacter; s__unclassified; 9117; GQ105786.1 gg_id:461385 Topographical and Temporal Human Skin Microbiome skin axillary vault clone nbw576c10c1, GQ105786.1 gg_id:461385 Topographical and Temporal Human Skin Microbiome skin axillary vault clone nbw576c10c1,9,121.0,0.91015625,1.0,0.061344047547198015,824.0,538.2122078800434,0.9025232501776794,0.9754023282151151,0.044444444444444446,True,1.0,11329.0,Healthy,Male,Placebo-resistant (STRICT-ADAPTIVE)
56360, g__Akkermansia, s__Akkermansia muciniphila, p__Verrucomicrobia, c__Verrucomicrobiae, o__Verrucomicrobiales, f__Verrucomicrobiaceae,k__Bacteria; p__Verrucomicrobia; c__Verrucomicrobiae; o__Verrucomicrobiales; f__Verrucomicrobiaceae; g__Akkermansia; s__Akkermansia muciniphila; 56360; DQ805361.1 gg_id:180315 human fecal clone RL203_aai61f09, DQ805361.1 gg_id:180315 human fecal clone RL203_aai61f09,9,575.0,1.0,1.0,0.10924510884330817,1675.0,1208.6057285980405,0.9025232501776794,0.9754023282151151,0.044444444444444446,True,1.0,11129.0,Healthy,Male,Placebo-resistant (STRICT-ADAPTIVE)
17742, g__Roseburia, s__Eubacterium rectale, p__Firmicutes, c__Clostridia, o__Clostridiales, f__Lachnospiraceae,k__Bacteria; p__Firmicutes; c__Clostridia; o__Clostridiales; f__Lachnospiraceae; g__Roseburia; s__Eubacterium rectale; 17742; FJ364641.1 gg_id:367198 feces adult twins and mothers; TS19 clone TS19_a01d01, FJ364641.1 gg_id:367198 feces adult twins and mothers TS19 clone TS19_a01d01,9,-22.0,0.359375,1.0,0.05784007560230592,955.0,682.2823196041683,0.8382564863858263,0.9581536201140475,0.06666666666666667,True,1.0,13863.0,Healthy,Male,Placebo-resistant (STRICT-ADAPTIVE)
29861, g__Corynebacterium, s__unclassified, p__Actinobacteria, c__Actinobacteria, o__Actinomycetales, f__Corynebacteriaceae,k__Bacteria; p__Actinobacteria; c__Actinobacteria; o__Actinomycetales; f__Corynebacteriaceae; g__Corynebacterium; s__unclassified; 29861; GQ037107.1 gg_id:390130 Topographical and Temporal Human Skin Microbiome skin occiput clone nbu388h11c1, GQ037107.1 gg_id:390130 Topographical and Temporal Human Skin Microbiome skin occiput clone nbu388h11c1,9,-49.0,0.8203125,1.0,0.022577902265958686,317.0,328.98336378066966,0.8382564863858263,0.9581536201140475,0.06666666666666667,True,1.0,13736.0,Healthy,Male,Placebo-resistant (STRICT-ADAPTIVE)
15014, g__unclassified, s__unclassified, p__Proteobacteria, c__Betaproteobacteria, o__Burkholderiales, f__Alcaligenaceae,k__Bacteria; p__Proteobacteria; c__Betaproteobacteria; o__Burkholderiales; f__Alcaligenaceae; g__unclassified; s__unclassified; 15014; EF096018.1 gg_id:189188 mouse cecum clone lean2_aaa02b05, EF096018.1 gg_id:189188 mouse cecum clone lean2_aaa02b05,9,91.0,0.65234375,1.0,0.12687018459378857,1678.0,1219.3774882473615,1.0,1.0,0.0,True,1.0,11189.0,Healthy,Male,Placebo-resistant (STRICT-ADAPTIVE)
67207, g__Prevotella, s__unclassified, p__Bacteroidetes, c__Bacteroidia, o__Bacteroidales, f__Prevotellaceae,k__Bacteria; p__Bacteroidetes; c__Bacteroidia; o__Bacteroidales; f__Prevotellaceae; g__Prevotella; s__unclassified; 67207; GQ491487.1 gg_id:582564 Effect Diet on Human Gut Microbiome: Metagenomic Humanized Gnotobiotic Mice cecal contents Mus musculus strain C57BL/6J; PM3 clone PM3_a04e09, GQ491487.1 gg_id:582564 Effect Diet on Human Gut Microbiome: Metagenomic Humanized Gnotobiotic Mice cecal contents Mus musculus strain C57BL/6J PM3 clone PM3_a04e09,9,-45.0,0.8203125,1.0,0.09900047250500933,1303.0,1059.342591883182,0.6533789106936937,0.9002109436224224,0.13333333333333333,True,1.0,13647.0,Healthy,Male,Placebo-resistant (STRICT-ADAPTIVE)
71684, g__sfA, s__unclassified, p__Tenericutes, c__Mollicutes, o__RF39, f__unclassified,k__Bacteria; p__Tenericutes; c__Mollicutes; o__RF39; f__unclassified; g__sfA; s__unclassified; 71684; FJ440078.1 gg_id:567506 Megamonas hypermegale colonization correlates Campylobacter jejuni exclusion poultry cecal microbiota clone ABXD_V9, FJ440078.1 gg_id:567506 Megamonas hypermegale colonization correlates Campylobacter jejuni exclusion poultry cecal microbiota clone ABXD_V9,9,-346.0,0.734375,1.0,0.13715334790757439,1300.0,1336.104305509117,0.6533789106936937,0.9002109436224224,0.13333333333333333,True,1.0,13061.0,Healthy,Male,Placebo-resistant (STRICT-ADAPTIVE)
5362, g__Serratia, s__unclassified, p__Proteobacteria, c__Gammaproteobacteria, o__Enterobacteriales, f__Enterobacteriaceae,k__Bacteria; p__Proteobacteria; c__Gammaproteobacteria; o__Enterobacteriales; f__Enterobacteriaceae; g__Serratia; s__unclassified; 5362; AM696788.1 gg_id:222984 sequencing libraries indoor dust clone BF0001A075, AM696788.1 gg_id:222984 sequencing libraries indoor dust clone BF0001A075,9,-122.0,0.65234375,1.0,0.1946936410848215,3736.0,1732.8020661345022,0.7750513736700824,0.9376534160753778,0.08888888888888889,True,1.0,11123.0,Healthy,Male,Placebo-resistant (STRICT-ADAPTIVE)
16149, g__Succinivibrio, s__unclassified, p__Proteobacteria, c__Gammaproteobacteria, o__Aeromonadales, f__Succinivibrionaceae,k__Bacteria; p__Proteobacteria; c__Gammaproteobacteria; o__Aeromonadales; f__Succinivibrionaceae; g__Succinivibrio; s__unclassified; 16149; FJ676890.1 gg_id:530694 Synecology primary and secondary habitats Escherichia coli O157:H7 fecal MARC beef cattle feedlot animal #4225 pen 301; was negative STEC O157 clone 3-8O8, FJ676890.1 gg_id:530694 Synecology primary and secondary habitats Escherichia coli O157:H7 fecal MARC beef cattle feedlot animal #4225 pen 301 was negative STEC O157 clone 3-8O8,9,275.0,0.5703125,1.0,0.07433995516612574,1067.0,1283.179265262652,0.8382564863858263,0.9581536201140475,0.06666666666666667,True,1.0,10842.0,Healthy,Male,Placebo-resistant (STRICT-ADAPTIVE)
67914, g__Prevotella, s__unclassified, p__Bacteroidetes, c__Bacteroidia, o__Bacteroidales, f__Prevotellaceae,k__Bacteria; p__Bacteroidetes; c__Bacteroidia; o__Bacteroidales; f__Prevotellaceae; g__Prevotella; s__unclassified; 67914; DQ801086.1 gg_id:192723 human fecal clone RL387_aao91h11, DQ801086.1 gg_id:192723 human fecal clone RL387_aao91h11,9,-269.0,0.8203125,1.0,0.24255893265890646,2117.0,1973.7368229607284,0.8382564863858263,0.9581536201140475,0.06666666666666667,True,1.0,12262.0,Healthy,Male,Placebo-resistant (STRICT-ADAPTIVE)
5548, g__Salmonella, s__Salmonella enterica, p__Proteobacteria, c__Gammaproteobacteria, o__Enterobacteriales, f__Enterobacteriaceae,k__Bacteria; p__Proteobacteria; c__Gammaproteobacteria; o__Enterobacteriales; f__Enterobacteriaceae; g__Salmonella; s__Salmonella enterica; 5548; EF604417.1 gg_id:234591 Salmonella typhimurium Exploits Inflammation Compete Intestinal Microbiota mouse cecum clone 16saw49-2c06.p1k, EF604417.1 gg_id:234591 Salmonella typhimurium Exploits Inflammation Compete Intestinal Microbiota mouse cecum clone 16saw49-2c06.p1k,9,174.0,0.65234375,1.0,0.11979470636191525,1474.0,1159.3860697417022,0.8382564863858263,0.9581536201140475,0.06666666666666667,True,1.0,11298.0,Healthy,Male,Placebo-resistant (STRICT-ADAPTIVE)
25287, g__Faecalibacterium, s__unclassified, p__Firmicutes, c__Clostridia, o__Clostridiales, f__Ruminococcaceae,k__Bacteria; p__Firmicutes; c__Clostridia; o__Clostridiales; f__Ruminococcaceae; g__Faecalibacterium; s__unclassified; 25287; DQ804507.1 gg_id:186014 human fecal clone RL187_aao69a03, DQ804507.1 gg_id:186014 human fecal clone RL187_aao69a03,9,17.0,1.0,1.0,0.04254563306592209,444.0,573.1518625983867,0.8382564863858263,0.9581536201140475,0.06666666666666667,True,1.0,13661.0,Healthy,Male,Placebo-resistant (STRICT-ADAPTIVE)
26551, g__Faecalibacterium, s__Faecalibacterium prausnitzii, p__Firmicutes, c__Clostridia, o__Clostridiales, f__Ruminococcaceae,k__Bacteria; p__Firmicutes; c__Clostridia; o__Clostridiales; f__Ruminococcaceae; g__Faecalibacterium; s__Faecalibacterium prausnitzii; 26551; FJ362934.1 gg_id:356892 feces adult twins and mothers; TS13 clone TS13_a04h10, FJ362934.1 gg_id:356892 feces adult twins and mothers TS13 clone TS13_a04h10,9,-39.0,1.0,1.0,0.09647512248843787,759.0,778.6729061108465,0.7133031738784577,0.9207147820005681,0.1111111111111111,True,1.0,13086.0,Healthy,Male,Placebo-resistant (STRICT-ADAPTIVE)
56592, g__Desulfovibrio, s__Desulfovibrio magneticus, p__Proteobacteria, c__Deltaproteobacteria, o__Desulfovibrionales, f__Desulfovibrionaceae,k__Bacteria; p__Proteobacteria; c__Deltaproteobacteria; o__Desulfovibrionales; f__Desulfovibrionaceae; g__Desulfovibrio; s__Desulfovibrio magneticus; 56592; AP010904.1 gg_id:384156 Desulfovibrio magneticus str. RS-1, AP010904.1 gg_id:384156 Desulfovibrio magneticus str. RS-1,9,45.0,0.5703125,1.0,0.09992322239501066,649.0,753.8033611257279,0.8382564863858263,0.9581536201140475,0.06666666666666667,True,1.0,10933.0,Healthy,Male,Placebo-resistant (STRICT-ADAPTIVE)
51414, g__sfB, s__unclassified, p__Acidobacteria, c__Chloracidobacteria, o__unclassified, f__unclassified,k__Bacteria; p__Acidobacteria; c__Chloracidobacteria; o__unclassified; f__unclassified; g__sfB; s__unclassified; 51414; FJ466180.1 gg_id:566535 and carbon monoxide-oxidizing across successional on recent Hawaiian 1959 Kilauea volcanic deposit clone C21, FJ466180.1 gg_id:566535 and carbon monoxide-oxidizing across successional on recent Hawaiian 1959 Kilauea volcanic deposit clone C21,9,271.0,0.42578125,1.0,0.08010791362144717,835.0,836.7701197129618,0.7133031738784577,0.9207147820005681,-0.1111111111111111,True,1.0,12145.0,Healthy,Male,Placebo-resistant (STRICT-ADAPTIVE)
67863, g__Prevotella, s__unclassified, p__Bacteroidetes, c__Bacteroidia, o__Bacteroidales, f__Prevotellaceae,k__Bacteria; p__Bacteroidetes; c__Bacteroidia; o__Bacteroidales; f__Prevotellaceae; g__Prevotella; s__unclassified; 67863; GQ491551.1 gg_id:570360 Effect Diet on Human Gut Microbiome: Metagenomic Humanized Gnotobiotic Mice cecal contents Mus musculus strain C57BL/6J; PM1 clone PM1_a04e05, GQ491551.1 gg_id:570360 Effect Diet on Human Gut Microbiome: Metagenomic Humanized Gnotobiotic Mice cecal contents Mus musculus strain C57BL/6J PM1 clone PM1_a04e05,9,-81.0,0.91015625,1.0,0.06989831534959777,779.0,980.0514184016628,0.7133031738784577,0.9207147820005681,0.1111111111111111,True,1.0,12950.0,Healthy,Male,Placebo-resistant (STRICT-ADAPTIVE)
50947, g__Veillonella, s__Veillonella parvula, p__Firmicutes, c__Clostridia, o__Clostridiales, f__Veillonellaceae,k__Bacteria; p__Firmicutes; c__Clostridia; o__Clostridiales; f__Veillonellaceae; g__Veillonella; s__Veillonella parvula; 50947; FJ557333.1 gg_id:518743 Survey Approach Assess Endotracheal Tube Biofilms and their Origins biofilm extubated endotracheal tube ICU patient clone ET_B_3c08, FJ557333.1 gg_id:518743 Survey Approach Assess Endotracheal Tube Biofilms and their Origins biofilm extubated endotracheal tube ICU patient clone ET_B_3c08,9,330.0,0.5703125,1.0,0.08510019638696961,1582.0,1062.3342797401915,1.0,1.0,0.0,True,1.0,11826.0,Healthy,Male,Placebo-resistant (STRICT-ADAPTIVE)
68737, g__Candidatus Azobacteroides, s__unclassified, p__Bacteroidetes, c__Bacteroidia, o__Bacteroidales, f__Porphyromonadaceae,k__Bacteria; p__Bacteroidetes; c__Bacteroidia; o__Bacteroidales; f__Porphyromonadaceae; g__Candidatus Azobacteroides; s__unclassified; 68737; AB299533.1 gg_id:243363 Motility Symbiont Termite Gut Flagellate Caduceia versatilis Member 'Synergistes' Group termite gut homogenate clone Cc3-005, AB299533.1 gg_id:243363 Motility Symbiont Termite Gut Flagellate Caduceia versatilis Member 'Synergistes' Group termite gut homogenate clone Cc3-005,9,250.0,0.1640625,1.0,0.11712564177297491,1021.0,807.0150069925039,0.967435545139537,0.9928887934220945,0.022222222222222223,True,1.0,9345.0,Healthy,Male,Placebo-resistant (STRICT-ADAPTIVE)
28317, g__unclassified, s__unclassified, p__Firmicutes, c__Clostridia, o__Clostridiales, f__Lachnospiraceae,k__Bacteria; p__Firmicutes; c__Clostridia; o__Clostridiales; f__Lachnospiraceae; g__unclassified; s__unclassified; 28317; EU381964.1 gg_id:272169 Rumen eubacterial implicates Bacteroidetes major phylum rumen particulate phase fistulated Holstein heifer clone P5_C05, EU381964.1 gg_id:272169 Rumen eubacterial implicates Bacteroidetes major phylum rumen particulate phase fistulated Holstein heifer clone P5_C05,9,-187.0,0.8203125,1.0,0.154332634336964,1807.0,1070.8473636849983,0.8382564863858263,0.9581536201140475,-0.06666666666666667,True,1.0,11044.0,Healthy,Male,Placebo-resistant (STRICT-ADAPTIVE)
45998, g__Staphylococcus, s__Staphylococcus epidermidis, p__Firmicutes, c__Bacilli, o__Bacillales, f__Staphylococcaceae,k__Bacteria; p__Firmicutes; c__Bacilli; o__Bacillales; f__Staphylococcaceae; g__Staphylococcus; s__Staphylococcus epidermidis; 45998; GQ002082.1 gg_id:507580 Topographical and Temporal Human Skin Microbiome skin axillary vault clone nbu167e01c1, GQ002082.1 gg_id:507580 Topographical and Temporal Human Skin Microbiome skin axillary vault clone nbu167e01c1,9,39.0,1.0,1.0,0.04695220104849602,806.0,536.8077111964767,0.967435545139537,0.9928887934220945,0.022222222222222223,True,1.0,13132.0,Healthy,Male,Placebo-resistant (STRICT-ADAPTIVE)
19663, g__Lachnospira, s__unclassified, p__Firmicutes, c__Clostridia, o__Clostridiales, f__Lachnospiraceae,k__Bacteria; p__Firmicutes; c__Clostridia; o__Clostridiales; f__Lachnospiraceae; g__Lachnospira; s__unclassified; 19663; DQ806710.1 gg_id:199421 human fecal clone RL186_aao47g12, DQ806710.1 gg_id:199421 human fecal clone RL186_aao47g12,9,-37.0,0.734375,1.0,0.09207383519639428,1396.0,878.5986764792622,0.8382564863858263,0.9581536201140475,0.06666666666666667,True,1.0,12789.0,Healthy,Male,Placebo-resistant (STRICT-ADAPTIVE)
67383, g__Prevotella, s__unclassified, p__Bacteroidetes, c__Bacteroidia, o__Bacteroidales, f__Prevotellaceae,k__Bacteria; p__Bacteroidetes; c__Bacteroidia; o__Bacteroidales; f__Prevotellaceae; g__Prevotella; s__unclassified; 67383; GQ493799.1 gg_id:560836 Effect Diet on Human Gut Microbiome: Metagenomic Humanized Gnotobiotic Mice cecal contents Mus musculus strain C57BL/6J; PM9 clone PM9_a02e07, GQ493799.1 gg_id:560836 Effect Diet on Human Gut Microbiome: Metagenomic Humanized Gnotobiotic Mice cecal contents Mus musculus strain C57BL/6J PM9 clone PM9_a02e07,9,101.0,0.734375,1.0,0.11166791537106642,1270.0,1412.9983681519238,0.7750513736700824,0.9376534160753778,0.08888888888888889,True,1.0,13697.0,Healthy,Male,Placebo-resistant (STRICT-ADAPTIVE)
55309, g__Akkermansia, s__unclassified, p__Verrucomicrobia, c__Verrucomicrobiae, o__Verrucomicrobiales, f__Verrucomicrobiaceae,k__Bacteria; p__Verrucomicrobia; c__Verrucomicrobiae; o__Verrucomicrobiales; f__Verrucomicrobiaceae; g__Akkermansia; s__unclassified; 55309; EU006176.1 gg_id:255048 Salmonella enterica serovar typhimurium exploits inflammation compete intestinal microbiota fecal clone 16saw20-1g03.p1k, EU006176.1 gg_id:255048 Salmonella enterica serovar typhimurium exploits inflammation compete intestinal microbiota fecal clone 16saw20-1g03.p1k,9,472.0,0.5703125,1.0,0.13573524770477982,1255.0,1175.3355913005348,0.6533789106936937,0.9002109436224224,0.13333333333333333,True,1.0,12866.0,Healthy,Male,Placebo-resistant (STRICT-ADAPTIVE)
67621, g__Prevotella, s__unclassified, p__Bacteroidetes, c__Bacteroidia, o__Bacteroidales, f__Prevotellaceae,k__Bacteria; p__Bacteroidetes; c__Bacteroidia; o__Bacteroidales; f__Prevotellaceae; g__Prevotella; s__unclassified; 67621; FJ679778.1 gg_id:528866 Synecology primary and secondary habitats Escherichia coli O157:H7 fecal MARC beef cattle feedlot animal #4017 pen 301; was positive STEC O157 clone 4-2P4, FJ679778.1 gg_id:528866 Synecology primary and secondary habitats Escherichia coli O157:H7 fecal MARC beef cattle feedlot animal #4017 pen 301 was positive STEC O157 clone 4-2P4,9,-139.0,1.0,1.0,0.1677592072536557,1753.0,1226.9927686828478,0.6533789106936937,0.9002109436224224,0.13333333333333333,True,1.0,13103.0,Healthy,Male,Placebo-resistant (STRICT-ADAPTIVE)
24819, g__Faecalibacterium, s__Faecalibacterium prausnitzii, p__Firmicutes, c__Clostridia, o__Clostridiales, f__Ruminococcaceae,k__Bacteria; p__Firmicutes; c__Clostridia; o__Clostridiales; f__Ruminococcaceae; g__Faecalibacterium; s__Faecalibacterium prausnitzii; 24819; FJ676481.1 gg_id:509521 Synecology primary and secondary habitats Escherichia coli O157:H7 fecal MARC beef cattle feedlot animal #4225 pen 301; was negative STEC O157 clone 3-7J13, FJ676481.1 gg_id:509521 Synecology primary and secondary habitats Escherichia coli O157:H7 fecal MARC beef cattle feedlot animal #4225 pen 301 was negative STEC O157 clone 3-7J13,9,-59.0,0.65234375,1.0,0.060023788243139434,553.0,844.9965563111946,1.0,1.0,0.0,True,1.0,12485.0,Healthy,Male,Placebo-resistant (STRICT-ADAPTIVE)
1083, g__unclassified, s__unclassified, p__Proteobacteria, c__Gammaproteobacteria, o__Chromatiales, f__Chromatiaceae,k__Bacteria; p__Proteobacteria; c__Gammaproteobacteria; o__Chromatiales; f__Chromatiaceae; g__unclassified; s__unclassified; 1083; AY225634.1 gg_id:95183 Mid-Atlantic Ridge hydrothermal sediment clone AT-s26, AY225634.1 gg_id:95183 Mid-Atlantic Ridge hydrothermal sediment clone AT-s26,9,411.0,0.203125,1.0,0.07608188342616157,863.0,680.1570036722729,0.9025232501776794,0.9754023282151151,-0.044444444444444446,True,1.0,12041.0,Healthy,Male,Placebo-resistant (STRICT-ADAPTIVE)
27346, g__unclassified, s__unclassified, p__Firmicutes, c__Clostridia, o__Clostridiales, f__Lachnospiraceae,k__Bacteria; p__Firmicutes; c__Clostridia; o__Clostridiales; f__Lachnospiraceae; g__unclassified; s__unclassified; 27346; DQ796105.1 gg_id:174738 human fecal clone RL202_aai51e12, DQ796105.1 gg_id:174738 human fecal clone RL202_aai51e12,9,-201.0,0.65234375,1.0,0.10131123746011446,1129.0,968.5203064010126,0.7750513736700824,0.9376534160753778,0.08888888888888889,True,1.0,12310.0,Healthy,Male,Placebo-resistant (STRICT-ADAPTIVE)
50707, g__Veillonella, s__unclassified, p__Firmicutes, c__Clostridia, o__Clostridiales, f__Veillonellaceae,k__Bacteria; p__Firmicutes; c__Clostridia; o__Clostridiales; f__Veillonellaceae; g__Veillonella; s__unclassified; 50707; GQ005607.1 gg_id:504056 Topographical and Temporal Human Skin Microbiome skin external auditory canal clone nbu94f03c1, GQ005607.1 gg_id:504056 Topographical and Temporal Human Skin Microbiome skin external auditory canal clone nbu94f03c1,9,71.0,0.65234375,1.0,0.06207319943979972,662.0,619.4795886154049,0.967435545139537,0.9928887934220945,0.022222222222222223,True,1.0,13318.0,Healthy,Male,Placebo-resistant (STRICT-ADAPTIVE)
25330, g__Faecalibacterium, s__unclassified, p__Firmicutes, c__Clostridia, o__Clostridiales, f__Ruminococcaceae,k__Bacteria; p__Firmicutes; c__Clostridia; o__Clostridiales; f__Ruminococcaceae; g__Faecalibacterium; s__unclassified; 25330; DQ797650.1 gg_id:192042 human fecal clone RL206_aaj14c03, DQ797650.1 gg_id:192042 human fecal clone RL206_aaj14c03,9,76.0,0.734375,1.0,0.02061753504824347,288.0,522.5425962009647,1.0,1.0,0.0,True,1.0,13682.0,Healthy,Male,Placebo-resistant (STRICT-ADAPTIVE)
49564, g__unclassified, s__unclassified, p__Firmicutes, c__Clostridia, o__Clostridiales, f__Lachnospiraceae,k__Bacteria; p__Firmicutes; c__Clostridia; o__Clostridiales; f__Lachnospiraceae; g__unclassified; s__unclassified; 49564; GU455260.1 gg_id:523387 Understanding short-chain fatty acids accumulation enhanced alkaline digestion: kinetics microbiology anaerobic fermentation reactor waste activated sludge thermophilic and pH 8.0 clone thermophilic_alkaline-20, GU455260.1 gg_id:523387 Understanding short-chain fatty acids accumulation enhanced alkaline digestion: kinetics microbiology anaerobic fermentation reactor waste activated sludge thermophilic and pH 8.0 clone thermophilic_alkaline-20,9,239.0,0.25,1.0,0.04089858241288422,571.0,477.6019108001977,0.7131829113892982,0.9207147820005681,-0.1111111111111111,True,1.0,13176.0,Healthy,Male,Placebo-resistant (STRICT-ADAPTIVE)
19554, g__Clostridium, s__unclassified, p__Firmicutes, c__Clostridia, o__Clostridiales, f__Lachnospiraceae,k__Bacteria; p__Firmicutes; c__Clostridia; o__Clostridiales; f__Lachnospiraceae; g__Clostridium; s__unclassified; 19554; EU767569.1 gg_id:311176 Pervasive effects antibiotic on human gut microbiota deep sequencing fecal clone C3_426, EU767569.1 gg_id:311176 Pervasive effects antibiotic on human gut microbiota deep sequencing fecal clone C3_426,9,89.0,0.91015625,1.0,0.08567123702764724,1411.0,1044.6095320262016,0.8382564863858263,0.9581536201140475,0.06666666666666667,True,1.0,11813.0,Healthy,Male,Placebo-resistant (STRICT-ADAPTIVE)
55473, g__Akkermansia, s__unclassified, p__Verrucomicrobia, c__Verrucomicrobiae, o__Verrucomicrobiales, f__Verrucomicrobiaceae,k__Bacteria; p__Verrucomicrobia; c__Verrucomicrobiae; o__Verrucomicrobiales; f__Verrucomicrobiaceae; g__Akkermansia; s__unclassified; 55473; DQ823974.1 gg_id:179397 human fecal clone RL204_aaj57f06, DQ823974.1 gg_id:179397 human fecal clone RL204_aaj57f06,9,90.0,0.5703125,1.0,0.14886162435693107,1200.0,982.7808877759974,0.9025232501776794,0.9754023282151151,-0.044444444444444446,True,1.0,8005.0,Healthy,Male,Placebo-resistant (STRICT-ADAPTIVE)
51597, g__unclassified, s__unclassified, p__Acidobacteria, c__Holophagae, o__Holophagales, f__Holophagaceae,k__Bacteria; p__Acidobacteria; c__Holophagae; o__Holophagales; f__Holophagaceae; g__unclassified; s__unclassified; 51597; EU340170.1 gg_id:235707 on Aquatic Macrophytes Geothermally Active Area Sedge Bay Yellowstone Lake WY aquatic macrophytes geothermally active area clone 2\SC\25, EU340170.1 gg_id:235707 on Aquatic Macrophytes Geothermally Active Area Sedge Bay Yellowstone Lake WY aquatic macrophytes geothermally active area clone 2\SC\25,9,-91.0,0.91015625,1.0,0.0753200145053368,723.0,736.2268128172942,0.7133031738784577,0.9207147820005681,0.1111111111111111,True,1.0,11844.0,Healthy,Male,Placebo-resistant (STRICT-ADAPTIVE)
56279, g__Akkermansia, s__unclassified, p__Verrucomicrobia, c__Verrucomicrobiae, o__Verrucomicrobiales, f__Verrucomicrobiaceae,k__Bacteria; p__Verrucomicrobia; c__Verrucomicrobiae; o__Verrucomicrobiales; f__Verrucomicrobiaceae; g__Akkermansia; s__unclassified; 56279; GQ493776.1 gg_id:555563 Effect Diet on Human Gut Microbiome: Metagenomic Humanized Gnotobiotic Mice cecal contents Mus musculus strain C57BL/6J; PM5 clone PM5_a04d12, GQ493776.1 gg_id:555563 Effect Diet on Human Gut Microbiome: Metagenomic Humanized Gnotobiotic Mice cecal contents Mus musculus strain C57BL/6J PM5 clone PM5_a04d12,9,455.0,0.49609375,1.0,0.17532786103154563,1188.0,1364.723247271931,0.7750513736700824,0.9376534160753778,-0.08888888888888889,True,1.0,12799.0,Healthy,Male,Placebo-resistant (STRICT-ADAPTIVE)
74508, g__Mycoplasma, s__unclassified, p__Tenericutes, c__Mollicutes, o__Mycoplasmatales, f__Mycoplasmataceae,k__Bacteria; p__Tenericutes; c__Mollicutes; o__Mycoplasmatales; f__Mycoplasmataceae; g__Mycoplasma; s__unclassified; 74508; EF510786.1 gg_id:220695 Loss During Antibiotic Treatment 1 Intubated Patients Colonized Pseudomonas aeruginosa endotracheal aspirate clone P2D15-696, EF510786.1 gg_id:220695 Loss During Antibiotic Treatment 1 Intubated Patients Colonized Pseudomonas aeruginosa endotracheal aspirate clone P2D15-696,9,6.0,0.8203125,1.0,0.07257986110362769,709.0,593.3701581456365,0.967435545139537,0.9928887934220945,-0.022222222222222223,True,1.0,10955.0,Healthy,Male,Placebo-resistant (STRICT-ADAPTIVE)
21855, g__unclassified, s__unclassified, p__Firmicutes, c__Clostridia, o__Clostridiales, f__Ruminococcaceae,k__Bacteria; p__Firmicutes; c__Clostridia; o__Clostridiales; f__Ruminococcaceae; g__unclassified; s__unclassified; 21855; EU470243.1 gg_id:295095 trancaspain urial feces clone TU2_aaa01f08, EU470243.1 gg_id:295095 trancaspain urial feces clone TU2_aaa01f08,9,-207.0,0.734375,1.0,0.06542748633711057,835.0,613.7526092635189,0.8382564863858263,0.9581536201140475,0.06666666666666667,True,1.0,11745.0,Healthy,Male,Placebo-resistant (STRICT-ADAPTIVE)
24272, g__Coprococcus, s__unclassified, p__Firmicutes, c__Clostridia, o__Clostridiales, f__Lachnospiraceae,k__Bacteria; p__Firmicutes; c__Clostridia; o__Clostridiales; f__Lachnospiraceae; g__Coprococcus; s__unclassified; 24272; NZ_AAYW02000018.1 gg_id:469946 Clostridium sp. str. L2-50, NZ_AAYW02000018.1 gg_id:469946 Clostridium sp. str. L2-50,9,-161.0,0.5703125,1.0,0.07216387653512087,753.0,799.2314766351764,0.6533789106936937,0.9002109436224224,0.13333333333333333,True,1.0,13290.0,Healthy,Male,Placebo-resistant (STRICT-ADAPTIVE)
24684, g__Faecalibacterium, s__unclassified, p__Firmicutes, c__Clostridia, o__Clostridiales, f__Ruminococcaceae,k__Bacteria; p__Firmicutes; c__Clostridia; o__Clostridiales; f__Ruminococcaceae; g__Faecalibacterium; s__unclassified; 24684; FJ370406.1 gg_id:366038 feces adult twins and mothers; TS56 clone TS56_a04f04, FJ370406.1 gg_id:366038 feces adult twins and mothers TS56 clone TS56_a04f04,9,-27.0,0.91015625,1.0,0.02428535887182926,404.0,308.4638150577795,0.934896814773755,0.9928887934220945,-0.044444444444444446,True,1.0,13744.0,Healthy,Male,Placebo-resistant (STRICT-ADAPTIVE)
69206, g__Bacteroides, s__unclassified, p__Bacteroidetes, c__Bacteroidia, o__Bacteroidales, f__Bacteroidaceae,k__Bacteria; p__Bacteroidetes; c__Bacteroidia; o__Bacteroidales; f__Bacteroidaceae; g__Bacteroides; s__unclassified; 69206; EU763003.1 gg_id:346904 Pervasive effects antibiotic on human gut microbiota deep sequencing fecal clone Ax3_672, EU763003.1 gg_id:346904 Pervasive effects antibiotic on human gut microbiota deep sequencing fecal clone Ax3_672,9,23.0,0.65234375,1.0,0.0720638794059909,1111.0,1066.867382407225,0.6533789106936937,0.9002109436224224,0.13333333333333333,True,1.0,13659.0,Healthy,Male,Placebo-resistant (STRICT-ADAPTIVE)
70252, g__unclassified, s__unclassified, p__Firmicutes, c__Clostridia, o__Clostridiales, f__Catabacteriaceae,k__Bacteria; p__Firmicutes; c__Clostridia; o__Clostridiales; f__Catabacteriaceae; g__unclassified; s__unclassified; 70252; AY985462.1 gg_id:116947 human stool clone C418, AY985462.1 gg_id:116947 human stool clone C418,9,42.0,0.65234375,1.0,0.03959467590274674,418.0,370.70311613353226,0.7750513736700824,0.9376534160753778,0.08888888888888889,True,1.0,13885.0,Healthy,Male,Placebo-resistant (STRICT-ADAPTIVE)
25797, g__Faecalibacterium, s__unclassified, p__Firmicutes, c__Clostridia, o__Clostridiales, f__Ruminococcaceae,k__Bacteria; p__Firmicutes; c__Clostridia; o__Clostridiales; f__Ruminococcaceae; g__Faecalibacterium; s__unclassified; 25797; FJ363596.1 gg_id:363155 feces adult twins and mothers; TS14 clone TS14_a01b08, FJ363596.1 gg_id:363155 feces adult twins and mothers TS14 clone TS14_a01b08,9,1.0,0.734375,1.0,0.07153715337128319,417.0,812.8747796418448,0.7133031738784577,0.9207147820005681,0.1111111111111111,True,1.0,13079.0,Healthy,Male,Placebo-resistant (STRICT-ADAPTIVE)
68927, g__Bacteroides, s__unclassified, p__Bacteroidetes, c__Bacteroidia, o__Bacteroidales, f__Bacteroidaceae,k__Bacteria; p__Bacteroidetes; c__Bacteroidia; o__Bacteroidales; f__Bacteroidaceae; g__Bacteroides; s__unclassified; 68927; EU763007.1 gg_id:315093 Pervasive effects antibiotic on human gut microbiota deep sequencing fecal clone Ax3_567, EU763007.1 gg_id:315093 Pervasive effects antibiotic on human gut microbiota deep sequencing fecal clone Ax3_567,9,28.0,0.65234375,1.0,0.07288761647810883,1130.0,1071.4948910750811,0.6533789106936937,0.9002109436224224,0.13333333333333333,True,1.0,13706.0,Healthy,Male,Placebo-resistant (STRICT-ADAPTIVE)
24429, g__Faecalibacterium, s__Faecalibacterium prausnitzii, p__Firmicutes, c__Clostridia, o__Clostridiales, f__Ruminococcaceae,k__Bacteria; p__Firmicutes; c__Clostridia; o__Clostridiales; f__Ruminococcaceae; g__Faecalibacterium; s__Faecalibacterium prausnitzii; 24429; DQ798426.1 gg_id:194986 human fecal clone RL181_aah42d09, DQ798426.1 gg_id:194986 human fecal clone RL181_aah42d09,9,89.0,0.5703125,1.0,0.04511579762227128,516.0,381.23144542099067,0.9025232501776794,0.9754023282151151,0.044444444444444446,True,1.0,12473.0,Healthy,Male,Placebo-resistant (STRICT-ADAPTIVE)
43379, g__Bacillus, s__unclassified, p__Firmicutes, c__Bacilli, o__Bacillales, f__Bacillaceae,k__Bacteria; p__Firmicutes; c__Bacilli; o__Bacillales; f__Bacillaceae; g__Bacillus; s__unclassified; 43379; GU391527.1 gg_id:561229 Bacillus pseudomycoides str. Nl4, GU391527.1 gg_id:561229 Bacillus pseudomycoides str. Nl4,9,-44.0,1.0,1.0,0.032080065656205824,211.0,325.4175892261784,0.8064127004978174,0.9581536201140475,0.08888888888888889,True,1.0,13514.0,Healthy,Male,Placebo-resistant (STRICT-ADAPTIVE)
50223, g__Veillonella, s__unclassified, p__Firmicutes, c__Clostridia, o__Clostridiales, f__Veillonellaceae,k__Bacteria; p__Firmicutes; c__Clostridia; o__Clostridiales; f__Veillonellaceae; g__Veillonella; s__unclassified; 50223; GQ006752.1 gg_id:502912 Topographical and Temporal Human Skin Microbiome skin occiput clone nbu87c06c1, GQ006752.1 gg_id:502912 Topographical and Temporal Human Skin Microbiome skin occiput clone nbu87c06c1,9,-21.0,0.91015625,1.0,0.21826636850951864,3401.0,1960.1912688079983,0.9025232501776794,0.9754023282151151,0.044444444444444446,True,1.0,10142.0,Healthy,Male,Placebo-resistant (STRICT-ADAPTIVE)
28403, g__unclassified, s__unclassified, p__Firmicutes, c__Clostridia, o__Clostridiales, f__Lachnospiraceae,k__Bacteria; p__Firmicutes; c__Clostridia; o__Clostridiales; f__Lachnospiraceae; g__unclassified; s__unclassified; 28403; FJ685072.1 gg_id:519741 Synecology primary and secondary habitats Escherichia coli O157:H7 fecal MARC beef cattle feedlot animal #4228 pen 301; was negative STEC O157 clone 6-1P3, FJ685072.1 gg_id:519741 Synecology primary and secondary habitats Escherichia coli O157:H7 fecal MARC beef cattle feedlot animal #4228 pen 301 was negative STEC O157 clone 6-1P3,9,-48.0,0.91015625,1.0,0.11455367319920241,1112.0,1361.9536754399703,0.967435545139537,0.9928887934220945,-0.022222222222222223,True,1.0,11476.0,Healthy,Male,Placebo-resistant (STRICT-ADAPTIVE)
54981, g__Akkermansia, s__unclassified, p__Verrucomicrobia, c__Verrucomicrobiae, o__Verrucomicrobiales, f__Verrucomicrobiaceae,k__Bacteria; p__Verrucomicrobia; c__Verrucomicrobiae; o__Verrucomicrobiales; f__Verrucomicrobiaceae; g__Akkermansia; s__unclassified; 54981; GQ491900.1 gg_id:546153 Effect Diet on Human Gut Microbiome: Metagenomic Humanized Gnotobiotic Mice cecal contents Mus musculus strain C57BL/6J; PM1 clone PM1_a01g06, GQ491900.1 gg_id:546153 Effect Diet on Human Gut Microbiome: Metagenomic Humanized Gnotobiotic Mice cecal contents Mus musculus strain C57BL/6J PM1 clone PM1_a01g06,9,439.0,0.5703125,1.0,0.11079229554582909,925.0,992.9094206421853,0.7750513736700824,0.9376534160753778,0.08888888888888889,True,1.0,12285.0,Healthy,Male,Placebo-resistant (STRICT-ADAPTIVE)
25555, g__Faecalibacterium, s__Faecalibacterium prausnitzii, p__Firmicutes, c__Clostridia, o__Clostridiales, f__Ruminococcaceae,k__Bacteria; p__Firmicutes; c__Clostridia; o__Clostridiales; f__Ruminococcaceae; g__Faecalibacterium; s__Faecalibacterium prausnitzii; 25555; DQ825246.1 gg_id:196043 human fecal clone RL185_aan87c05, DQ825246.1 gg_id:196043 human fecal clone RL185_aan87c05,9,56.0,0.91015625,1.0,0.09927442744125987,635.0,959.6602824842643,0.8382564863858263,0.9581536201140475,0.06666666666666667,True,1.0,13681.0,Healthy,Male,Placebo-resistant (STRICT-ADAPTIVE)
67459, g__Prevotella, s__unclassified, p__Bacteroidetes, c__Bacteroidia, o__Bacteroidales, f__Prevotellaceae,k__Bacteria; p__Bacteroidetes; c__Bacteroidia; o__Bacteroidales; f__Prevotellaceae; g__Prevotella; s__unclassified; 67459; AF371882.1 gg_id:46017 swine intestine clone p-408-o3, AF371882.1 gg_id:46017 swine intestine clone p-408-o3,9,-11.0,0.65234375,1.0,0.10576853465390491,1781.0,1055.5867204756057,0.7750513736700824,0.9376534160753778,0.08888888888888889,True,1.0,12001.0,Healthy,Male,Placebo-resistant (STRICT-ADAPTIVE)
47137, g__Staphylococcus, s__Staphylococcus epidermidis, p__Firmicutes, c__Bacilli, o__Bacillales, f__Staphylococcaceae,k__Bacteria; p__Firmicutes; c__Bacilli; o__Bacillales; f__Staphylococcaceae; g__Staphylococcus; s__Staphylococcus epidermidis; 47137; GQ002023.1 gg_id:507641 Topographical and Temporal Human Skin Microbiome skin axillary vault clone nbu166h01c1, GQ002023.1 gg_id:507641 Topographical and Temporal Human Skin Microbiome skin axillary vault clone nbu166h01c1,9,71.0,0.49609375,1.0,0.055327586690063,872.0,853.3650070423818,1.0,1.0,0.0,True,1.0,11998.0,Healthy,Male,Placebo-resistant (STRICT-ADAPTIVE)
26570, g__Faecalibacterium, s__unclassified, p__Firmicutes, c__Clostridia, o__Clostridiales, f__Ruminococcaceae,k__Bacteria; p__Firmicutes; c__Clostridia; o__Clostridiales; f__Ruminococcaceae; g__Faecalibacterium; s__unclassified; 26570; FJ678887.1 gg_id:521067 Synecology primary and secondary habitats Escherichia coli O157:H7 fecal MARC beef cattle feedlot animal #4017 pen 301; was positive STEC O157 clone 4-8B21, FJ678887.1 gg_id:521067 Synecology primary and secondary habitats Escherichia coli O157:H7 fecal MARC beef cattle feedlot animal #4017 pen 301 was positive STEC O157 clone 4-8B21,9,56.0,0.91015625,1.0,0.06987987118503856,923.0,738.7331250187716,0.967435545139537,0.9928887934220945,-0.022222222222222223,True,1.0,13736.0,Healthy,Male,Placebo-resistant (STRICT-ADAPTIVE)
50780, g__Veillonella, s__unclassified, p__Firmicutes, c__Clostridia, o__Clostridiales, f__Veillonellaceae,k__Bacteria; p__Firmicutes; c__Clostridia; o__Clostridiales; f__Veillonellaceae; g__Veillonella; s__unclassified; 50780; GQ113658.1 gg_id:405229 Topographical and Temporal Human Skin Microbiome skin volar forearm clone nbw634d02c1, GQ113658.1 gg_id:405229 Topographical and Temporal Human Skin Microbiome skin volar forearm clone nbw634d02c1,9,30.0,0.734375,1.0,0.09920910811437116,1100.0,944.8684906965154,0.9025232501776794,0.9754023282151151,0.044444444444444446,True,1.0,12449.0,Healthy,Male,Placebo-resistant (STRICT-ADAPTIVE)
24630, g__Faecalibacterium, s__Faecalibacterium prausnitzii, p__Firmicutes, c__Clostridia, o__Clostridiales, f__Ruminococcaceae,k__Bacteria; p__Firmicutes; c__Clostridia; o__Clostridiales; f__Ruminococcaceae; g__Faecalibacterium; s__Faecalibacterium prausnitzii; 24630; FJ677420.1 gg_id:515988 Synecology primary and secondary habitats Escherichia coli O157:H7 fecal MARC beef cattle feedlot animal #4225 pen 301; was negative STEC O157 clone 3-2J19, FJ677420.1 gg_id:515988 Synecology primary and secondary habitats Escherichia coli O157:H7 fecal MARC beef cattle feedlot animal #4225 pen 301 was negative STEC O157 clone 3-2J19,9,-124.0,0.734375,1.0,0.10759634509829381,1220.0,1006.2422888703849,0.6533789106936937,0.9002109436224224,0.13333333333333333,True,1.0,12853.0,Healthy,Male,Placebo-resistant (STRICT-ADAPTIVE)
5643, g__unclassified, s__unclassified, p__Proteobacteria, c__Gammaproteobacteria, o__Enterobacteriales, f__Enterobacteriaceae,k__Bacteria; p__Proteobacteria; c__Gammaproteobacteria; o__Enterobacteriales; f__Enterobacteriaceae; g__unclassified; s__unclassified; 5643; DQ356903.1 gg_id:153848 Pantoea agglomerans str. P29, DQ356903.1 gg_id:153848 Pantoea agglomerans str. P29,9,12.0,0.8203125,1.0,0.22253611638462534,2881.0,1967.6708948398866,0.7133031738784577,0.9207147820005681,0.1111111111111111,True,1.0,10419.0,Healthy,Male,Placebo-resistant (STRICT-ADAPTIVE)
16100, g__Succinivibrio, s__unclassified, p__Proteobacteria, c__Gammaproteobacteria, o__Aeromonadales, f__Succinivibrionaceae,k__Bacteria; p__Proteobacteria; c__Gammaproteobacteria; o__Aeromonadales; f__Succinivibrionaceae; g__Succinivibrio; s__unclassified; 16100; FJ680476.1 gg_id:521800 Synecology primary and secondary habitats Escherichia coli O157:H7 fecal MARC beef cattle feedlot animal #4281 pen 301; was positive STEC O157 clone 5-3B23, FJ680476.1 gg_id:521800 Synecology primary and secondary habitats Escherichia coli O157:H7 fecal MARC beef cattle feedlot animal #4281 pen 301 was positive STEC O157 clone 5-3B23,9,473.0,0.65234375,1.0,0.04907776965367335,1020.0,697.936805576105,0.967435545139537,0.9928887934220945,0.022222222222222223,True,1.0,12865.0,Healthy,Male,Placebo-resistant (STRICT-ADAPTIVE)
22122, g__unclassified, s__unclassified, p__Firmicutes, c__Clostridia, o__Clostridiales, f__Ruminococcaceae,k__Bacteria; p__Firmicutes; c__Clostridia; o__Clostridiales; f__Ruminococcaceae; g__unclassified; s__unclassified; 22122; EU773138.1 gg_id:329808 BigHorn sheep feces clone BH1_aao27h11, EU773138.1 gg_id:329808 BigHorn sheep feces clone BH1_aao27h11,9,167.0,0.65234375,1.0,0.09300005301950028,1281.0,923.2026574437008,0.6533789106936937,0.9002109436224224,-0.13333333333333333,True,1.0,13503.0,Healthy,Male,Placebo-resistant (STRICT-ADAPTIVE)
14, g__Pseudoalteromonas, s__unclassified, p__Proteobacteria, c__Gammaproteobacteria, o__Alteromonadales, f__Pseudoalteromonadaceae,k__Bacteria; p__Proteobacteria; c__Gammaproteobacteria; o__Alteromonadales; f__Pseudoalteromonadaceae; g__Pseudoalteromonas; s__unclassified; 14; AB457045.1 gg_id:309901 Pseudoalteromonas sp. str. SB-A1, AB457045.1 gg_id:309901 Pseudoalteromonas sp. str. SB-A1,9,248.0,0.1640625,1.0,0.03747689996590593,575.0,360.3598714865152,0.967435545139537,0.9928887934220945,-0.022222222222222223,True,1.0,12662.0,Healthy,Male,Placebo-resistant (STRICT-ADAPTIVE)
25639, g__Faecalibacterium, s__unclassified, p__Firmicutes, c__Clostridia, o__Clostridiales, f__Ruminococcaceae,k__Bacteria; p__Firmicutes; c__Clostridia; o__Clostridiales; f__Ruminococcaceae; g__Faecalibacterium; s__unclassified; 25639; FJ685245.1 gg_id:520987 Synecology primary and secondary habitats Escherichia coli O157:H7 fecal MARC beef cattle feedlot animal #4228 pen 301; was negative STEC O157 clone 6-2H9, FJ685245.1 gg_id:520987 Synecology primary and secondary habitats Escherichia coli O157:H7 fecal MARC beef cattle feedlot animal #4228 pen 301 was negative STEC O157 clone 6-2H9,9,35.0,0.8203125,1.0,0.08228843746165043,628.0,801.4484247355604,0.7750513736700824,0.9376534160753778,0.08888888888888889,True,1.0,14077.0,Healthy,Male,Placebo-resistant (STRICT-ADAPTIVE)
25307, g__Faecalibacterium, s__Faecalibacterium prausnitzii, p__Firmicutes, c__Clostridia, o__Clostridiales, f__Ruminococcaceae,k__Bacteria; p__Firmicutes; c__Clostridia; o__Clostridiales; f__Ruminococcaceae; g__Faecalibacterium; s__Faecalibacterium prausnitzii; 25307; FJ682300.1 gg_id:511438 Synecology primary and secondary habitats Escherichia coli O157:H7 fecal MARC beef cattle feedlot animal #4351 pen 301; was negative STEC O157 clone 8-2N2, FJ682300.1 gg_id:511438 Synecology primary and secondary habitats Escherichia coli O157:H7 fecal MARC beef cattle feedlot animal #4351 pen 301 was negative STEC O157 clone 8-2N2,9,34.0,0.91015625,1.0,0.0942749208032702,794.0,844.52468496256,0.8381864806450703,0.9581536201140475,0.06666666666666667,True,1.0,13804.0,Healthy,Male,Placebo-resistant (STRICT-ADAPTIVE)
70159, g__unclassified, s__unclassified, p__Firmicutes, c__Clostridia, o__Clostridiales, f__Catabacteriaceae,k__Bacteria; p__Firmicutes; c__Clostridia; o__Clostridiales; f__Catabacteriaceae; g__unclassified; s__unclassified; 70159; FJ517038.1 gg_id:513057 semiarid 'Tablas de Daimiel National Park' wetland (Central Spain) unravelled water clone TDNP_Wbc97_183_1_70, FJ517038.1 gg_id:513057 semiarid 'Tablas de Daimiel National Park' wetland (Central Spain) unravelled water clone TDNP_Wbc97_183_1_70,9,471.0,0.25,1.0,0.16645083638678654,1053.0,1229.0747978866054,0.7750513736700824,0.9376534160753778,-0.08888888888888889,True,1.0,9852.0,Healthy,Male,Placebo-resistant (STRICT-ADAPTIVE)
25413, g__Faecalibacterium, s__unclassified, p__Firmicutes, c__Clostridia, o__Clostridiales, f__Ruminococcaceae,k__Bacteria; p__Firmicutes; c__Clostridia; o__Clostridiales; f__Ruminococcaceae; g__Faecalibacterium; s__unclassified; 25413; FJ363897.1 gg_id:366974 feces adult twins and mothers; TS14 clone TS14_a04f07, FJ363897.1 gg_id:366974 feces adult twins and mothers TS14 clone TS14_a04f07,9,-230.0,1.0,1.0,0.06569632307066285,917.0,726.8282215214266,0.6533789106936937,0.9002109436224224,0.13333333333333333,True,1.0,13777.0,Healthy,Male,Placebo-resistant (STRICT-ADAPTIVE)
27024, g__Ruminococcus, s__unclassified, p__Firmicutes, c__Clostridia, o__Clostridiales, f__Ruminococcaceae,k__Bacteria; p__Firmicutes; c__Clostridia; o__Clostridiales; f__Ruminococcaceae; g__Ruminococcus; s__unclassified; 27024; EU344189.1 gg_id:268936 Foregut Fermentation Birds: Hoatzin Crop Supports Case Convergence Ruminants adult hoatzin crop clone hoa12_31G04, EU344189.1 gg_id:268936 Foregut Fermentation Birds: Hoatzin Crop Supports Case Convergence Ruminants adult hoatzin crop clone hoa12_31G04,9,582.0,0.1640625,1.0,0.09541482877821185,1459.0,1115.8205625955773,0.6533789106936937,0.9002109436224224,-0.13333333333333333,True,1.0,11841.0,Healthy,Male,Placebo-resistant (STRICT-ADAPTIVE)
16575, g__Methyloversatilis, s__unclassified, p__Proteobacteria, c__Betaproteobacteria, o__Rhodocyclales, f__Rhodocyclaceae,k__Bacteria; p__Proteobacteria; c__Betaproteobacteria; o__Rhodocyclales; f__Rhodocyclaceae; g__Methyloversatilis; s__unclassified; 16575; DQ836749.1 gg_id:163176 attached biomass denitrifying bioreactor clone DB-5, DQ836749.1 gg_id:163176 attached biomass denitrifying bioreactor clone DB-5,9,143.0,0.359375,1.0,0.08426081197740679,994.0,780.90142223231,0.8382564863858263,0.9581536201140475,-0.06666666666666667,True,1.0,12442.0,Healthy,Male,Placebo-resistant (STRICT-ADAPTIVE)
59203, g__unclassified, s__unclassified, p__Proteobacteria, c__Alphaproteobacteria, o__Rhizobiales, f__Rhodobiaceae,k__Bacteria; p__Proteobacteria; c__Alphaproteobacteria; o__Rhizobiales; f__Rhodobiaceae; g__unclassified; s__unclassified; 59203; AB374392.1 gg_id:269733 sequences Weissenstein (white rock) / few millimeters be surface rock called 'Weissenstein' Albula pass central Alps canton Grisons clone NB17-WNS, AB374392.1 gg_id:269733 sequences Weissenstein (white rock) / few millimeters be surface rock called 'Weissenstein' Albula pass central Alps canton Grisons clone NB17-WNS,9,-112.0,0.8203125,1.0,0.11057533837846839,818.0,928.8283128759588,0.6533789106936937,0.9002109436224224,0.13333333333333333,True,1.0,10507.0,Healthy,Male,Placebo-resistant (STRICT-ADAPTIVE)
50054, g__Dialister, s__unclassified, p__Firmicutes, c__Clostridia, o__Clostridiales, f__Veillonellaceae,k__Bacteria; p__Firmicutes; c__Clostridia; o__Clostridiales; f__Veillonellaceae; g__Dialister; s__unclassified; 50054; FJ364585.1 gg_id:363398 feces adult twins and mothers; TS15 clone TS15_a04g01, FJ364585.1 gg_id:363398 feces adult twins and mothers TS15 clone TS15_a04g01,9,246.0,0.5703125,1.0,0.08018182322768719,932.0,790.6947755262106,0.8382564863858263,0.9581536201140475,-0.06666666666666667,True,1.0,12571.0,Healthy,Male,Placebo-resistant (STRICT-ADAPTIVE)
23536, g__unclassified, s__unclassified, p__Firmicutes, c__Clostridia, o__Clostridiales, f__Lachnospiraceae,k__Bacteria; p__Firmicutes; c__Clostridia; o__Clostridiales; f__Lachnospiraceae; g__unclassified; s__unclassified; 23536; EU344316.1 gg_id:271681 Foregut Fermentation Birds: Hoatzin Crop Supports Case Convergence Ruminants adult hoatzin crop clone hoa12_08H01, EU344316.1 gg_id:271681 Foregut Fermentation Birds: Hoatzin Crop Supports Case Convergence Ruminants adult hoatzin crop clone hoa12_08H01,9,-178.0,0.5703125,1.0,0.055215900599527086,890.0,629.7877136870097,0.7133031738784577,0.9207147820005681,0.1111111111111111,True,1.0,13513.0,Healthy,Male,Placebo-resistant (STRICT-ADAPTIVE)
25895, g__Faecalibacterium, s__unclassified, p__Firmicutes, c__Clostridia, o__Clostridiales, f__Ruminococcaceae,k__Bacteria; p__Firmicutes; c__Clostridia; o__Clostridiales; f__Ruminococcaceae; g__Faecalibacterium; s__unclassified; 25895; FJ673177.1 gg_id:532034 Synecology primary and secondary habitats Escherichia coli O157:H7 fecal MARC beef cattle feedlot animal #4262 pen 301; was positive STEC O157 clone 130-1L11, FJ673177.1 gg_id:532034 Synecology primary and secondary habitats Escherichia coli O157:H7 fecal MARC beef cattle feedlot animal #4262 pen 301 was positive STEC O157 clone 130-1L11,9,38.0,0.5703125,1.0,0.038146661948689764,758.0,429.0810632036795,1.0,1.0,0.0,True,1.0,13866.0,Healthy,Male,Placebo-resistant (STRICT-ADAPTIVE)
71310, g__sfI, s__unclassified, p__Tenericutes, c__Mollicutes, o__RF39, f__unclassified,k__Bacteria; p__Tenericutes; c__Mollicutes; o__RF39; f__unclassified; g__sfI; s__unclassified; 71310; AY986020.1 gg_id:127092 human stool clone D332, AY986020.1 gg_id:127092 human stool clone D332,9,-309.0,0.91015625,1.0,0.20172547609873448,1946.0,1226.1444908329524,0.967435545139537,0.9928887934220945,0.022222222222222223,True,1.0,9071.0,Healthy,Male,Placebo-resistant (STRICT-ADAPTIVE)
25350, g__Faecalibacterium, s__Faecalibacterium prausnitzii, p__Firmicutes, c__Clostridia, o__Clostridiales, f__Ruminococcaceae,k__Bacteria; p__Firmicutes; c__Clostridia; o__Clostridiales; f__Ruminococcaceae; g__Faecalibacterium; s__Faecalibacterium prausnitzii; 25350; FJ675765.1 gg_id:516596 Synecology primary and secondary habitats Escherichia coli O157:H7 fecal MARC beef cattle feedlot animal #4225 pen 301; was negative STEC O157 clone 3-5F24, FJ675765.1 gg_id:516596 Synecology primary and secondary habitats Escherichia coli O157:H7 fecal MARC beef cattle feedlot animal #4225 pen 301 was negative STEC O157 clone 3-5F24,9,-71.0,0.91015625,1.0,0.13111321670609052,1568.0,1288.192439057319,0.7750513736700824,0.9376534160753778,0.08888888888888889,True,1.0,13913.0,Healthy,Male,Placebo-resistant (STRICT-ADAPTIVE)
55350, g__Anaerobaculum, s__Anaerobaculum hydrogeniformans, p__Synergistetes, c__Synergistia, o__Synergistales, f__Anaerobaculaceae,k__Bacteria; p__Synergistetes; c__Synergistia; o__Synergistales; f__Anaerobaculaceae; g__Anaerobaculum; s__Anaerobaculum hydrogeniformans; 55350; NZ_ACJX02000009.1 gg_id:484357 Anaerobaculum hydrogeniformans str. ATCC BAA-1850, NZ_ACJX02000009.1 gg_id:484357 Anaerobaculum hydrogeniformans str. ATCC BAA-1850,9,218.0,0.734375,1.0,0.057215350527865534,889.0,568.1853558283404,0.9025232501776794,0.9754023282151151,0.044444444444444446,True,1.0,12142.0,Healthy,Male,Placebo-resistant (STRICT-ADAPTIVE)
27777, g__unclassified, s__unclassified, p__Firmicutes, c__Clostridia, o__Clostridiales, f__Lachnospiraceae,k__Bacteria; p__Firmicutes; c__Clostridia; o__Clostridiales; f__Lachnospiraceae; g__unclassified; s__unclassified; 27777; FJ369326.1 gg_id:367422 feces adult twins and mothers; TS50 clone TS50_a03b05, FJ369326.1 gg_id:367422 feces adult twins and mothers TS50 clone TS50_a03b05,9,88.0,0.42578125,1.0,0.04184354289545024,664.0,402.9273175152065,0.7750513736700824,0.9376534160753778,-0.08888888888888889,True,1.0,13642.0,Healthy,Male,Placebo-resistant (STRICT-ADAPTIVE)
50464, g__Veillonella, s__unclassified, p__Firmicutes, c__Clostridia, o__Clostridiales, f__Veillonellaceae,k__Bacteria; p__Firmicutes; c__Clostridia; o__Clostridiales; f__Veillonellaceae; g__Veillonella; s__unclassified; 50464; GQ113854.1 gg_id:375581 Topographical and Temporal Human Skin Microbiome skin volar forearm clone nbw636h10c1, GQ113854.1 gg_id:375581 Topographical and Temporal Human Skin Microbiome skin volar forearm clone nbw636h10c1,9,61.0,0.65234375,1.0,0.0649943619363419,640.0,650.2550401188753,0.967435545139537,0.9928887934220945,0.022222222222222223,True,1.0,13400.0,Healthy,Male,Placebo-resistant (STRICT-ADAPTIVE)
24747, g__Faecalibacterium, s__unclassified, p__Firmicutes, c__Clostridia, o__Clostridiales, f__Ruminococcaceae,k__Bacteria; p__Firmicutes; c__Clostridia; o__Clostridiales; f__Ruminococcaceae; g__Faecalibacterium; s__unclassified; 24747; DQ794142.1 gg_id:184788 human fecal clone RL176_aan58f02, DQ794142.1 gg_id:184788 human fecal clone RL176_aan58f02,9,30.0,0.8203125,1.0,0.04742776705286354,511.0,475.8795721608567,0.967435545139537,0.9928887934220945,0.022222222222222223,True,1.0,12932.0,Healthy,Male,Placebo-resistant (STRICT-ADAPTIVE)
45360, g__Streptococcus, s__Streptococcus thermophilus, p__Firmicutes, c__Bacilli, o__Lactobacillales, f__Streptococcaceae,k__Bacteria; p__Firmicutes; c__Bacilli; o__Lactobacillales; f__Streptococcaceae; g__Streptococcus; s__Streptococcus thermophilus; 45360; GQ106050.1 gg_id:398015 Topographical and Temporal Human Skin Microbiome skin volar forearm clone nbw531g11c1, GQ106050.1 gg_id:398015 Topographical and Temporal Human Skin Microbiome skin volar forearm clone nbw531g11c1,9,-49.0,0.734375,1.0,0.04186082351120394,699.0,413.7805839384497,0.7750513736700824,0.9376534160753778,0.08888888888888889,True,1.0,13654.0,Healthy,Male,Placebo-resistant (STRICT-ADAPTIVE)
70814, g__Mycoplasma, s__Mycoplasma microti, p__Tenericutes, c__Mollicutes, o__Mycoplasmatales, f__Mycoplasmataceae,k__Bacteria; p__Tenericutes; c__Mollicutes; o__Mycoplasmatales; f__Mycoplasmataceae; g__Mycoplasma; s__Mycoplasma microti; 70814; U22415.1 gg_id:15832 Mycoplasma microti str. IL-372, U22415.1 gg_id:15832 Mycoplasma microti str. IL-372,9,144.0,1.0,1.0,0.08938507652362539,1246.0,905.0351762838343,0.6533789106936937,0.9002109436224224,0.13333333333333333,True,1.0,11031.0,Healthy,Male,Placebo-resistant (STRICT-ADAPTIVE)
76194, g__Brachyspira, s__unclassified, p__Spirochaetes, c__Brachyspirae, o__Brachyspirales, f__Brachyspiraceae,k__Bacteria; p__Spirochaetes; c__Brachyspirae; o__Brachyspirales; f__Brachyspiraceae; g__Brachyspira; s__unclassified; 76194; U14930.1 gg_id:3768 Brachyspira hyodysenteriae str. B78, U14930.1 gg_id:3768 Brachyspira hyodysenteriae str. B78,9,-16.0,0.8828125,1.0,0.014396671081182682,295.0,202.73867021365214,0.9024806826878791,0.9754023282151151,-0.044444444444444446,True,1.0,13635.0,Healthy,Male,Placebo-resistant (STRICT-ADAPTIVE)
56139, g__Akkermansia, s__unclassified, p__Verrucomicrobia, c__Verrucomicrobiae, o__Verrucomicrobiales, f__Verrucomicrobiaceae,k__Bacteria; p__Verrucomicrobia; c__Verrucomicrobiae; o__Verrucomicrobiales; f__Verrucomicrobiaceae; g__Akkermansia; s__unclassified; 56139; EU474294.1 gg_id:294378 western lowland gorilla feces clone GORSD_aaa03b05, EU474294.1 gg_id:294378 western lowland gorilla feces clone GORSD_aaa03b05,9,61.0,0.8203125,1.0,0.09785362553584556,1092.0,1030.3265499399258,0.7133031738784577,0.9207147820005681,0.1111111111111111,True,1.0,11780.0,Healthy,Male,Placebo-resistant (STRICT-ADAPTIVE)
24691, g__Faecalibacterium, s__unclassified, p__Firmicutes, c__Clostridia, o__Clostridiales, f__Ruminococcaceae,k__Bacteria; p__Firmicutes; c__Clostridia; o__Clostridiales; f__Ruminococcaceae; g__Faecalibacterium; s__unclassified; 24691; DQ798620.1 gg_id:175207 human fecal clone RL181_aan99b03, DQ798620.1 gg_id:175207 human fecal clone RL181_aan99b03,9,38.0,0.8203125,1.0,0.08899647818521225,652.0,954.9380363376696,0.7750513736700824,0.9376534160753778,0.08888888888888889,True,1.0,14104.0,Healthy,Male,Placebo-resistant (STRICT-ADAPTIVE)
69649, g__unclassified, s__unclassified, p__Bacteroidetes, c__Bacteroidia, o__Bacteroidales, f__RikenellaceaeII,k__Bacteria; p__Bacteroidetes; c__Bacteroidia; o__Bacteroidales; f__RikenellaceaeII; g__unclassified; s__unclassified; 69649; EU461939.1 gg_id:293725 white-faced saki feces clone Saki_aaj64b03, EU461939.1 gg_id:293725 white-faced saki feces clone Saki_aaj64b03,9,493.0,0.65234375,1.0,0.14721895362242116,1866.0,1256.0470368580948,0.8382564863858263,0.9581536201140475,-0.06666666666666667,True,1.0,10415.0,Healthy,Male,Placebo-resistant (STRICT-ADAPTIVE)
26345, g__unclassified, s__unclassified, p__Firmicutes, c__Clostridia, o__Clostridiales, f__Ruminococcaceae,k__Bacteria; p__Firmicutes; c__Clostridia; o__Clostridiales; f__Ruminococcaceae; g__unclassified; s__unclassified; 26345; EU009761.1 gg_id:237211 intestinal microbiota domestic and wild turkeys turkey cecum clone DTB_AB8, EU009761.1 gg_id:237211 intestinal microbiota domestic and wild turkeys turkey cecum clone DTB_AB8,9,132.0,1.0,1.0,0.0849486679586148,833.0,782.494695729271,1.0,1.0,0.0,True,1.0,11071.0,Healthy,Male,Placebo-resistant (STRICT-ADAPTIVE)
6704, g__Shewanella, s__Shewanella benthica, p__Proteobacteria, c__Gammaproteobacteria, o__Alteromonadales, f__Shewanellaceae,k__Bacteria; p__Proteobacteria; c__Gammaproteobacteria; o__Alteromonadales; f__Shewanellaceae; g__Shewanella; s__Shewanella benthica; 6704; AB183512.1 gg_id:101788 Shewanella sp. str. T5302, AB183512.1 gg_id:101788 Shewanella sp. str. T5302,9,374.0,0.359375,1.0,0.11427107414472303,1145.0,1013.3937062717091,0.7133031738784577,0.9207147820005681,0.1111111111111111,True,1.0,12083.0,Healthy,Male,Placebo-resistant (STRICT-ADAPTIVE)
50498, g__Veillonella, s__Veillonella dispar, p__Firmicutes, c__Clostridia, o__Clostridiales, f__Veillonellaceae,k__Bacteria; p__Firmicutes; c__Clostridia; o__Clostridiales; f__Veillonellaceae; g__Veillonella; s__Veillonella dispar; 50498; GQ032236.1 gg_id:433236 Topographical and Temporal Human Skin Microbiome skin volar forearm clone nbw904b04c1, GQ032236.1 gg_id:433236 Topographical and Temporal Human Skin Microbiome skin volar forearm clone nbw904b04c1,9,398.0,0.734375,1.0,0.07921481623623207,1324.0,771.153661845535,0.7133031738784577,0.9207147820005681,-0.1111111111111111,True,1.0,11292.0,Healthy,Male,Placebo-resistant (STRICT-ADAPTIVE)
36309, g__Corynebacterium, s__unclassified, p__Actinobacteria, c__Actinobacteria, o__Actinomycetales, f__Corynebacteriaceae,k__Bacteria; p__Actinobacteria; c__Actinobacteria; o__Actinomycetales; f__Corynebacteriaceae; g__Corynebacterium; s__unclassified; 36309; GQ009100.1 gg_id:500565 Topographical and Temporal Human Skin Microbiome skin buttock clone nbw827b08c1, GQ009100.1 gg_id:500565 Topographical and Temporal Human Skin Microbiome skin buttock clone nbw827b08c1,9,143.0,0.49609375,1.0,0.07479946526838446,1096.0,710.5774320774462,0.967435545139537,0.9928887934220945,0.022222222222222223,True,1.0,12631.0,Healthy,Male,Placebo-resistant (STRICT-ADAPTIVE)
29326, g__Corynebacterium, s__unclassified, p__Actinobacteria, c__Actinobacteria, o__Actinomycetales, f__Corynebacteriaceae,k__Bacteria; p__Actinobacteria; c__Actinobacteria; o__Actinomycetales; f__Corynebacteriaceae; g__Corynebacterium; s__unclassified; 29326; GQ010101.1 gg_id:499564 Topographical and Temporal Human Skin Microbiome skin toe web space clone nbw782h01c1, GQ010101.1 gg_id:499564 Topographical and Temporal Human Skin Microbiome skin toe web space clone nbw782h01c1,9,-86.0,0.42578125,1.0,0.024423714337123724,317.0,254.53815832688906,0.9025232501776794,0.9754023282151151,0.044444444444444446,True,1.0,13234.0,Healthy,Male,Placebo-resistant (STRICT-ADAPTIVE)
26150, g__Faecalibacterium, s__Faecalibacterium prausnitzii, p__Firmicutes, c__Clostridia, o__Clostridiales, f__Ruminococcaceae,k__Bacteria; p__Firmicutes; c__Clostridia; o__Clostridiales; f__Ruminococcaceae; g__Faecalibacterium; s__Faecalibacterium prausnitzii; 26150; DQ799860.1 gg_id:177835 human fecal clone RL247_aaj21a09, DQ799860.1 gg_id:177835 human fecal clone RL247_aaj21a09,9,-64.0,0.65234375,1.0,0.03724669139722776,315.0,454.38650772222536,0.8064127004978174,0.9581536201140475,0.06666666666666667,True,1.0,12995.0,Healthy,Male,Placebo-resistant (STRICT-ADAPTIVE)
69882, g__unclassified, s__unclassified, p__Firmicutes, c__Clostridia, o__Clostridiales, f__Catabacteriaceae,k__Bacteria; p__Firmicutes; c__Clostridia; o__Clostridiales; f__Catabacteriaceae; g__unclassified; s__unclassified; 69882; GQ175384.1 gg_id:554511 Chicken intestinal microbiota modulations various feed supplementations DGGE and CSbyDG caeca content chicken gut clone cc_27, GQ175384.1 gg_id:554511 Chicken intestinal microbiota modulations various feed supplementations DGGE and CSbyDG caeca content chicken gut clone cc_27,9,455.0,0.21875,1.0,0.08585693427282047,1411.0,760.1198739672578,0.9025232501776794,0.9754023282151151,0.044444444444444446,True,1.0,11833.0,Healthy,Male,Placebo-resistant (STRICT-ADAPTIVE)
20940, g__unclassified, s__unclassified, p__Firmicutes, c__Clostridia, o__Clostridiales, f__Lachnospiraceae,k__Bacteria; p__Firmicutes; c__Clostridia; o__Clostridiales; f__Lachnospiraceae; g__unclassified; s__unclassified; 20940; EU773448.1 gg_id:328357 Black lemur feces clone BKLE_c07_1, EU773448.1 gg_id:328357 Black lemur feces clone BKLE_c07_1,9,-475.0,0.5703125,1.0,0.13296808946183805,1030.0,1104.9879458166047,1.0,1.0,0.0,True,1.0,12398.0,Healthy,Male,Placebo-resistant (STRICT-ADAPTIVE)
27954, g__Clostridium, s__unclassified, p__Firmicutes, c__Clostridia, o__Clostridiales, f__Clostridiaceae,k__Bacteria; p__Firmicutes; c__Clostridia; o__Clostridiales; f__Clostridiaceae; g__Clostridium; s__unclassified; 27954; AB487128.1 gg_id:587360 Microbial responsive denitrification-inducing conditions rice paddy soil clone TSNIR001_K22, AB487128.1 gg_id:587360 Microbial responsive denitrification-inducing conditions rice paddy soil clone TSNIR001_K22,9,-84.0,0.734375,1.0,0.043700990360974405,555.0,443.4021313034528,0.967435545139537,0.9928887934220945,0.022222222222222223,True,1.0,13401.0,Healthy,Male,Placebo-resistant (STRICT-ADAPTIVE)
44265, g__Clostridium, s__unclassified, p__Firmicutes, c__Clostridia, o__Clostridiales, f__Clostridiaceae,k__Bacteria; p__Firmicutes; c__Clostridia; o__Clostridiales; f__Clostridiaceae; g__Clostridium; s__unclassified; 44265; EU473643.1 gg_id:302631 banteng feces clone BG_aaa01c06.Contig1, EU473643.1 gg_id:302631 banteng feces clone BG_aaa01c06.Contig1,9,316.0,0.734375,1.0,0.19461782700547692,1514.0,1446.6535952712075,0.7750513736700824,0.9376534160753778,0.08888888888888889,True,1.0,11668.0,Healthy,Male,Placebo-resistant (STRICT-ADAPTIVE)
67866, g__Prevotella, s__unclassified, p__Bacteroidetes, c__Bacteroidia, o__Bacteroidales, f__Prevotellaceae,k__Bacteria; p__Bacteroidetes; c__Bacteroidia; o__Bacteroidales; f__Prevotellaceae; g__Prevotella; s__unclassified; 67866; GQ491577.1 gg_id:577157 Effect Diet on Human Gut Microbiome: Metagenomic Humanized Gnotobiotic Mice cecal contents Mus musculus strain C57BL/6J; PM3t2 clone PM3t2_a03c10, GQ491577.1 gg_id:577157 Effect Diet on Human Gut Microbiome: Metagenomic Humanized Gnotobiotic Mice cecal contents Mus musculus strain C57BL/6J PM3t2 clone PM3t2_a03c10,9,149.0,1.0,1.0,0.125780637052597,1488.0,1339.4396223960393,0.9025232501776794,0.9754023282151151,0.044444444444444446,True,1.0,13510.0,Healthy,Male,Placebo-resistant (STRICT-ADAPTIVE)
27549, g__Clostridium, s__unclassified, p__Firmicutes, c__Clostridia, o__Clostridiales, f__Clostridiaceae,k__Bacteria; p__Firmicutes; c__Clostridia; o__Clostridiales; f__Clostridiaceae; g__Clostridium; s__unclassified; 27549; AB374114.1 gg_id:245904 Effect temperature on microbial glucose-degrading methanogenic consortium under chemostat cultivation hyperthermophilic anaerobic glucose degrading reactor clone HTB1-B5, AB374114.1 gg_id:245904 Effect temperature on microbial glucose-degrading methanogenic consortium under chemostat cultivation hyperthermophilic anaerobic glucose degrading reactor clone HTB1-B5,9,219.0,0.30078125,1.0,0.10579932080991308,765.0,1063.1430537796878,0.967435545139537,0.9928887934220945,-0.022222222222222223,True,1.0,9356.0,Healthy,Male,Placebo-resistant (STRICT-ADAPTIVE)
68043, g__Prevotella, s__unclassified, p__Bacteroidetes, c__Bacteroidia, o__Bacteroidales, f__Prevotellaceae,k__Bacteria; p__Bacteroidetes; c__Bacteroidia; o__Bacteroidales; f__Prevotellaceae; g__Prevotella; s__unclassified; 68043; GQ493040.1 gg_id:543667 Effect Diet on Human Gut Microbiome: Metagenomic Humanized Gnotobiotic Mice cecal contents Mus musculus strain C57BL/6J; PM3t2 clone PM3t2_a01b01, GQ493040.1 gg_id:543667 Effect Diet on Human Gut Microbiome: Metagenomic Humanized Gnotobiotic Mice cecal contents Mus musculus strain C57BL/6J PM3t2 clone PM3t2_a01b01,9,161.0,1.0,1.0,0.11926153161003304,1493.0,1221.7857966108463,1.0,1.0,0.0,True,1.0,13673.0,Healthy,Male,Placebo-resistant (STRICT-ADAPTIVE)
67236, g__Prevotella, s__unclassified, p__Bacteroidetes, c__Bacteroidia, o__Bacteroidales, f__Prevotellaceae,k__Bacteria; p__Bacteroidetes; c__Bacteroidia; o__Bacteroidales; f__Prevotellaceae; g__Prevotella; s__unclassified; 67236; EU774309.1 gg_id:329650 Chimpanzee feces clone CHIMP1_aaj37f03, EU774309.1 gg_id:329650 Chimpanzee feces clone CHIMP1_aaj37f03,9,-468.0,0.8203125,1.0,0.0900474779816606,1632.0,1523.9668798384184,0.7750513736700824,0.9376534160753778,0.08888888888888889,True,1.0,12339.0,Healthy,Male,Placebo-resistant (STRICT-ADAPTIVE)
25482, g__Faecalibacterium, s__Faecalibacterium prausnitzii, p__Firmicutes, c__Clostridia, o__Clostridiales, f__Ruminococcaceae,k__Bacteria; p__Firmicutes; c__Clostridia; o__Clostridiales; f__Ruminococcaceae; g__Faecalibacterium; s__Faecalibacterium prausnitzii; 25482; FJ682856.1 gg_id:532075 Synecology primary and secondary habitats Escherichia coli O157:H7 fecal MARC beef cattle feedlot animal #4351 pen 301; was negative STEC O157 clone 8-4K6, FJ682856.1 gg_id:532075 Synecology primary and secondary habitats Escherichia coli O157:H7 fecal MARC beef cattle feedlot animal #4351 pen 301 was negative STEC O157 clone 8-4K6,9,-158.0,0.8203125,1.0,0.09689093565715466,710.0,910.3371399163669,0.6533789106936937,0.9002109436224224,0.13333333333333333,True,1.0,13698.0,Healthy,Male,Placebo-resistant (STRICT-ADAPTIVE)
17482, g__unclassified, s__unclassified, p__Firmicutes, c__Clostridia, o__Clostridiales, f__Lachnospiraceae,k__Bacteria; p__Firmicutes; c__Clostridia; o__Clostridiales; f__Lachnospiraceae; g__unclassified; s__unclassified; 17482; AJ408980.1 gg_id:36059 human colonic clone HuCA29, AJ408980.1 gg_id:36059 human colonic clone HuCA29,9,63.0,1.0,1.0,0.056399894232468176,1140.0,641.9389438256569,0.6533789106936937,0.9002109436224224,0.13333333333333333,True,1.0,13497.0,Healthy,Male,Placebo-resistant (STRICT-ADAPTIVE)
73910, g__Mycoplasma, s__unclassified, p__Tenericutes, c__Mollicutes, o__Mycoplasmatales, f__Mycoplasmataceae,k__Bacteria; p__Tenericutes; c__Mollicutes; o__Mycoplasmatales; f__Mycoplasmataceae; g__Mycoplasma; s__unclassified; 73910; EF510714.1 gg_id:224150 Loss During Antibiotic Treatment 1 Intubated Patients Colonized Pseudomonas aeruginosa endotracheal aspirate clone P2D15-545, EF510714.1 gg_id:224150 Loss During Antibiotic Treatment 1 Intubated Patients Colonized Pseudomonas aeruginosa endotracheal aspirate clone P2D15-545,9,79.0,0.42578125,1.0,0.04135639777596874,497.0,433.8270553009703,0.9025232501776794,0.9754023282151151,-0.044444444444444446,True,1.0,12150.0,Healthy,Male,Placebo-resistant (STRICT-ADAPTIVE)
5721, g__Salmonella, s__Salmonella enterica, p__Proteobacteria, c__Gammaproteobacteria, o__Enterobacteriales, f__Enterobacteriaceae,k__Bacteria; p__Proteobacteria; c__Gammaproteobacteria; o__Enterobacteriales; f__Enterobacteriaceae; g__Salmonella; s__Salmonella enterica; 5721; EF604258.1 gg_id:229218 Salmonella typhimurium Exploits Inflammation Compete Intestinal Microbiota mouse cecum clone 16saw14-01d08.w2k926r, EF604258.1 gg_id:229218 Salmonella typhimurium Exploits Inflammation Compete Intestinal Microbiota mouse cecum clone 16saw14-01d08.w2k926r,9,-296.0,0.8203125,1.0,0.1102544513103583,1335.0,1404.970648946091,0.7750513736700824,0.9376534160753778,0.08888888888888889,True,1.0,11698.0,Healthy,Male,Placebo-resistant (STRICT-ADAPTIVE)
26171, g__Faecalibacterium, s__Faecalibacterium prausnitzii, p__Firmicutes, c__Clostridia, o__Clostridiales, f__Ruminococcaceae,k__Bacteria; p__Firmicutes; c__Clostridia; o__Clostridiales; f__Ruminococcaceae; g__Faecalibacterium; s__Faecalibacterium prausnitzii; 26171; AY980264.1 gg_id:122590 human rectum mucosal biopsy clone MX02, AY980264.1 gg_id:122590 human rectum mucosal biopsy clone MX02,9,-152.0,1.0,1.0,0.07909517166661051,624.0,763.0975720341695,0.967435545139537,0.9928887934220945,0.022222222222222223,True,1.0,13861.0,Healthy,Male,Placebo-resistant (STRICT-ADAPTIVE)
24431, g__Faecalibacterium, s__unclassified, p__Firmicutes, c__Clostridia, o__Clostridiales, f__Ruminococcaceae,k__Bacteria; p__Firmicutes; c__Clostridia; o__Clostridiales; f__Ruminococcaceae; g__Faecalibacterium; s__unclassified; 24431; FJ365608.1 gg_id:360246 feces adult twins and mothers; TS20 clone TS20_a04h06, FJ365608.1 gg_id:360246 feces adult twins and mothers TS20 clone TS20_a04h06,9,-83.0,0.91015625,1.0,0.07705730152540301,826.0,1056.8868067636718,0.6533789106936937,0.9002109436224224,0.13333333333333333,True,1.0,12428.0,Healthy,Male,Placebo-resistant (STRICT-ADAPTIVE)
6618, g__Aggregatibacter, s__Aggregatibacter segnis, p__Proteobacteria, c__Gammaproteobacteria, o__Pasteurellales, f__Pasteurellaceae,k__Bacteria; p__Proteobacteria; c__Gammaproteobacteria; o__Pasteurellales; f__Pasteurellaceae; g__Aggregatibacter; s__Aggregatibacter segnis; 6618; AF224299.1 gg_id:17538 Haemophilus segnis str. MCCM 00337, AF224299.1 gg_id:17538 Haemophilus segnis str. MCCM 00337,9,469.0,0.734375,1.0,0.22207652399001074,2377.0,1609.5493988208143,0.7133031738784577,0.9207147820005681,0.1111111111111111,True,1.0,7084.0,Healthy,Male,Placebo-resistant (STRICT-ADAPTIVE)
72041, g__Weissella, s__unclassified, p__Firmicutes, c__Bacilli, o__Lactobacillales, f__Leuconostocaceae,k__Bacteria; p__Firmicutes; c__Bacilli; o__Lactobacillales; f__Leuconostocaceae; g__Weissella; s__unclassified; 72041; EU465515.1 gg_id:292431 lion feces clone LI3_aah78f11, EU465515.1 gg_id:292431 lion feces clone LI3_aah78f11,9,-62.0,0.8203125,1.0,0.05292141449862828,706.0,945.8156437934638,0.967435545139537,0.9928887934220945,0.022222222222222223,True,1.0,12826.0,Healthy,Male,Placebo-resistant (STRICT-ADAPTIVE)
17431, g__Roseburia, s__Eubacterium rectale, p__Firmicutes, c__Clostridia, o__Clostridiales, f__Lachnospiraceae,k__Bacteria; p__Firmicutes; c__Clostridia; o__Clostridiales; f__Lachnospiraceae; g__Roseburia; s__Eubacterium rectale; 17431; FJ370978.1 gg_id:358935 feces adult twins and mothers; TS5 clone TS5_a03e04, FJ370978.1 gg_id:358935 feces adult twins and mothers TS5 clone TS5_a03e04,9,-406.0,0.65234375,1.0,0.11168668055406718,1470.0,1313.776745688213,0.8382564863858263,0.9581536201140475,0.06666666666666667,True,1.0,13906.0,Healthy,Male,Placebo-resistant (STRICT-ADAPTIVE)
50855, g__Veillonella, s__unclassified, p__Firmicutes, c__Clostridia, o__Clostridiales, f__Veillonellaceae,k__Bacteria; p__Firmicutes; c__Clostridia; o__Clostridiales; f__Veillonellaceae; g__Veillonella; s__unclassified; 50855; GQ114136.1 gg_id:439586 Topographical and Temporal Human Skin Microbiome skin interdigital web space clone nbw682a10c1, GQ114136.1 gg_id:439586 Topographical and Temporal Human Skin Microbiome skin interdigital web space clone nbw682a10c1,9,-203.0,0.8203125,1.0,0.07956492687576579,1407.0,935.0051841092171,1.0,1.0,0.0,True,1.0,12363.0,Healthy,Male,Placebo-resistant (STRICT-ADAPTIVE)
55937, g__Akkermansia, s__unclassified, p__Verrucomicrobia, c__Verrucomicrobiae, o__Verrucomicrobiales, f__Verrucomicrobiaceae,k__Bacteria; p__Verrucomicrobia; c__Verrucomicrobiae; o__Verrucomicrobiales; f__Verrucomicrobiaceae; g__Akkermansia; s__unclassified; 55937; EF099628.1 gg_id:184620 mouse cecum clone SWPT4_aaa02b07, EF099628.1 gg_id:184620 mouse cecum clone SWPT4_aaa02b07,9,456.0,0.30078125,1.0,0.16813527781005663,1114.0,1200.4419597798137,0.5674585271954133,0.8815286128988666,-0.14444444444444443,True,1.0,10210.0,Healthy,Male,Placebo-resistant (STRICT-ADAPTIVE)
24704, g__Faecalibacterium, s__unclassified, p__Firmicutes, c__Clostridia, o__Clostridiales, f__Ruminococcaceae,k__Bacteria; p__Firmicutes; c__Clostridia; o__Clostridiales; f__Ruminococcaceae; g__Faecalibacterium; s__unclassified; 24704; FJ680557.1 gg_id:515764 Synecology primary and secondary habitats Escherichia coli O157:H7 fecal MARC beef cattle feedlot animal #4281 pen 301; was positive STEC O157 clone 5-3H2, FJ680557.1 gg_id:515764 Synecology primary and secondary habitats Escherichia coli O157:H7 fecal MARC beef cattle feedlot animal #4281 pen 301 was positive STEC O157 clone 5-3H2,9,40.0,0.65234375,1.0,0.03554170549239463,615.0,522.7820819423711,0.967435545139537,0.9928887934220945,-0.022222222222222223,True,1.0,13560.0,Healthy,Male,Placebo-resistant (STRICT-ADAPTIVE)
25809, g__Faecalibacterium, s__unclassified, p__Firmicutes, c__Clostridia, o__Clostridiales, f__Ruminococcaceae,k__Bacteria; p__Firmicutes; c__Clostridia; o__Clostridiales; f__Ruminococcaceae; g__Faecalibacterium; s__unclassified; 25809; EU767293.1 gg_id:318264 Pervasive effects antibiotic on human gut microbiota deep sequencing fecal clone C2_367, EU767293.1 gg_id:318264 Pervasive effects antibiotic on human gut microbiota deep sequencing fecal clone C2_367,9,40.0,0.91015625,1.0,0.06889650243701342,405.0,884.1429040853319,0.7133031738784577,0.9207147820005681,0.1111111111111111,True,1.0,13548.0,Healthy,Male,Placebo-resistant (STRICT-ADAPTIVE)
76036, g__Brachyspira, s__unclassified, p__Spirochaetes, c__Brachyspirae, o__Brachyspirales, f__Brachyspiraceae,k__Bacteria; p__Spirochaetes; c__Brachyspirae; o__Brachyspirales; f__Brachyspiraceae; g__Brachyspira; s__unclassified; 76036; AY312492.1 gg_id:88867 Brachyspira murdochii str. 56-150, AY312492.1 gg_id:88867 Brachyspira murdochii str. 56-150,9,306.0,0.515625,1.0,0.11201873334333441,969.0,875.0889552750876,0.9025232501776794,0.9754023282151151,0.044444444444444446,True,1.0,11562.0,Healthy,Male,Placebo-resistant (STRICT-ADAPTIVE)
26557, g__Faecalibacterium, s__Faecalibacterium prausnitzii, p__Firmicutes, c__Clostridia, o__Clostridiales, f__Ruminococcaceae,k__Bacteria; p__Firmicutes; c__Clostridia; o__Clostridiales; f__Ruminococcaceae; g__Faecalibacterium; s__Faecalibacterium prausnitzii; 26557; FJ676590.1 gg_id:519312 Synecology primary and secondary habitats Escherichia coli O157:H7 fecal MARC beef cattle feedlot animal #4225 pen 301; was negative STEC O157 clone 3-7O22, FJ676590.1 gg_id:519312 Synecology primary and secondary habitats Escherichia coli O157:H7 fecal MARC beef cattle feedlot animal #4225 pen 301 was negative STEC O157 clone 3-7O22,9,-12.0,0.796875,1.0,0.02570983002106108,353.0,480.69493277961647,0.7131829113892982,0.9207147820005681,0.1111111111111111,True,1.0,13950.0,Healthy,Male,Placebo-resistant (STRICT-ADAPTIVE)
46799, g__Staphylococcus, s__Staphylococcus epidermidis, p__Firmicutes, c__Bacilli, o__Bacillales, f__Staphylococcaceae,k__Bacteria; p__Firmicutes; c__Bacilli; o__Bacillales; f__Staphylococcaceae; g__Staphylococcus; s__Staphylococcus epidermidis; 46799; GQ042352.1 gg_id:373938 Topographical and Temporal Human Skin Microbiome skin nare clone nbw939c09c1, GQ042352.1 gg_id:373938 Topographical and Temporal Human Skin Microbiome skin nare clone nbw939c09c1,9,55.0,1.0,1.0,0.044918128693653074,782.0,494.06662222821734,0.7750513736700824,0.9376534160753778,0.08888888888888889,True,1.0,12905.0,Healthy,Male,Placebo-resistant (STRICT-ADAPTIVE)
25454, g__Faecalibacterium, s__unclassified, p__Firmicutes, c__Clostridia, o__Clostridiales, f__Ruminococcaceae,k__Bacteria; p__Firmicutes; c__Clostridia; o__Clostridiales; f__Ruminococcaceae; g__Faecalibacterium; s__unclassified; 25454; FJ367002.1 gg_id:367845 feces adult twins and mothers; TS28 clone TS28_a02c09, FJ367002.1 gg_id:367845 feces adult twins and mothers TS28 clone TS28_a02c09,9,18.0,0.734375,1.0,0.08587680113312597,507.0,790.1883056588474,0.6829598733032564,0.9207147820005681,0.1111111111111111,True,1.0,13606.0,Healthy,Male,Placebo-resistant (STRICT-ADAPTIVE)
50461, g__Veillonella, s__unclassified, p__Firmicutes, c__Clostridia, o__Clostridiales, f__Veillonellaceae,k__Bacteria; p__Firmicutes; c__Clostridia; o__Clostridiales; f__Veillonellaceae; g__Veillonella; s__unclassified; 50461; GQ006870.1 gg_id:502794 Topographical and Temporal Human Skin Microbiome skin occiput clone nbu88g07c1, GQ006870.1 gg_id:502794 Topographical and Temporal Human Skin Microbiome skin occiput clone nbu88g07c1,9,-161.0,0.734375,1.0,0.06896855195324558,1378.0,965.0118994315274,1.0,1.0,0.0,True,1.0,12155.0,Healthy,Male,Placebo-resistant (STRICT-ADAPTIVE)
68816, g__Bacteroides, s__Bacteroides plebeius, p__Bacteroidetes, c__Bacteroidia, o__Bacteroidales, f__Bacteroidaceae,k__Bacteria; p__Bacteroidetes; c__Bacteroidia; o__Bacteroidales; f__Bacteroidaceae; g__Bacteroides; s__Bacteroides plebeius; 68816; EU766635.1 gg_id:318833 Pervasive effects antibiotic on human gut microbiota deep sequencing fecal clone C1_326, EU766635.1 gg_id:318833 Pervasive effects antibiotic on human gut microbiota deep sequencing fecal clone C1_326,9,-57.0,0.8203125,1.0,0.16049843853344006,1617.0,1786.283625606838,1.0,1.0,0.0,True,1.0,8098.0,Healthy,Male,Placebo-resistant (STRICT-ADAPTIVE)
58435, g__unclassified, s__unclassified, p__Proteobacteria, c__Deltaproteobacteria, o__Desulfuromonadales, f__Desulfuromonadaceae,k__Bacteria; p__Proteobacteria; c__Deltaproteobacteria; o__Desulfuromonadales; f__Desulfuromonadaceae; g__unclassified; s__unclassified; 58435; AY998187.1 gg_id:115871 Continental deep subsurface geochemically structured within alternating shale-sandstone units: Implications astrobiology Cerro Negro, AY998187.1 gg_id:115871 Continental deep subsurface geochemically structured within alternating shale-sandstone units: Implications astrobiology Cerro Negro,9,276.0,0.359375,1.0,0.06024167143228243,617.0,592.2301903070385,0.967435545139537,0.9928887934220945,-0.022222222222222223,True,1.0,12625.0,Healthy,Male,Placebo-resistant (STRICT-ADAPTIVE)
66780, g__unclassified, s__unclassified, p__Bacteroidetes, c__Bacteroidia, o__Bacteroidales, f__RikenellaceaeII,k__Bacteria; p__Bacteroidetes; c__Bacteroidia; o__Bacteroidales; f__RikenellaceaeII; g__unclassified; s__unclassified; 66780; AJ488097.1 gg_id:66167 chlorobenzene-degrading consortium clone IIIB-1, AJ488097.1 gg_id:66167 chlorobenzene-degrading consortium clone IIIB-1,9,508.0,0.734375,1.0,0.11007657236380643,1389.0,1205.963906941018,0.967435545139537,0.9928887934220945,-0.022222222222222223,True,1.0,11764.0,Healthy,Male,Placebo-resistant (STRICT-ADAPTIVE)
57911, g__WCHB1-05, s__unclassified, p__Chloroflexi, c__Anaerolineae, o__Anaerolineales, f__Anaerolinaceae,k__Bacteria; p__Chloroflexi; c__Anaerolineae; o__Anaerolineales; f__Anaerolinaceae; g__WCHB1-05; s__unclassified; 57911; CU923309.1 gg_id:559697 Towards definition core microorganisms involved digestion mesophilic anaerobic digester which treats municipal wastewater sludge clone, CU923309.1 gg_id:559697 Towards definition core microorganisms involved digestion mesophilic anaerobic digester which treats municipal wastewater sludge clone,9,47.0,1.0,1.0,0.06808896753933379,886.0,1255.9018259402285,0.6533789106936937,0.9002109436224224,0.13333333333333333,True,1.0,12423.0,Healthy,Male,Placebo-resistant (STRICT-ADAPTIVE)
4944, g__Shigella, s__unclassified, p__Proteobacteria, c__Gammaproteobacteria, o__Enterobacteriales, f__Enterobacteriaceae,k__Bacteria; p__Proteobacteria; c__Gammaproteobacteria; o__Enterobacteriales; f__Enterobacteriaceae; g__Shigella; s__unclassified; 4944; EU470621.1 gg_id:293683 red panda feces clone RP_1aaa03d04, EU470621.1 gg_id:293683 red panda feces clone RP_1aaa03d04,9,351.0,0.49609375,1.0,0.14609038630685098,1965.0,1422.7066657607252,0.7750513736700824,0.9376534160753778,0.08888888888888889,True,1.0,11335.0,Healthy,Male,Placebo-resistant (STRICT-ADAPTIVE)
25966, g__Faecalibacterium, s__unclassified, p__Firmicutes, c__Clostridia, o__Clostridiales, f__Ruminococcaceae,k__Bacteria; p__Firmicutes; c__Clostridia; o__Clostridiales; f__Ruminococcaceae; g__Faecalibacterium; s__unclassified; 25966; FJ673387.1 gg_id:524753 Synecology primary and secondary habitats Escherichia coli O157:H7 fecal MARC beef cattle feedlot animal #4262 pen 301; was positive STEC O157 clone 130-5A16, FJ673387.1 gg_id:524753 Synecology primary and secondary habitats Escherichia coli O157:H7 fecal MARC beef cattle feedlot animal #4262 pen 301 was positive STEC O157 clone 130-5A16,9,-83.0,1.0,1.0,0.11922174237025063,846.0,1016.6874908468405,0.7133031738784577,0.9207147820005681,0.1111111111111111,True,1.0,13430.0,Healthy,Male,Placebo-resistant (STRICT-ADAPTIVE)
36142, g__Corynebacterium, s__unclassified, p__Actinobacteria, c__Actinobacteria, o__Actinomycetales, f__Corynebacteriaceae,k__Bacteria; p__Actinobacteria; c__Actinobacteria; o__Actinomycetales; f__Corynebacteriaceae; g__Corynebacterium; s__unclassified; 36142; GQ034455.1 gg_id:442713 Topographical and Temporal Human Skin Microbiome skin external auditory canal clone nbu342d05c1, GQ034455.1 gg_id:442713 Topographical and Temporal Human Skin Microbiome skin external auditory canal clone nbu342d05c1,9,-101.0,1.0,1.0,0.024649336993397383,385.0,297.4368803255201,0.6240539694958962,0.9002109436224224,0.13333333333333333,True,1.0,13764.0,Healthy,Male,Placebo-resistant (STRICT-ADAPTIVE)
70585, g__unclassified, s__unclassified, p__Firmicutes, c__Clostridia, o__Clostridiales, f__Lachnospiraceae,k__Bacteria; p__Firmicutes; c__Clostridia; o__Clostridiales; f__Lachnospiraceae; g__unclassified; s__unclassified; 70585; EU773131.1 gg_id:350906 BigHorn sheep feces clone BH1_aao27c02, EU773131.1 gg_id:350906 BigHorn sheep feces clone BH1_aao27c02,9,224.0,0.359375,1.0,0.06021390755318042,587.0,640.6698359616372,0.967435545139537,0.9928887934220945,-0.022222222222222223,True,1.0,13347.0,Healthy,Male,Placebo-resistant (STRICT-ADAPTIVE)
34314, g__Corynebacterium, s__unclassified, p__Actinobacteria, c__Actinobacteria, o__Actinomycetales, f__Corynebacteriaceae,k__Bacteria; p__Actinobacteria; c__Actinobacteria; o__Actinomycetales; f__Corynebacteriaceae; g__Corynebacterium; s__unclassified; 34314; GQ022856.1 gg_id:486813 Topographical and Temporal Human Skin Microbiome skin volar forearm clone nbu305h08c1, GQ022856.1 gg_id:486813 Topographical and Temporal Human Skin Microbiome skin volar forearm clone nbu305h08c1,9,-107.0,0.8203125,1.0,0.045632200494576315,856.0,579.4165168512199,0.9025232501776794,0.9754023282151151,0.044444444444444446,True,1.0,14234.0,Healthy,Male,Placebo-resistant (STRICT-ADAPTIVE)
37735, g__unclassified, s__unclassified, p__Actinobacteria, c__Actinobacteria, o__Actinomycetales, f__Corynebacteriaceae,k__Bacteria; p__Actinobacteria; c__Actinobacteria; o__Actinomycetales; f__Corynebacteriaceae; g__unclassified; s__unclassified; 37735; GQ055422.1 gg_id:376149 Topographical and Temporal Human Skin Microbiome skin occiput clone nbw1115a10c1, GQ055422.1 gg_id:376149 Topographical and Temporal Human Skin Microbiome skin occiput clone nbw1115a10c1,9,174.0,0.65234375,1.0,0.04477603483862101,487.0,369.44800283666444,0.7133031738784577,0.9207147820005681,-0.1111111111111111,True,1.0,11963.0,Healthy,Male,Placebo-resistant (STRICT-ADAPTIVE)
51191, g__sfA, s__unclassified, p__Acidobacteria, c__Chloracidobacteria, o__unclassified, f__unclassified,k__Bacteria; p__Acidobacteria; c__Chloracidobacteria; o__unclassified; f__unclassified; g__sfA; s__unclassified; 51191; AY289362.1 gg_id:88737 soil clone DS-249, AY289362.1 gg_id:88737 soil clone DS-249,9,-41.0,0.5703125,1.0,0.07506556567974375,1210.0,682.0070074257139,0.9025232501776794,0.9754023282151151,0.044444444444444446,True,1.0,11949.0,Healthy,Male,Placebo-resistant (STRICT-ADAPTIVE)
3932, g__Pseudomonas, s__unclassified, p__Proteobacteria, c__Gammaproteobacteria, o__Pseudomonadales, f__Pseudomonadaceae,k__Bacteria; p__Proteobacteria; c__Gammaproteobacteria; o__Pseudomonadales; f__Pseudomonadaceae; g__Pseudomonas; s__unclassified; 3932; AB037546.1 gg_id:47079 Pseudomonas aeruginosa str. #47, AB037546.1 gg_id:47079 Pseudomonas aeruginosa str. #47,9,415.0,1.0,1.0,0.061424803565308175,977.0,675.9942801861895,0.967435545139537,0.9928887934220945,-0.022222222222222223,True,1.0,10853.0,Healthy,Male,Placebo-resistant (STRICT-ADAPTIVE)
55384, g__Akkermansia, s__Akkermansia muciniphila, p__Verrucomicrobia, c__Verrucomicrobiae, o__Verrucomicrobiales, f__Verrucomicrobiaceae,k__Bacteria; p__Verrucomicrobia; c__Verrucomicrobiae; o__Verrucomicrobiales; f__Verrucomicrobiaceae; g__Akkermansia; s__Akkermansia muciniphila; 55384; EU763746.1 gg_id:346624 Pervasive effects antibiotic on human gut microbiota deep sequencing fecal clone A4_731, EU763746.1 gg_id:346624 Pervasive effects antibiotic on human gut microbiota deep sequencing fecal clone A4_731,9,385.0,0.65234375,1.0,0.15494818735452603,1309.0,1283.0934741908368,1.0,1.0,0.0,True,1.0,12640.0,Healthy,Male,Placebo-resistant (STRICT-ADAPTIVE)
27330, g__unclassified, s__unclassified, p__Firmicutes, c__Clostridia, o__Clostridiales, f__Lachnospiraceae,k__Bacteria; p__Firmicutes; c__Clostridia; o__Clostridiales; f__Lachnospiraceae; g__unclassified; s__unclassified; 27330; GQ448782.1 gg_id:570341 Microbiome neonatal calves: shedding microorganisms fecal clone calf784_10wks_grp1_F10, GQ448782.1 gg_id:570341 Microbiome neonatal calves: shedding microorganisms fecal clone calf784_10wks_grp1_F10,9,351.0,0.42578125,1.0,0.1475254858236055,1439.0,1210.6424116329497,0.967435545139537,0.9928887934220945,0.022222222222222223,True,1.0,10957.0,Healthy,Male,Placebo-resistant (STRICT-ADAPTIVE)
9427, g__Verminephrobacter, s__Verminephrobacter eiseniae, p__Proteobacteria, c__Betaproteobacteria, o__Burkholderiales, f__Comamonadaceae,k__Bacteria; p__Proteobacteria; c__Betaproteobacteria; o__Burkholderiales; f__Comamonadaceae; g__Verminephrobacter; s__Verminephrobacter eiseniae; 9427; DQ327662.1 gg_id:149224 Verminephrobacter foetidai str. EF01-1, DQ327662.1 gg_id:149224 Verminephrobacter foetidai str. EF01-1,9,-64.0,1.0,1.0,0.034597428986203264,442.0,366.64046991266224,1.0,1.0,0.0,True,1.0,12354.0,Healthy,Male,Placebo-resistant (STRICT-ADAPTIVE)
55387, g__sfB, s__unclassified, p__Chloroflexi, c__TK17, o__TK18, f__unclassified,k__Bacteria; p__Chloroflexi; c__TK17; o__TK18; f__unclassified; g__sfB; s__unclassified; 55387; GU118592.1 gg_id:554992 Threatened Corals Provide Microbial Habitats clone Mfav_D06, GU118592.1 gg_id:554992 Threatened Corals Provide Microbial Habitats clone Mfav_D06,9,51.0,1.0,1.0,0.07907658128298463,1212.0,761.30918601519,0.8382564863858263,0.9581536201140475,0.06666666666666667,True,1.0,11121.0,Healthy,Male,Placebo-resistant (STRICT-ADAPTIVE)
40673, g__Actinomyces, s__unclassified, p__Actinobacteria, c__Actinobacteria, o__Actinomycetales, f__Actinomycetaceae,k__Bacteria; p__Actinobacteria; c__Actinobacteria; o__Actinomycetales; f__Actinomycetaceae; g__Actinomyces; s__unclassified; 40673; X80414.1 gg_id:12560 Actinomyces gerencseriae str. DSM 6844, X80414.1 gg_id:12560 Actinomyces gerencseriae str. DSM 6844,9,79.0,1.0,1.0,0.1651763295271732,1136.0,1461.5871857675818,0.967435545139537,0.9928887934220945,0.022222222222222223,True,1.0,8220.0,Healthy,Male,Placebo-resistant (STRICT-ADAPTIVE)
55986, g__Akkermansia, s__Akkermansia muciniphila, p__Verrucomicrobia, c__Verrucomicrobiae, o__Verrucomicrobiales, f__Verrucomicrobiaceae,k__Bacteria; p__Verrucomicrobia; c__Verrucomicrobiae; o__Verrucomicrobiales; f__Verrucomicrobiaceae; g__Akkermansia; s__Akkermansia muciniphila; 55986; DQ805988.1 gg_id:193357 human fecal clone RL186_aah59f01, DQ805988.1 gg_id:193357 human fecal clone RL186_aah59f01,9,402.0,0.49609375,1.0,0.190965219428075,2009.0,1364.686505978571,0.967435545139537,0.9928887934220945,-0.022222222222222223,True,1.0,12686.0,Healthy,Male,Placebo-resistant (STRICT-ADAPTIVE)
69121, g__Bacteroides, s__Bacteroides plebeius, p__Bacteroidetes, c__Bacteroidia, o__Bacteroidales, f__Bacteroidaceae,k__Bacteria; p__Bacteroidetes; c__Bacteroidia; o__Bacteroidales; f__Bacteroidaceae; g__Bacteroides; s__Bacteroides plebeius; 69121; EU767622.1 gg_id:315932 Pervasive effects antibiotic on human gut microbiota deep sequencing fecal clone C3_068, EU767622.1 gg_id:315932 Pervasive effects antibiotic on human gut microbiota deep sequencing fecal clone C3_068,9,-45.0,0.42578125,1.0,0.10882766956101217,979.0,908.6440029944499,0.9025232501776794,0.9754023282151151,0.044444444444444446,True,1.0,11362.0,Healthy,Male,Placebo-resistant (STRICT-ADAPTIVE)
56081, g__Akkermansia, s__unclassified, p__Verrucomicrobia, c__Verrucomicrobiae, o__Verrucomicrobiales, f__Verrucomicrobiaceae,k__Bacteria; p__Verrucomicrobia; c__Verrucomicrobiae; o__Verrucomicrobiales; f__Verrucomicrobiaceae; g__Akkermansia; s__unclassified; 56081; EF604791.1 gg_id:232493 Salmonella typhimurium Exploits Inflammation Compete Intestinal Microbiota mouse cecum clone 16saw41-2a04.p1k, EF604791.1 gg_id:232493 Salmonella typhimurium Exploits Inflammation Compete Intestinal Microbiota mouse cecum clone 16saw41-2a04.p1k,9,-143.0,1.0,1.0,0.07589887100978095,880.0,867.7317659276972,0.7750513736700824,0.9376534160753778,0.08888888888888889,True,1.0,13254.0,Healthy,Male,Placebo-resistant (STRICT-ADAPTIVE)
17461, g__Roseburia, s__Eubacterium rectale, p__Firmicutes, c__Clostridia, o__Clostridiales, f__Lachnospiraceae,k__Bacteria; p__Firmicutes; c__Clostridia; o__Clostridiales; f__Lachnospiraceae; g__Roseburia; s__Eubacterium rectale; 17461; DQ794838.1 gg_id:177582 human fecal clone RL310_aam37a02, DQ794838.1 gg_id:177582 human fecal clone RL310_aam37a02,9,-328.0,0.8203125,1.0,0.15386267738271941,1484.0,1302.916038191939,0.7750513736700824,0.9376534160753778,0.08888888888888889,True,1.0,14429.0,Healthy,Male,Placebo-resistant (STRICT-ADAPTIVE)
50264, g__Megasphaera, s__unclassified, p__Firmicutes, c__Clostridia, o__Clostridiales, f__Veillonellaceae,k__Bacteria; p__Firmicutes; c__Clostridia; o__Clostridiales; f__Veillonellaceae; g__Megasphaera; s__unclassified; 50264; DQ278866.1 gg_id:151623 Megasphaera sp. TrE9262, DQ278866.1 gg_id:151623 Megasphaera sp. TrE9262,9,281.0,0.42578125,1.0,0.1018045762690935,625.0,428.34562109482465,0.9025232501776794,0.9754023282151151,-0.044444444444444446,True,1.0,5986.0,Healthy,Male,Placebo-resistant (STRICT-ADAPTIVE)
70281, g__unclassified, s__unclassified, p__Firmicutes, c__Clostridia, o__Clostridiales, f__Lachnospiraceae,k__Bacteria; p__Firmicutes; c__Clostridia; o__Clostridiales; f__Lachnospiraceae; g__unclassified; s__unclassified; 70281; GQ079660.1 gg_id:394828 Topographical and Temporal Human Skin Microbiome skin occiput clone nbw1232h02c1, GQ079660.1 gg_id:394828 Topographical and Temporal Human Skin Microbiome skin occiput clone nbw1232h02c1,9,-144.0,1.0,1.0,0.03618605373759028,596.0,365.52801722683006,0.8382564863858263,0.9581536201140475,-0.06666666666666667,True,1.0,13021.0,Healthy,Male,Placebo-resistant (STRICT-ADAPTIVE)
60401, g__unclassified, s__unclassified, p__Proteobacteria, c__Alphaproteobacteria, o__Rhodobacterales, f__Rhodobacteraceae,k__Bacteria; p__Proteobacteria; c__Alphaproteobacteria; o__Rhodobacterales; f__Rhodobacteraceae; g__unclassified; s__unclassified; 60401; FJ202842.1 gg_id:306401 and White Plague Disease-Induced Changes Caribbean Coral Montastraea faveolata kept aquarium 23 days clone SGUS757, FJ202842.1 gg_id:306401 and White Plague Disease-Induced Changes Caribbean Coral Montastraea faveolata kept aquarium 23 days clone SGUS757,9,420.0,0.25,1.0,0.17827594987089643,1782.0,1136.7216830869374,1.0,1.0,0.0,True,1.0,9890.0,Healthy,Male,Placebo-resistant (STRICT-ADAPTIVE)
50482, g__Anaeroglobus, s__unclassified, p__Firmicutes, c__Clostridia, o__Clostridiales, f__Veillonellaceae,k__Bacteria; p__Firmicutes; c__Clostridia; o__Clostridiales; f__Veillonellaceae; g__Anaeroglobus; s__unclassified; 50482; NR_028812.1 gg_id:539819 Anaeroglobus geminatus str. AIP313.00; CIP 106856; CCUG 4477, NR_028812.1 gg_id:539819 Anaeroglobus geminatus str. AIP313.00 CIP 106856 CCUG 4477,9,117.0,0.8203125,1.0,0.08745131393873332,1006.0,662.1599887573327,0.8382564863858263,0.9581536201140475,-0.06666666666666667,True,1.0,7992.0,Healthy,Male,Placebo-resistant (STRICT-ADAPTIVE)
25633, g__Faecalibacterium, s__Faecalibacterium prausnitzii, p__Firmicutes, c__Clostridia, o__Clostridiales, f__Ruminococcaceae,k__Bacteria; p__Firmicutes; c__Clostridia; o__Clostridiales; f__Ruminococcaceae; g__Faecalibacterium; s__Faecalibacterium prausnitzii; 25633; FJ371389.1 gg_id:360139 feces adult twins and mothers; TS6 clone TS6_a04d03, FJ371389.1 gg_id:360139 feces adult twins and mothers TS6 clone TS6_a04d03,9,47.0,0.734375,1.0,0.06707400919262192,962.0,587.691222478078,0.967435545139537,0.9928887934220945,0.022222222222222223,True,1.0,12003.0,Healthy,Male,Placebo-resistant (STRICT-ADAPTIVE)
5049, g__Enterobacter, s__Enterobacter hormaechei, p__Proteobacteria, c__Gammaproteobacteria, o__Enterobacteriales, f__Enterobacteriaceae,k__Bacteria; p__Proteobacteria; c__Gammaproteobacteria; o__Enterobacteriales; f__Enterobacteriaceae; g__Enterobacter; s__Enterobacter hormaechei; 5049; GQ260081.1 gg_id:587124 Enterobacter cloacae str. ICIRC91, GQ260081.1 gg_id:587124 Enterobacter cloacae str. ICIRC91,9,374.0,0.5703125,1.0,0.05927409023132299,902.0,620.0610815072979,0.7133031738784577,0.9207147820005681,-0.1111111111111111,True,1.0,12811.0,Healthy,Male,Placebo-resistant (STRICT-ADAPTIVE)
25348, g__Faecalibacterium, s__Faecalibacterium prausnitzii, p__Firmicutes, c__Clostridia, o__Clostridiales, f__Ruminococcaceae,k__Bacteria; p__Firmicutes; c__Clostridia; o__Clostridiales; f__Ruminococcaceae; g__Faecalibacterium; s__Faecalibacterium prausnitzii; 25348; FJ683649.1 gg_id:511146 Synecology primary and secondary habitats Escherichia coli O157:H7 fecal MARC beef cattle feedlot animal #4351 pen 301; was negative STEC O157 clone 8-7J16, FJ683649.1 gg_id:511146 Synecology primary and secondary habitats Escherichia coli O157:H7 fecal MARC beef cattle feedlot animal #4351 pen 301 was negative STEC O157 clone 8-7J16,9,-163.0,1.0,1.0,0.1148248828868335,1015.0,1006.1558664761859,0.5674585271954133,0.8815286128988666,0.14444444444444443,True,1.0,14159.0,Healthy,Male,Placebo-resistant (STRICT-ADAPTIVE)
52285, g__unclassified, s__unclassified, p__Proteobacteria, c__Deltaproteobacteria, o__Desulfobacterales, f__Nitrospinaceae,k__Bacteria; p__Proteobacteria; c__Deltaproteobacteria; o__Desulfobacterales; f__Nitrospinaceae; g__unclassified; s__unclassified; 52285; FJ517130.1 gg_id:512958 semiarid 'Tablas de Daimiel National Park' wetland (Central Spain) unravelled water clone TDNP_Wbc97_85_1_230, FJ517130.1 gg_id:512958 semiarid 'Tablas de Daimiel National Park' wetland (Central Spain) unravelled water clone TDNP_Wbc97_85_1_230,9,-1.0,0.5703125,1.0,0.05518981364944026,691.0,571.8906297536269,0.9025232501776794,0.9754023282151151,-0.044444444444444446,True,1.0,11118.0,Healthy,Male,Placebo-resistant (STRICT-ADAPTIVE)
24931, g__Faecalibacterium, s__Faecalibacterium prausnitzii, p__Firmicutes, c__Clostridia, o__Clostridiales, f__Ruminococcaceae,k__Bacteria; p__Firmicutes; c__Clostridia; o__Clostridiales; f__Ruminococcaceae; g__Faecalibacterium; s__Faecalibacterium prausnitzii; 24931; FJ682091.1 gg_id:518619 Synecology primary and secondary habitats Escherichia coli O157:H7 fecal MARC beef cattle feedlot animal #4351 pen 301; was negative STEC O157 clone 8-1L8, FJ682091.1 gg_id:518619 Synecology primary and secondary habitats Escherichia coli O157:H7 fecal MARC beef cattle feedlot animal #4351 pen 301 was negative STEC O157 clone 8-1L8,9,34.0,0.65234375,1.0,0.07932729897427697,604.0,786.5588758637207,0.967435545139537,0.9928887934220945,0.022222222222222223,True,1.0,14218.0,Healthy,Male,Placebo-resistant (STRICT-ADAPTIVE)
55221, g__Akkermansia, s__Akkermansia muciniphila, p__Verrucomicrobia, c__Verrucomicrobiae, o__Verrucomicrobiales, f__Verrucomicrobiaceae,k__Bacteria; p__Verrucomicrobia; c__Verrucomicrobiae; o__Verrucomicrobiales; f__Verrucomicrobiaceae; g__Akkermansia; s__Akkermansia muciniphila; 55221; FJ365265.1 gg_id:368894 feces adult twins and mothers; TS1 clone TS1_a04g10, FJ365265.1 gg_id:368894 feces adult twins and mothers TS1 clone TS1_a04g10,9,434.0,0.91015625,1.0,0.10742966126287082,1222.0,1105.3462436318816,0.9025232501776794,0.9754023282151151,0.044444444444444446,True,1.0,12708.0,Healthy,Male,Placebo-resistant (STRICT-ADAPTIVE)
44453, g__Clostridium, s__unclassified, p__Firmicutes, c__Clostridia, o__Clostridiales, f__Clostridiaceae,k__Bacteria; p__Firmicutes; c__Clostridia; o__Clostridiales; f__Clostridiaceae; g__Clostridium; s__unclassified; 44453; AF371844.1 gg_id:33176 swine intestine clone p-1965-s959-5, AF371844.1 gg_id:33176 swine intestine clone p-1965-s959-5,9,278.0,0.49609375,1.0,0.08188824761582249,1022.0,769.4555058683452,1.0,1.0,0.0,True,1.0,12379.0,Healthy,Male,Placebo-resistant (STRICT-ADAPTIVE)
50531, g__Veillonella, s__unclassified, p__Firmicutes, c__Clostridia, o__Clostridiales, f__Veillonellaceae,k__Bacteria; p__Firmicutes; c__Clostridia; o__Clostridiales; f__Veillonellaceae; g__Veillonella; s__unclassified; 50531; AF186072.1 gg_id:13824 Veillonella criceti str. ATCC17747, AF186072.1 gg_id:13824 Veillonella criceti str. ATCC17747,9,84.0,0.42578125,1.0,0.09551993191386007,1368.0,808.3727815253994,0.8382564863858263,0.9581536201140475,0.06666666666666667,True,1.0,12403.0,Healthy,Male,Placebo-resistant (STRICT-ADAPTIVE)
50684, g__Paenibacillus, s__Paenibacillus lentimorbus, p__Firmicutes, c__Bacilli, o__Bacillales, f__Paenibacillaceae,k__Bacteria; p__Firmicutes; c__Bacilli; o__Bacillales; f__Paenibacillaceae; g__Paenibacillus; s__Paenibacillus lentimorbus; 50684; EF190499.1 gg_id:241813 Paenibacillus lentimorbus str. DNG 10, EF190499.1 gg_id:241813 Paenibacillus lentimorbus str. DNG 10,9,104.0,0.8203125,1.0,0.07784303551941552,1024.0,697.544405468211,0.6533789106936937,0.9002109436224224,0.13333333333333333,True,1.0,9835.0,Healthy,Male,Placebo-resistant (STRICT-ADAPTIVE)
55815, g__Akkermansia, s__unclassified, p__Verrucomicrobia, c__Verrucomicrobiae, o__Verrucomicrobiales, f__Verrucomicrobiaceae,k__Bacteria; p__Verrucomicrobia; c__Verrucomicrobiae; o__Verrucomicrobiales; f__Verrucomicrobiaceae; g__Akkermansia; s__unclassified; 55815; EF603854.1 gg_id:230720 Salmonella typhimurium Exploits Inflammation Compete Intestinal Microbiota mouse cecum clone 16saw36-1d06.p1k, EF603854.1 gg_id:230720 Salmonella typhimurium Exploits Inflammation Compete Intestinal Microbiota mouse cecum clone 16saw36-1d06.p1k,9,467.0,0.8203125,1.0,0.2475666909844454,1816.0,1765.1128271523546,0.6533789106936937,0.9002109436224224,0.13333333333333333,True,1.0,12903.0,Healthy,Male,Placebo-resistant (STRICT-ADAPTIVE)
27514, g__unclassified, s__unclassified, p__Firmicutes, c__Clostridia, o__Clostridiales, f__Lachnospiraceae,k__Bacteria; p__Firmicutes; c__Clostridia; o__Clostridiales; f__Lachnospiraceae; g__unclassified; s__unclassified; 27514; EU381947.1 gg_id:260161 Rumen eubacterial implicates Bacteroidetes major phylum rumen particulate phase fistulated Holstein heifer clone P5_A17, EU381947.1 gg_id:260161 Rumen eubacterial implicates Bacteroidetes major phylum rumen particulate phase fistulated Holstein heifer clone P5_A17,9,69.0,1.0,1.0,0.11595598278417146,1771.0,1291.684177464101,0.7750513736700824,0.9376534160753778,0.08888888888888889,True,1.0,12075.0,Healthy,Male,Placebo-resistant (STRICT-ADAPTIVE)
49538, g__Sulfobacillus, s__unclassified, p__Firmicutes, c__Clostridia, o__Clostridiales, f__Sulfobacillaceae,k__Bacteria; p__Firmicutes; c__Clostridia; o__Clostridiales; f__Sulfobacillaceae; g__Sulfobacillus; s__unclassified; 49538; EU419137.1 gg_id:275460 Microbial and ecology selected andesitic hydrothermal acidic hydrothermally modified volcanic soil Mount Hood clone K17bMu17, EU419137.1 gg_id:275460 Microbial and ecology selected andesitic hydrothermal acidic hydrothermally modified volcanic soil Mount Hood clone K17bMu17,9,-94.0,0.734375,1.0,0.03472413552003787,478.0,369.84604731037905,0.6533789106936937,0.9002109436224224,0.13333333333333333,True,1.0,12307.0,Healthy,Male,Placebo-resistant (STRICT-ADAPTIVE)
5878, g__unclassified, s__unclassified, p__Proteobacteria, c__Gammaproteobacteria, o__Enterobacteriales, f__Enterobacteriaceae,k__Bacteria; p__Proteobacteria; c__Gammaproteobacteria; o__Enterobacteriales; f__Enterobacteriaceae; g__unclassified; s__unclassified; 5878; GQ155116.1 gg_id:511824 Human gut microbiome adopts alternative state bowel transplantation ileum intestinal transplant clone SHZB521, GQ155116.1 gg_id:511824 Human gut microbiome adopts alternative state bowel transplantation ileum intestinal transplant clone SHZB521,9,367.0,0.25,1.0,0.19170432321630063,2156.0,1594.795282968249,0.8382564863858263,0.9581536201140475,-0.06666666666666667,True,1.0,11288.0,Healthy,Male,Placebo-resistant (STRICT-ADAPTIVE)
46794, g__Staphylococcus, s__Staphylococcus epidermidis, p__Firmicutes, c__Bacilli, o__Bacillales, f__Staphylococcaceae,k__Bacteria; p__Firmicutes; c__Bacilli; o__Bacillales; f__Staphylococcaceae; g__Staphylococcus; s__Staphylococcus epidermidis; 46794; GQ046907.1 gg_id:457352 Topographical and Temporal Human Skin Microbiome skin gluteal crease clone nbw1006c01c1, GQ046907.1 gg_id:457352 Topographical and Temporal Human Skin Microbiome skin gluteal crease clone nbw1006c01c1,9,-11.0,0.8203125,1.0,0.06026662790575428,774.0,602.8328753477202,1.0,1.0,0.0,True,1.0,10637.0,Healthy,Male,Placebo-resistant (STRICT-ADAPTIVE)
24572, g__Faecalibacterium, s__Faecalibacterium prausnitzii, p__Firmicutes, c__Clostridia, o__Clostridiales, f__Ruminococcaceae,k__Bacteria; p__Firmicutes; c__Clostridia; o__Clostridiales; f__Ruminococcaceae; g__Faecalibacterium; s__Faecalibacterium prausnitzii; 24572; FJ683700.1 gg_id:530124 Synecology primary and secondary habitats Escherichia coli O157:H7 fecal MARC beef cattle feedlot animal #4351 pen 301; was negative STEC O157 clone 8-7M11, FJ683700.1 gg_id:530124 Synecology primary and secondary habitats Escherichia coli O157:H7 fecal MARC beef cattle feedlot animal #4351 pen 301 was negative STEC O157 clone 8-7M11,9,-22.0,0.8203125,1.0,0.10283143490594172,887.0,879.0625600035529,0.8382564863858263,0.9581536201140475,0.06666666666666667,True,1.0,14059.0,Healthy,Male,Placebo-resistant (STRICT-ADAPTIVE)
29693, g__Corynebacterium, s__unclassified, p__Actinobacteria, c__Actinobacteria, o__Actinomycetales, f__Corynebacteriaceae,k__Bacteria; p__Actinobacteria; c__Actinobacteria; o__Actinomycetales; f__Corynebacteriaceae; g__Corynebacterium; s__unclassified; 29693; GQ028499.1 gg_id:465434 Topographical and Temporal Human Skin Microbiome skin interdigital web space clone nbw855b07c1, GQ028499.1 gg_id:465434 Topographical and Temporal Human Skin Microbiome skin interdigital web space clone nbw855b07c1,9,-49.0,0.42578125,1.0,0.02178424893978622,285.0,223.12072526873078,0.7750513736700824,0.9376534160753778,0.08888888888888889,True,1.0,14517.0,Healthy,Male,Placebo-resistant (STRICT-ADAPTIVE)
13769, g__Aquabacterium, s__unclassified, p__Proteobacteria, c__Betaproteobacteria, o__Burkholderiales, f__Aquabacteriaceae,k__Bacteria; p__Proteobacteria; c__Betaproteobacteria; o__Burkholderiales; f__Aquabacteriaceae; g__Aquabacterium; s__unclassified; 13769; GQ090547.1 gg_id:401567 Topographical and Temporal Human Skin Microbiome skin popliteal fossa clone nbw335d10c1, GQ090547.1 gg_id:401567 Topographical and Temporal Human Skin Microbiome skin popliteal fossa clone nbw335d10c1,9,-160.0,0.91015625,1.0,0.05995396870479967,663.0,631.2046699587843,0.8382564863858263,0.9581536201140475,0.06666666666666667,True,1.0,13596.0,Healthy,Male,Placebo-resistant (STRICT-ADAPTIVE)
4726, g__unclassified, s__unclassified, p__Proteobacteria, c__Gammaproteobacteria, o__Enterobacteriales, f__Enterobacteriaceae,k__Bacteria; p__Proteobacteria; c__Gammaproteobacteria; o__Enterobacteriales; f__Enterobacteriaceae; g__unclassified; s__unclassified; 4726; AF130892.2 gg_id:10079 Pantoea endophytica str. A13, AF130892.2 gg_id:10079 Pantoea endophytica str. A13,9,-25.0,0.8203125,1.0,0.062881681998327,963.0,702.7132461474674,0.967435545139537,0.9928887934220945,0.022222222222222223,True,1.0,13055.0,Healthy,Male,Placebo-resistant (STRICT-ADAPTIVE)
26483, g__Faecalibacterium, s__unclassified, p__Firmicutes, c__Clostridia, o__Clostridiales, f__Ruminococcaceae,k__Bacteria; p__Firmicutes; c__Clostridia; o__Clostridiales; f__Ruminococcaceae; g__Faecalibacterium; s__unclassified; 26483; DQ805429.1 gg_id:189660 human fecal clone RL203_aai62e03, DQ805429.1 gg_id:189660 human fecal clone RL203_aai62e03,9,117.0,0.5703125,1.0,0.07169153524944316,892.0,659.7302660262837,0.9025232501776794,0.9754023282151151,-0.044444444444444446,True,1.0,12360.0,Healthy,Male,Placebo-resistant (STRICT-ADAPTIVE)
68677, g__Bacteroides, s__Bacteroides ovatus, p__Bacteroidetes, c__Bacteroidia, o__Bacteroidales, f__Bacteroidaceae,k__Bacteria; p__Bacteroidetes; c__Bacteroidia; o__Bacteroidales; f__Bacteroidaceae; g__Bacteroides; s__Bacteroides ovatus; 68677; FJ369010.1 gg_id:363625 feces adult twins and mothers; TS4 clone TS4_a03c03, FJ369010.1 gg_id:363625 feces adult twins and mothers TS4 clone TS4_a03c03,9,102.0,0.5703125,1.0,0.07106986270477873,948.0,893.4918446186289,0.6533789106936937,0.9002109436224224,0.13333333333333333,True,1.0,13823.0,Healthy,Male,Placebo-resistant (STRICT-ADAPTIVE)
55217, g__Akkermansia, s__unclassified, p__Verrucomicrobia, c__Verrucomicrobiae, o__Verrucomicrobiales, f__Verrucomicrobiaceae,k__Bacteria; p__Verrucomicrobia; c__Verrucomicrobiae; o__Verrucomicrobiales; f__Verrucomicrobiaceae; g__Akkermansia; s__unclassified; 55217; DQ793672.1 gg_id:184483 human fecal clone RL246_aai75d06, DQ793672.1 gg_id:184483 human fecal clone RL246_aai75d06,9,216.0,0.734375,1.0,0.16940137168767913,1604.0,1452.7172521863984,0.9025232501776794,0.9754023282151151,0.044444444444444446,True,1.0,10142.0,Healthy,Male,Placebo-resistant (STRICT-ADAPTIVE)
67622, g__Prevotella, s__unclassified, p__Bacteroidetes, c__Bacteroidia, o__Bacteroidales, f__Prevotellaceae,k__Bacteria; p__Bacteroidetes; c__Bacteroidia; o__Bacteroidales; f__Prevotellaceae; g__Prevotella; s__unclassified; 67622; GQ491879.1 gg_id:551635 Effect Diet on Human Gut Microbiome: Metagenomic Humanized Gnotobiotic Mice cecal contents Mus musculus strain C57BL/6J; PM4 clone PM4_a01f10, GQ491879.1 gg_id:551635 Effect Diet on Human Gut Microbiome: Metagenomic Humanized Gnotobiotic Mice cecal contents Mus musculus strain C57BL/6J PM4 clone PM4_a01f10,9,124.0,0.8203125,1.0,0.10132375173602158,1201.0,1348.4730692156966,0.7750513736700824,0.9376534160753778,0.08888888888888889,True,1.0,13347.0,Healthy,Male,Placebo-resistant (STRICT-ADAPTIVE)
56295, g__Akkermansia, s__unclassified, p__Verrucomicrobia, c__Verrucomicrobiae, o__Verrucomicrobiales, f__Verrucomicrobiaceae,k__Bacteria; p__Verrucomicrobia; c__Verrucomicrobiae; o__Verrucomicrobiales; f__Verrucomicrobiaceae; g__Akkermansia; s__unclassified; 56295; EF603614.1 gg_id:231947 Salmonella typhimurium Exploits Inflammation Compete Intestinal Microbiota mouse cecum clone 16saw15b07.p1ka, EF603614.1 gg_id:231947 Salmonella typhimurium Exploits Inflammation Compete Intestinal Microbiota mouse cecum clone 16saw15b07.p1ka,9,381.0,0.49609375,1.0,0.2191137371234311,2042.0,1418.9164229713383,0.9025232501776794,0.9754023282151151,0.044444444444444446,True,1.0,12406.0,Healthy,Male,Placebo-resistant (STRICT-ADAPTIVE)
4442, g__Erwinia, s__Candidatus Erwinia dacicola, p__Proteobacteria, c__Gammaproteobacteria, o__Enterobacteriales, f__Enterobacteriaceae,k__Bacteria; p__Proteobacteria; c__Gammaproteobacteria; o__Enterobacteriales; f__Enterobacteriaceae; g__Erwinia; s__Candidatus Erwinia dacicola; 4442; GQ478377.1 gg_id:551552 olive endosymbiont 'Candidatus Erwinia dacicola' switches intracellular extracellular existence during host insect whole adult wild male fly clone b9, GQ478377.1 gg_id:551552 olive endosymbiont 'Candidatus Erwinia dacicola' switches intracellular extracellular existence during host insect whole adult wild male fly clone b9,9,156.0,0.91015625,1.0,0.20731067341988688,1713.0,1416.5720379846555,0.9025232501776794,0.9754023282151151,-0.044444444444444446,True,1.0,6210.0,Healthy,Male,Placebo-resistant (STRICT-ADAPTIVE)
28366, g__unclassified, s__unclassified, p__Firmicutes, c__Clostridia, o__Clostridiales, f__Lachnospiraceae,k__Bacteria; p__Firmicutes; c__Clostridia; o__Clostridiales; f__Lachnospiraceae; g__unclassified; s__unclassified; 28366; FJ675915.1 gg_id:522124 Synecology primary and secondary habitats Escherichia coli O157:H7 fecal MARC beef cattle feedlot animal #4225 pen 301; was negative STEC O157 clone 3-5N1, FJ675915.1 gg_id:522124 Synecology primary and secondary habitats Escherichia coli O157:H7 fecal MARC beef cattle feedlot animal #4225 pen 301 was negative STEC O157 clone 3-5N1,9,67.0,0.359375,1.0,0.025808973894099564,420.0,248.8664847753599,0.967435545139537,0.9928887934220945,0.022222222222222223,True,1.0,13657.0,Healthy,Male,Placebo-resistant (STRICT-ADAPTIVE)
26255, g__Faecalibacterium, s__unclassified, p__Firmicutes, c__Clostridia, o__Clostridiales, f__Ruminococcaceae,k__Bacteria; p__Firmicutes; c__Clostridia; o__Clostridiales; f__Ruminococcaceae; g__Faecalibacterium; s__unclassified; 26255; EU765784.1 gg_id:305773 Pervasive effects antibiotic on human gut microbiota deep sequencing fecal clone B4_251, EU765784.1 gg_id:305773 Pervasive effects antibiotic on human gut microbiota deep sequencing fecal clone B4_251,9,308.0,0.65234375,1.0,0.15321563866115978,626.0,1261.765892408114,0.9025232501776794,0.9754023282151151,-0.044444444444444446,True,1.0,13159.0,Healthy,Male,Placebo-resistant (STRICT-ADAPTIVE)
47049, g__Staphylococcus, s__unclassified, p__Firmicutes, c__Bacilli, o__Bacillales, f__Staphylococcaceae,k__Bacteria; p__Firmicutes; c__Bacilli; o__Bacillales; f__Staphylococcaceae; g__Staphylococcus; s__unclassified; 47049; GQ082837.1 gg_id:436172 Topographical and Temporal Human Skin Microbiome skin toe web space clone nbw295h10c1, GQ082837.1 gg_id:436172 Topographical and Temporal Human Skin Microbiome skin toe web space clone nbw295h10c1,9,28.0,0.91015625,1.0,0.05178587583641994,639.0,508.15754604256347,0.6533789106936937,0.9002109436224224,0.13333333333333333,True,1.0,12039.0,Healthy,Male,Placebo-resistant (STRICT-ADAPTIVE)
55750, g__Akkermansia, s__unclassified, p__Verrucomicrobia, c__Verrucomicrobiae, o__Verrucomicrobiales, f__Verrucomicrobiaceae,k__Bacteria; p__Verrucomicrobia; c__Verrucomicrobiae; o__Verrucomicrobiales; f__Verrucomicrobiaceae; g__Akkermansia; s__unclassified; 55750; GQ491356.1 gg_id:589626 Effect Diet on Human Gut Microbiome: Metagenomic Humanized Gnotobiotic Mice cecal contents Mus musculus strain C57BL/6J; PM9t2 clone PM9t2_a03e10, GQ491356.1 gg_id:589626 Effect Diet on Human Gut Microbiome: Metagenomic Humanized Gnotobiotic Mice cecal contents Mus musculus strain C57BL/6J PM9t2 clone PM9t2_a03e10,9,75.0,0.65234375,1.0,0.07328279519374775,1135.0,800.6200374709591,0.9025232501776794,0.9754023282151151,0.044444444444444446,True,1.0,13495.0,Healthy,Male,Placebo-resistant (STRICT-ADAPTIVE)
67107, g__Prevotella, s__unclassified, p__Bacteroidetes, c__Bacteroidia, o__Bacteroidales, f__Prevotellaceae,k__Bacteria; p__Bacteroidetes; c__Bacteroidia; o__Bacteroidales; f__Prevotellaceae; g__Prevotella; s__unclassified; 67107; GQ179741.1 gg_id:453900 Heterogeneity vaginal microbial within individuals vagina clone VE62D04, GQ179741.1 gg_id:453900 Heterogeneity vaginal microbial within individuals vagina clone VE62D04,9,270.0,0.91015625,1.0,0.18496933724013082,1155.0,999.4046512021265,0.8382564863858263,0.9581536201140475,-0.06666666666666667,True,1.0,6185.0,Healthy,Male,Placebo-resistant (STRICT-ADAPTIVE)
26099, g__Faecalibacterium, s__Faecalibacterium prausnitzii, p__Firmicutes, c__Clostridia, o__Clostridiales, f__Ruminococcaceae,k__Bacteria; p__Firmicutes; c__Clostridia; o__Clostridiales; f__Ruminococcaceae; g__Faecalibacterium; s__Faecalibacterium prausnitzii; 26099; AY986127.1 gg_id:116066 human stool clone D470, AY986127.1 gg_id:116066 human stool clone D470,9,12.0,0.91015625,1.0,0.036585967773621296,558.0,400.43935476479385,0.7133031738784577,0.9207147820005681,0.1111111111111111,True,1.0,13943.0,Healthy,Male,Placebo-resistant (STRICT-ADAPTIVE)
18115, g__Roseburia, s__Eubacterium rectale, p__Firmicutes, c__Clostridia, o__Clostridiales, f__Lachnospiraceae,k__Bacteria; p__Firmicutes; c__Clostridia; o__Clostridiales; f__Lachnospiraceae; g__Roseburia; s__Eubacterium rectale; 18115; DQ327352.1 gg_id:148544 Metagenomic gut microbiome healthy human stool clone E907, DQ327352.1 gg_id:148544 Metagenomic gut microbiome healthy human stool clone E907,9,-198.0,0.5703125,1.0,0.09398551231951394,1567.0,965.1622241767328,0.9025232501776794,0.9754023282151151,0.044444444444444446,True,1.0,13931.0,Healthy,Male,Placebo-resistant (STRICT-ADAPTIVE)
52464, g__unclassified, s__unclassified, p__Proteobacteria, c__Deltaproteobacteria, o__Syntrophobacterales, f__Syntrophobacteraceae,k__Bacteria; p__Proteobacteria; c__Deltaproteobacteria; o__Syntrophobacterales; f__Syntrophobacteraceae; g__unclassified; s__unclassified; 52464; EU617849.1 gg_id:331603 Seasonal variation microbial Yel Sea sediment clone D13S-11, EU617849.1 gg_id:331603 Seasonal variation microbial Yel Sea sediment clone D13S-11,9,-5.0,0.42578125,1.0,0.026076393468830533,469.0,440.8744718296934,0.7750513736700824,0.9376534160753778,0.08888888888888889,True,1.0,12889.0,Healthy,Male,Placebo-resistant (STRICT-ADAPTIVE)
50763, g__Collinsella, s__Collinsella stercoris, p__Actinobacteria, c__Actinobacteria, o__Coriobacteriales, f__Coriobacteriaceae,k__Bacteria; p__Actinobacteria; c__Actinobacteria; o__Coriobacteriales; f__Coriobacteriaceae; g__Collinsella; s__Collinsella stercoris; 50763; AB031063.1 gg_id:46935 Collinsella intestinalis str. RCA56-68, AB031063.1 gg_id:46935 Collinsella intestinalis str. RCA56-68,9,-5.0,0.8203125,1.0,0.04429368414528638,583.0,444.20559839385686,0.7750513736700824,0.9376534160753778,0.08888888888888889,True,1.0,13043.0,Healthy,Male,Placebo-resistant (STRICT-ADAPTIVE)
50398, g__Dialister, s__unclassified, p__Firmicutes, c__Clostridia, o__Clostridiales, f__Veillonellaceae,k__Bacteria; p__Firmicutes; c__Clostridia; o__Clostridiales; f__Veillonellaceae; g__Dialister; s__unclassified; 50398; DQ325965.1 gg_id:148937 Metagenomic gut microbiome healthy human stool clone B855, DQ325965.1 gg_id:148937 Metagenomic gut microbiome healthy human stool clone B855,9,39.0,0.8203125,1.0,0.04451454347101017,990.0,1382.9516831923104,0.9025232501776794,0.9754023282151151,-0.044444444444444446,True,1.0,13351.0,Healthy,Male,Placebo-resistant (STRICT-ADAPTIVE)
28437, g__Corynebacterium, s__unclassified, p__Actinobacteria, c__Actinobacteria, o__Actinomycetales, f__Corynebacteriaceae,k__Bacteria; p__Actinobacteria; c__Actinobacteria; o__Actinomycetales; f__Corynebacteriaceae; g__Corynebacterium; s__unclassified; 28437; FM874948.1 gg_id:358896 occupant source house dust skin surface swab clone SB01C06, FM874948.1 gg_id:358896 occupant source house dust skin surface swab clone SB01C06,9,-54.0,0.5703125,1.0,0.0432910728154493,498.0,942.1545592948112,0.6533789106936937,0.9002109436224224,-0.13333333333333333,True,1.0,12844.0,Healthy,Male,Placebo-resistant (STRICT-ADAPTIVE)
18072, g__Roseburia, s__Eubacterium rectale, p__Firmicutes, c__Clostridia, o__Clostridiales, f__Lachnospiraceae,k__Bacteria; p__Firmicutes; c__Clostridia; o__Clostridiales; f__Lachnospiraceae; g__Roseburia; s__Eubacterium rectale; 18072; FJ371061.1 gg_id:363317 feces adult twins and mothers; TS5 clone TS5_a04e02, FJ371061.1 gg_id:363317 feces adult twins and mothers TS5 clone TS5_a04e02,9,-290.0,0.5703125,1.0,0.08074117412809705,1299.0,1087.6534679350364,0.7133031738784577,0.9207147820005681,0.1111111111111111,True,1.0,14566.0,Healthy,Male,Placebo-resistant (STRICT-ADAPTIVE)
25961, g__Faecalibacterium, s__unclassified, p__Firmicutes, c__Clostridia, o__Clostridiales, f__Ruminococcaceae,k__Bacteria; p__Firmicutes; c__Clostridia; o__Clostridiales; f__Ruminococcaceae; g__Faecalibacterium; s__unclassified; 25961; EU767170.1 gg_id:344490 Pervasive effects antibiotic on human gut microbiota deep sequencing fecal clone C1_788, EU767170.1 gg_id:344490 Pervasive effects antibiotic on human gut microbiota deep sequencing fecal clone C1_788,9,29.0,0.65234375,1.0,0.048639306716623504,477.0,966.9679968046743,0.8064127004978174,0.9581536201140475,-0.08888888888888889,True,1.0,13774.0,Healthy,Male,Placebo-resistant (STRICT-ADAPTIVE)
55981, g__Akkermansia, s__Akkermansia muciniphila, p__Verrucomicrobia, c__Verrucomicrobiae, o__Verrucomicrobiales, f__Verrucomicrobiaceae,k__Bacteria; p__Verrucomicrobia; c__Verrucomicrobiae; o__Verrucomicrobiales; f__Verrucomicrobiaceae; g__Akkermansia; s__Akkermansia muciniphila; 55981; EF099119.1 gg_id:196722 mouse cecum clone SWPT2_aaa02e11, EF099119.1 gg_id:196722 mouse cecum clone SWPT2_aaa02e11,9,129.0,0.91015625,1.0,0.20410643424036284,1453.0,1465.1237065858977,0.9025232501776794,0.9754023282151151,-0.044444444444444446,True,1.0,12544.0,Healthy,Male,Placebo-resistant (STRICT-ADAPTIVE)
26050, g__Faecalibacterium, s__unclassified, p__Firmicutes, c__Clostridia, o__Clostridiales, f__Ruminococcaceae,k__Bacteria; p__Firmicutes; c__Clostridia; o__Clostridiales; f__Ruminococcaceae; g__Faecalibacterium; s__unclassified; 26050; FJ673868.1 gg_id:516798 Synecology primary and secondary habitats Escherichia coli O157:H7 fecal MARC beef cattle feedlot animal #4262 pen 301; was positive STEC O157 clone 130-6I18, FJ673868.1 gg_id:516798 Synecology primary and secondary habitats Escherichia coli O157:H7 fecal MARC beef cattle feedlot animal #4262 pen 301 was positive STEC O157 clone 130-6I18,9,141.0,1.0,1.0,0.056188780527461714,848.0,593.0561882317729,0.9025232501776794,0.9754023282151151,-0.044444444444444446,True,1.0,13738.0,Healthy,Male,Placebo-resistant (STRICT-ADAPTIVE)
24505, g__Faecalibacterium, s__unclassified, p__Firmicutes, c__Clostridia, o__Clostridiales, f__Ruminococcaceae,k__Bacteria; p__Firmicutes; c__Clostridia; o__Clostridiales; f__Ruminococcaceae; g__Faecalibacterium; s__unclassified; 24505; FJ673321.1 gg_id:525934 Synecology primary and secondary habitats Escherichia coli O157:H7 fecal MARC beef cattle feedlot animal #4262 pen 301; was positive STEC O157 clone 130-2E13, FJ673321.1 gg_id:525934 Synecology primary and secondary habitats Escherichia coli O157:H7 fecal MARC beef cattle feedlot animal #4262 pen 301 was positive STEC O157 clone 130-2E13,9,106.0,1.0,1.0,0.07020827889470449,757.0,735.2400089766606,0.8381864806450703,0.9581536201140475,0.06666666666666667,True,1.0,13435.0,Healthy,Male,Placebo-resistant (STRICT-ADAPTIVE)
50290, g__Veillonella, s__Veillonella dispar, p__Firmicutes, c__Clostridia, o__Clostridiales, f__Veillonellaceae,k__Bacteria; p__Firmicutes; c__Clostridia; o__Clostridiales; f__Veillonellaceae; g__Veillonella; s__Veillonella dispar; 50290; GQ076880.1 gg_id:400365 Topographical and Temporal Human Skin Microbiome skin umbilicus clone nbw1154e10c1, GQ076880.1 gg_id:400365 Topographical and Temporal Human Skin Microbiome skin umbilicus clone nbw1154e10c1,9,229.0,0.91015625,1.0,0.12549420773671174,1229.0,1161.4297617065693,0.9025232501776794,0.9754023282151151,0.044444444444444446,True,1.0,12555.0,Healthy,Male,Placebo-resistant (STRICT-ADAPTIVE)
24897, g__Faecalibacterium, s__unclassified, p__Firmicutes, c__Clostridia, o__Clostridiales, f__Ruminococcaceae,k__Bacteria; p__Firmicutes; c__Clostridia; o__Clostridiales; f__Ruminococcaceae; g__Faecalibacterium; s__unclassified; 24897; DQ797659.1 gg_id:173956 human fecal clone RL206_aaj14c12, DQ797659.1 gg_id:173956 human fecal clone RL206_aaj14c12,9,-84.0,0.91015625,1.0,0.14062726807459217,1003.0,1266.6522041981373,0.9025232501776794,0.9754023282151151,0.044444444444444446,True,1.0,12839.0,Healthy,Male,Placebo-resistant (STRICT-ADAPTIVE)
67412, g__Prevotella, s__unclassified, p__Bacteroidetes, c__Bacteroidia, o__Bacteroidales, f__Prevotellaceae,k__Bacteria; p__Bacteroidetes; c__Bacteroidia; o__Bacteroidales; f__Prevotellaceae; g__Prevotella; s__unclassified; 67412; GQ491649.1 gg_id:589891 Effect Diet on Human Gut Microbiome: Metagenomic Humanized Gnotobiotic Mice cecal contents Mus musculus strain C57BL/6J; PM1 clone PM1_a03b04, GQ491649.1 gg_id:589891 Effect Diet on Human Gut Microbiome: Metagenomic Humanized Gnotobiotic Mice cecal contents Mus musculus strain C57BL/6J PM1 clone PM1_a03b04,9,-54.0,1.0,1.0,0.11319490763383377,1055.0,1026.0668084378217,0.7133031738784577,0.9207147820005681,0.1111111111111111,True,1.0,13672.0,Healthy,Male,Placebo-resistant (STRICT-ADAPTIVE)
4307, g__Pantoea, s__Pantoea oleae, p__Proteobacteria, c__Gammaproteobacteria, o__Enterobacteriales, f__Enterobacteriaceae,k__Bacteria; p__Proteobacteria; c__Gammaproteobacteria; o__Enterobacteriales; f__Enterobacteriaceae; g__Pantoea; s__Pantoea oleae; 4307; FJ611861.1 gg_id:589121 Pantoea oleae str. CFBP 6632, FJ611861.1 gg_id:589121 Pantoea oleae str. CFBP 6632,9,388.0,1.0,1.0,0.180752504313787,1689.0,1420.266802134178,0.9025232501776794,0.9754023282151151,0.044444444444444446,True,1.0,8873.0,Healthy,Male,Placebo-resistant (STRICT-ADAPTIVE)
56331, g__Akkermansia, s__Akkermansia muciniphila, p__Verrucomicrobia, c__Verrucomicrobiae, o__Verrucomicrobiales, f__Verrucomicrobiaceae,k__Bacteria; p__Verrucomicrobia; c__Verrucomicrobiae; o__Verrucomicrobiales; f__Verrucomicrobiaceae; g__Akkermansia; s__Akkermansia muciniphila; 56331; AJ315481.1 gg_id:24442 isolate HuCC13 clone, AJ315481.1 gg_id:24442 isolate HuCC13 clone,9,-29.0,0.91015625,1.0,0.04132120058392499,468.0,500.8033574168607,0.9025232501776794,0.9754023282151151,0.044444444444444446,True,1.0,13626.0,Healthy,Male,Placebo-resistant (STRICT-ADAPTIVE)
46264, g__Staphylococcus, s__Staphylococcus epidermidis, p__Firmicutes, c__Bacilli, o__Bacillales, f__Staphylococcaceae,k__Bacteria; p__Firmicutes; c__Bacilli; o__Bacillales; f__Staphylococcaceae; g__Staphylococcus; s__Staphylococcus epidermidis; 46264; GQ103271.1 gg_id:431479 Topographical and Temporal Human Skin Microbiome skin occiput clone nbw698c10c1, GQ103271.1 gg_id:431479 Topographical and Temporal Human Skin Microbiome skin occiput clone nbw698c10c1,9,20.0,0.65234375,1.0,0.05502857050729335,701.0,491.073042677405,0.7750513736700824,0.9376534160753778,-0.08888888888888889,True,1.0,11884.0,Healthy,Male,Placebo-resistant (STRICT-ADAPTIVE)
40932, g__Propionibacterium, s__Propionibacterium acnes, p__Actinobacteria, c__Actinobacteria, o__Actinomycetales, f__Propionibacteriaceae,k__Bacteria; p__Actinobacteria; c__Actinobacteria; o__Actinomycetales; f__Propionibacteriaceae; g__Propionibacterium; s__Propionibacterium acnes; 40932; GQ011586.1 gg_id:498081 Topographical and Temporal Human Skin Microbiome skin occiput clone nbw793g11c1, GQ011586.1 gg_id:498081 Topographical and Temporal Human Skin Microbiome skin occiput clone nbw793g11c1,9,69.0,0.734375,1.0,0.052606893840223996,809.0,495.20144821184755,0.934896814773755,0.9928887934220945,-0.022222222222222223,True,1.0,10886.0,Healthy,Male,Placebo-resistant (STRICT-ADAPTIVE)
67913, g__Prevotella, s__unclassified, p__Bacteroidetes, c__Bacteroidia, o__Bacteroidales, f__Prevotellaceae,k__Bacteria; p__Bacteroidetes; c__Bacteroidia; o__Bacteroidales; f__Prevotellaceae; g__Prevotella; s__unclassified; 67913; FJ680423.1 gg_id:529428 Synecology primary and secondary habitats Escherichia coli O157:H7 fecal MARC beef cattle feedlot animal #4281 pen 301; was positive STEC O157 clone 5-2O12, FJ680423.1 gg_id:529428 Synecology primary and secondary habitats Escherichia coli O157:H7 fecal MARC beef cattle feedlot animal #4281 pen 301 was positive STEC O157 clone 5-2O12,9,-15.0,1.0,1.0,0.05405904324744264,524.0,699.3208938518694,0.6533789106936937,0.9002109436224224,0.13333333333333333,True,1.0,13737.0,Healthy,Male,Placebo-resistant (STRICT-ADAPTIVE)
69009, g__Bacteroides, s__unclassified, p__Bacteroidetes, c__Bacteroidia, o__Bacteroidales, f__Bacteroidaceae,k__Bacteria; p__Bacteroidetes; c__Bacteroidia; o__Bacteroidales; f__Bacteroidaceae; g__Bacteroides; s__unclassified; 69009; AY895200.1 gg_id:112005 Bacteroides thetaiotaomicron str. 8669, AY895200.1 gg_id:112005 Bacteroides thetaiotaomicron str. 8669,9,237.0,0.8203125,1.0,0.19707985272084896,1797.0,1164.364828985219,0.6533789106936937,0.9002109436224224,-0.13333333333333333,True,1.0,7052.0,Healthy,Male,Placebo-resistant (STRICT-ADAPTIVE)
26316, g__Faecalibacterium, s__unclassified, p__Firmicutes, c__Clostridia, o__Clostridiales, f__Ruminococcaceae,k__Bacteria; p__Firmicutes; c__Clostridia; o__Clostridiales; f__Ruminococcaceae; g__Faecalibacterium; s__unclassified; 26316; FJ675734.1 gg_id:529354 Synecology primary and secondary habitats Escherichia coli O157:H7 fecal MARC beef cattle feedlot animal #4225 pen 301; was negative STEC O157 clone 3-5E13, FJ675734.1 gg_id:529354 Synecology primary and secondary habitats Escherichia coli O157:H7 fecal MARC beef cattle feedlot animal #4225 pen 301 was negative STEC O157 clone 3-5E13,9,376.0,0.42578125,1.0,0.06718095819393011,1080.0,992.9084366647309,0.6533789106936937,0.9002109436224224,-0.13333333333333333,True,1.0,12721.0,Healthy,Male,Placebo-resistant (STRICT-ADAPTIVE)
24971, g__Faecalibacterium, s__unclassified, p__Firmicutes, c__Clostridia, o__Clostridiales, f__Ruminococcaceae,k__Bacteria; p__Firmicutes; c__Clostridia; o__Clostridiales; f__Ruminococcaceae; g__Faecalibacterium; s__unclassified; 24971; FJ366455.1 gg_id:359333 feces adult twins and mothers; TS26 clone TS26_a03e03, FJ366455.1 gg_id:359333 feces adult twins and mothers TS26 clone TS26_a03e03,9,73.0,0.734375,1.0,0.08726508266988287,809.0,971.4146682259046,0.967435545139537,0.9928887934220945,-0.022222222222222223,True,1.0,13452.0,Healthy,Male,Placebo-resistant (STRICT-ADAPTIVE)
72024, g__Clostridium, s__unclassified, p__Firmicutes, c__Clostridia, o__Clostridiales, f__Clostridiaceae,k__Bacteria; p__Firmicutes; c__Clostridia; o__Clostridiales; f__Clostridiaceae; g__Clostridium; s__unclassified; 72024; AJ427628.1 gg_id:64232 Clostridium scatologenes str. FP, AJ427628.1 gg_id:64232 Clostridium scatologenes str. FP,9,-130.0,0.91015625,1.0,0.02657154250023292,391.0,398.0562409732798,0.6533789106936937,0.9002109436224224,0.13333333333333333,True,1.0,13709.0,Healthy,Male,Placebo-resistant (STRICT-ADAPTIVE)
72099, g__Pediococcus, s__Pediococcus acidilactici, p__Firmicutes, c__Bacilli, o__Lactobacillales, f__Lactobacillaceae,k__Bacteria; p__Firmicutes; c__Bacilli; o__Lactobacillales; f__Lactobacillaceae; g__Pediococcus; s__Pediococcus acidilactici; 72099; AF515229.1 gg_id:56475 Pediococcus acidilactici str. RO17, AF515229.1 gg_id:56475 Pediococcus acidilactici str. RO17,9,35.0,0.91015625,1.0,0.030007761763700583,536.0,309.8817403103606,0.7133031738784577,0.9207147820005681,-0.1111111111111111,True,1.0,12576.0,Healthy,Male,Placebo-resistant (STRICT-ADAPTIVE)
4420, g__Klebsiella, s__unclassified, p__Proteobacteria, c__Gammaproteobacteria, o__Enterobacteriales, f__Enterobacteriaceae,k__Bacteria; p__Proteobacteria; c__Gammaproteobacteria; o__Enterobacteriales; f__Enterobacteriaceae; g__Klebsiella; s__unclassified; 4420; GQ154902.1 gg_id:587608 Human gut microbiome adopts alternative state bowel transplantation ileum intestinal transplant clone SHZA652, GQ154902.1 gg_id:587608 Human gut microbiome adopts alternative state bowel transplantation ileum intestinal transplant clone SHZA652,9,158.0,0.734375,1.0,0.2236594659298124,1999.0,1632.400998093844,0.8382564863858263,0.9581536201140475,0.06666666666666667,True,1.0,10072.0,Healthy,Male,Placebo-resistant (STRICT-ADAPTIVE)
45657, g__Clostridium, s__unclassified, p__Firmicutes, c__Clostridia, o__Clostridiales, f__Clostridiaceae,k__Bacteria; p__Firmicutes; c__Clostridia; o__Clostridiales; f__Clostridiaceae; g__Clostridium; s__unclassified; 45657; GQ868434.1 gg_id:558476 Fungal and Structure Bioaerosols Pig Stable pig stable bioaerosols clone BBC512, GQ868434.1 gg_id:558476 Fungal and Structure Bioaerosols Pig Stable pig stable bioaerosols clone BBC512,9,250.0,0.1640625,1.0,0.09280534519191252,780.0,816.1834385588683,0.9025232501776794,0.9754023282151151,0.044444444444444446,True,1.0,11563.0,Healthy,Male,Placebo-resistant (STRICT-ADAPTIVE)
26354, g__Faecalibacterium, s__Faecalibacterium prausnitzii, p__Firmicutes, c__Clostridia, o__Clostridiales, f__Ruminococcaceae,k__Bacteria; p__Firmicutes; c__Clostridia; o__Clostridiales; f__Ruminococcaceae; g__Faecalibacterium; s__Faecalibacterium prausnitzii; 26354; FJ684556.1 gg_id:518669 Synecology primary and secondary habitats Escherichia coli O157:H7 fecal MARC beef cattle feedlot animal #4228 pen 301; was negative STEC O157 clone 6-8E13, FJ684556.1 gg_id:518669 Synecology primary and secondary habitats Escherichia coli O157:H7 fecal MARC beef cattle feedlot animal #4228 pen 301 was negative STEC O157 clone 6-8E13,9,-57.0,0.734375,1.0,0.1468596819501736,2021.0,1074.5910174573394,0.967435545139537,0.9928887934220945,0.022222222222222223,True,1.0,11593.0,Healthy,Male,Placebo-resistant (STRICT-ADAPTIVE)
50639, g__Veillonella, s__unclassified, p__Firmicutes, c__Clostridia, o__Clostridiales, f__Veillonellaceae,k__Bacteria; p__Firmicutes; c__Clostridia; o__Clostridiales; f__Veillonellaceae; g__Veillonella; s__unclassified; 50639; GQ019382.1 gg_id:490287 Topographical and Temporal Human Skin Microbiome skin umbilicus clone nbu189d04c1, GQ019382.1 gg_id:490287 Topographical and Temporal Human Skin Microbiome skin umbilicus clone nbu189d04c1,9,473.0,0.8203125,1.0,0.10542263757539143,2162.0,1219.0292975606087,0.7750513736700824,0.9376534160753778,-0.08888888888888889,True,1.0,11683.0,Healthy,Male,Placebo-resistant (STRICT-ADAPTIVE)
72109, g__Caloramator, s__unclassified, p__Firmicutes, c__Clostridia, o__Clostridiales, f__Clostridiaceae,k__Bacteria; p__Firmicutes; c__Clostridia; o__Clostridiales; f__Clostridiaceae; g__Caloramator; s__unclassified; 72109; GQ906581.1 gg_id:584933 Clostridium sp. str. SW003, GQ906581.1 gg_id:584933 Clostridium sp. str. SW003,9,121.0,0.49609375,1.0,0.06217338327312989,1041.0,608.1170426817522,0.967435545139537,0.9928887934220945,0.022222222222222223,True,1.0,12652.0,Healthy,Male,Placebo-resistant (STRICT-ADAPTIVE)
23558, g__Eubacterium, s__unclassified, p__Firmicutes, c__Clostridia, o__Clostridiales, f__Lachnospiraceae,k__Bacteria; p__Firmicutes; c__Clostridia; o__Clostridiales; f__Lachnospiraceae; g__Eubacterium; s__unclassified; 23558; EU474950.1 gg_id:292979 red river hog feces clone RRH_aaa03d10, EU474950.1 gg_id:292979 red river hog feces clone RRH_aaa03d10,9,69.0,1.0,1.0,0.02885908756315312,384.0,333.1899082772133,0.9025232501776794,0.9754023282151151,-0.044444444444444446,True,1.0,12801.0,Healthy,Male,Placebo-resistant (STRICT-ADAPTIVE)
24947, g__Faecalibacterium, s__Faecalibacterium prausnitzii, p__Firmicutes, c__Clostridia, o__Clostridiales, f__Ruminococcaceae,k__Bacteria; p__Firmicutes; c__Clostridia; o__Clostridiales; f__Ruminococcaceae; g__Faecalibacterium; s__Faecalibacterium prausnitzii; 24947; DQ825282.1 gg_id:176478 human fecal clone RL185_aan87g03, DQ825282.1 gg_id:176478 human fecal clone RL185_aan87g03,9,48.0,0.91015625,1.0,0.0690496220435295,581.0,636.1645574674667,0.967435545139537,0.9928887934220945,0.022222222222222223,True,1.0,13264.0,Healthy,Male,Placebo-resistant (STRICT-ADAPTIVE)
50736, g__Paenibacillus, s__unclassified, p__Firmicutes, c__Bacilli, o__Bacillales, f__Paenibacillaceae,k__Bacteria; p__Firmicutes; c__Bacilli; o__Bacillales; f__Paenibacillaceae; g__Paenibacillus; s__unclassified; 50736; EF016794.1 gg_id:251102 Hyper-Arid Atacama Desert Soils soil clone A2B-E3-114, EF016794.1 gg_id:251102 Hyper-Arid Atacama Desert Soils soil clone A2B-E3-114,9,342.0,0.359375,1.0,0.15116001778494406,1042.0,1008.4977628135821,0.8382564863858263,0.9581536201140475,-0.06666666666666667,True,1.0,10075.0,Healthy,Male,Placebo-resistant (STRICT-ADAPTIVE)
73672, g__Candidatus Pelagibacter, s__unclassified, p__Proteobacteria, c__Alphaproteobacteria, o__Rickettsiales, f__Pelagibacteraceae,k__Bacteria; p__Proteobacteria; c__Alphaproteobacteria; o__Rickettsiales; f__Pelagibacteraceae; g__Candidatus Pelagibacter; s__unclassified; 73672; DQ071172.1 gg_id:128312 marine surface water clone Surf1.9, DQ071172.1 gg_id:128312 marine surface water clone Surf1.9,9,22.0,0.70703125,1.0,0.034402943385391696,535.0,367.9151328469349,0.7131829113892982,0.9207147820005681,-0.1111111111111111,True,1.0,13504.0,Healthy,Male,Placebo-resistant (STRICT-ADAPTIVE)
10620, g__Aquabacterium, s__unclassified, p__Proteobacteria, c__Betaproteobacteria, o__Burkholderiales, f__Aquabacteriaceae,k__Bacteria; p__Proteobacteria; c__Betaproteobacteria; o__Burkholderiales; f__Aquabacteriaceae; g__Aquabacterium; s__unclassified; 10620; GQ102895.1 gg_id:459159 Topographical and Temporal Human Skin Microbiome skin inguinal crease clone nbw707c07c1, GQ102895.1 gg_id:459159 Topographical and Temporal Human Skin Microbiome skin inguinal crease clone nbw707c07c1,9,-65.0,0.8203125,1.0,0.09775745484650461,1395.0,985.3552612129292,0.6533789106936937,0.9002109436224224,0.13333333333333333,True,1.0,10643.0,Healthy,Male,Placebo-resistant (STRICT-ADAPTIVE)
24634, g__Faecalibacterium, s__unclassified, p__Firmicutes, c__Clostridia, o__Clostridiales, f__Ruminococcaceae,k__Bacteria; p__Firmicutes; c__Clostridia; o__Clostridiales; f__Ruminococcaceae; g__Faecalibacterium; s__unclassified; 24634; FJ367544.1 gg_id:363659 feces adult twins and mothers; TS29 clone TS29_a04g10, FJ367544.1 gg_id:363659 feces adult twins and mothers TS29 clone TS29_a04g10,9,59.0,1.0,1.0,0.10315311061168293,519.0,938.2686295038917,0.8382564863858263,0.9581536201140475,0.06666666666666667,True,1.0,14252.0,Healthy,Male,Placebo-resistant (STRICT-ADAPTIVE)
72687, g__Lactobacillus, s__unclassified, p__Firmicutes, c__Bacilli, o__Lactobacillales, f__Lactobacillaceae,k__Bacteria; p__Firmicutes; c__Bacilli; o__Lactobacillales; f__Lactobacillaceae; g__Lactobacillus; s__unclassified; 72687; EU465427.1 gg_id:300717 lion feces clone LI3_aah77b08, EU465427.1 gg_id:300717 lion feces clone LI3_aah77b08,9,235.0,0.734375,1.0,0.07440736625795652,721.0,758.856831029411,0.7133031738784577,0.9207147820005681,0.1111111111111111,True,1.0,11209.0,Healthy,Male,Placebo-resistant (STRICT-ADAPTIVE)
54997, g__Akkermansia, s__Akkermansia muciniphila, p__Verrucomicrobia, c__Verrucomicrobiae, o__Verrucomicrobiales, f__Verrucomicrobiaceae,k__Bacteria; p__Verrucomicrobia; c__Verrucomicrobiae; o__Verrucomicrobiales; f__Verrucomicrobiaceae; g__Akkermansia; s__Akkermansia muciniphila; 54997; DQ807825.1 gg_id:178569 human fecal clone RL180_aah37f08, DQ807825.1 gg_id:178569 human fecal clone RL180_aah37f08,9,29.0,1.0,1.0,0.09867562988448236,1059.0,1017.0299328491325,0.6533789106936937,0.9002109436224224,0.13333333333333333,True,1.0,13002.0,Healthy,Male,Placebo-resistant (STRICT-ADAPTIVE)
67467, g__Prevotella, s__unclassified, p__Bacteroidetes, c__Bacteroidia, o__Bacteroidales, f__Prevotellaceae,k__Bacteria; p__Bacteroidetes; c__Bacteroidia; o__Bacteroidales; f__Prevotellaceae; g__Prevotella; s__unclassified; 67467; GQ004014.1 gg_id:505648 Topographical and Temporal Human Skin Microbiome skin umbilicus clone nbu67e09c1, GQ004014.1 gg_id:505648 Topographical and Temporal Human Skin Microbiome skin umbilicus clone nbu67e09c1,9,-45.0,0.734375,1.0,0.20752520123391105,1847.0,1692.6528666497977,0.8382564863858263,0.9581536201140475,0.06666666666666667,True,1.0,9082.0,Healthy,Male,Placebo-resistant (STRICT-ADAPTIVE)
69408, g__unclassified, s__unclassified, p__Firmicutes, c__Clostridia, o__Clostridiales, f__Clostridiales Family XI. Incertae Sedis,k__Bacteria; p__Firmicutes; c__Clostridia; o__Clostridiales; f__Clostridiales Family XI. Incertae Sedis; g__unclassified; s__unclassified; 69408; EU289106.1 gg_id:242578 microbiome cloacal openings urogenital and anal tracts tammar wallaby Macropus eugenii cloaca clone 8837-D0--1F, EU289106.1 gg_id:242578 microbiome cloacal openings urogenital and anal tracts tammar wallaby Macropus eugenii cloaca clone 8837-D0--1F,9,57.0,0.91015625,1.0,0.03263705663749074,600.0,402.3668702951463,0.9025232501776794,0.9754023282151151,-0.044444444444444446,True,1.0,13234.0,Healthy,Male,Placebo-resistant (STRICT-ADAPTIVE)
44282, g__Clostridium, s__unclassified, p__Firmicutes, c__Clostridia, o__Clostridiales, f__Clostridiaceae,k__Bacteria; p__Firmicutes; c__Clostridia; o__Clostridiales; f__Clostridiaceae; g__Clostridium; s__unclassified; 44282; FJ682017.1 gg_id:512879 Synecology primary and secondary habitats Escherichia coli O157:H7 fecal MARC beef cattle feedlot animal #4351 pen 301; was negative STEC O157 clone 8-1G16, FJ682017.1 gg_id:512879 Synecology primary and secondary habitats Escherichia coli O157:H7 fecal MARC beef cattle feedlot animal #4351 pen 301 was negative STEC O157 clone 8-1G16,9,159.0,0.8203125,1.0,0.06582131684930786,938.0,729.8476609387591,0.6533789106936937,0.9002109436224224,0.13333333333333333,True,1.0,13726.0,Healthy,Male,Placebo-resistant (STRICT-ADAPTIVE)
32213, g__Corynebacterium, s__unclassified, p__Actinobacteria, c__Actinobacteria, o__Actinomycetales, f__Corynebacteriaceae,k__Bacteria; p__Actinobacteria; c__Actinobacteria; o__Actinomycetales; f__Corynebacteriaceae; g__Corynebacterium; s__unclassified; 32213; GQ010732.1 gg_id:498933 Topographical and Temporal Human Skin Microbiome skin glabella clone nbw738b09c1, GQ010732.1 gg_id:498933 Topographical and Temporal Human Skin Microbiome skin glabella clone nbw738b09c1,9,214.0,0.734375,1.0,0.06439843748404607,559.0,629.568856423011,0.967435545139537,0.9928887934220945,0.022222222222222223,True,1.0,11532.0,Healthy,Male,Placebo-resistant (STRICT-ADAPTIVE)
25494, g__Faecalibacterium, s__unclassified, p__Firmicutes, c__Clostridia, o__Clostridiales, f__Ruminococcaceae,k__Bacteria; p__Firmicutes; c__Clostridia; o__Clostridiales; f__Ruminococcaceae; g__Faecalibacterium; s__unclassified; 25494; FJ363917.1 gg_id:361782 feces adult twins and mothers; TS14 clone TS14_a04h05, FJ363917.1 gg_id:361782 feces adult twins and mothers TS14 clone TS14_a04h05,9,210.0,0.65234375,1.0,0.07865519540172473,810.0,1012.6739909983097,0.7750513736700824,0.9376534160753778,-0.08888888888888889,True,1.0,12985.0,Healthy,Male,Placebo-resistant (STRICT-ADAPTIVE)
44684, g__Streptococcus, s__unclassified, p__Firmicutes, c__Bacilli, o__Lactobacillales, f__Streptococcaceae,k__Bacteria; p__Firmicutes; c__Bacilli; o__Lactobacillales; f__Streptococcaceae; g__Streptococcus; s__unclassified; 44684; GQ018860.1 gg_id:490807 Topographical and Temporal Human Skin Microbiome skin umbilicus clone nbu191f07c1, GQ018860.1 gg_id:490807 Topographical and Temporal Human Skin Microbiome skin umbilicus clone nbu191f07c1,9,50.0,0.7421875,1.0,0.0387392150469581,483.0,368.31580905521827,0.967435545139537,0.9928887934220945,0.022222222222222223,True,1.0,12126.0,Healthy,Male,Placebo-resistant (STRICT-ADAPTIVE)
72799, g__Clostridium, s__unclassified, p__Firmicutes, c__Clostridia, o__Clostridiales, f__Clostridiaceae,k__Bacteria; p__Firmicutes; c__Clostridia; o__Clostridiales; f__Clostridiaceae; g__Clostridium; s__unclassified; 72799; EU376532.1 gg_id:275993 Clostridium sp. str. SL149, EU376532.1 gg_id:275993 Clostridium sp. str. SL149,9,25.0,0.91015625,1.0,0.1240897113660864,1804.0,1076.1822040899951,0.8382564863858263,0.9581536201140475,0.06666666666666667,True,1.0,10743.0,Healthy,Male,Placebo-resistant (STRICT-ADAPTIVE)
70773, g__Anaerococcus, s__unclassified, p__Firmicutes, c__Clostridia, o__Clostridiales, f__Clostridiales Family XI. Incertae Sedis,k__Bacteria; p__Firmicutes; c__Clostridia; o__Clostridiales; f__Clostridiales Family XI. Incertae Sedis; g__Anaerococcus; s__unclassified; 70773; GQ091453.1 gg_id:401886 Topographical and Temporal Human Skin Microbiome skin glabella clone nbw346c05c1, GQ091453.1 gg_id:401886 Topographical and Temporal Human Skin Microbiome skin glabella clone nbw346c05c1,9,60.0,0.5703125,1.0,0.02948435230617998,518.0,288.10698761243384,0.8382564863858263,0.9581536201140475,0.06666666666666667,True,1.0,13954.0,Healthy,Male,Placebo-resistant (STRICT-ADAPTIVE)
67605, g__Prevotella, s__unclassified, p__Bacteroidetes, c__Bacteroidia, o__Bacteroidales, f__Prevotellaceae,k__Bacteria; p__Bacteroidetes; c__Bacteroidia; o__Bacteroidales; f__Prevotellaceae; g__Prevotella; s__unclassified; 67605; AB477014.2 gg_id:528418 Prevotella dentasini str. NUM 1903, AB477014.2 gg_id:528418 Prevotella dentasini str. NUM 1903,9,-391.0,0.49609375,1.0,0.24796864483608075,2702.0,1631.8494251342895,0.9025232501776794,0.9754023282151151,0.044444444444444446,True,1.0,11978.0,Healthy,Male,Placebo-resistant (STRICT-ADAPTIVE)
58352, g__Myxococcus, s__unclassified, p__Proteobacteria, c__Deltaproteobacteria, o__Myxococcales, f__Myxococcaceae,k__Bacteria; p__Proteobacteria; c__Deltaproteobacteria; o__Myxococcales; f__Myxococcaceae; g__Myxococcus; s__unclassified; 58352; AJ233930.1 gg_id:10615 Myxococcus xanthus str. Mx x132, AJ233930.1 gg_id:10615 Myxococcus xanthus str. Mx x132,9,406.0,0.30078125,1.0,0.10138355577719792,1100.0,933.79600022941,0.9025232501776794,0.9754023282151151,-0.044444444444444446,True,1.0,11604.0,Healthy,Male,Placebo-resistant (STRICT-ADAPTIVE)
56252, g__Akkermansia, s__unclassified, p__Verrucomicrobia, c__Verrucomicrobiae, o__Verrucomicrobiales, f__Verrucomicrobiaceae,k__Bacteria; p__Verrucomicrobia; c__Verrucomicrobiae; o__Verrucomicrobiales; f__Verrucomicrobiaceae; g__Akkermansia; s__unclassified; 56252; GQ492323.1 gg_id:588591 Effect Diet on Human Gut Microbiome: Metagenomic Humanized Gnotobiotic Mice cecal contents Mus musculus strain C57BL/6J; PM5 clone PM5_a01f08, GQ492323.1 gg_id:588591 Effect Diet on Human Gut Microbiome: Metagenomic Humanized Gnotobiotic Mice cecal contents Mus musculus strain C57BL/6J PM5 clone PM5_a01f08,9,377.0,0.65234375,1.0,0.19650860896930053,1486.0,1836.4438452739155,0.7133031738784577,0.9207147820005681,0.1111111111111111,True,1.0,12260.0,Healthy,Male,Placebo-resistant (STRICT-ADAPTIVE)
33407, g__Corynebacterium, s__unclassified, p__Actinobacteria, c__Actinobacteria, o__Actinomycetales, f__Corynebacteriaceae,k__Bacteria; p__Actinobacteria; c__Actinobacteria; o__Actinomycetales; f__Corynebacteriaceae; g__Corynebacterium; s__unclassified; 33407; GQ097047.1 gg_id:439117 Topographical and Temporal Human Skin Microbiome skin popliteal fossa clone nbw393c04c1, GQ097047.1 gg_id:439117 Topographical and Temporal Human Skin Microbiome skin popliteal fossa clone nbw393c04c1,9,88.0,0.734375,1.0,0.037977052484791704,575.0,406.267826439653,0.7750513736700824,0.9376534160753778,0.08888888888888889,True,1.0,13360.0,Healthy,Male,Placebo-resistant (STRICT-ADAPTIVE)
50499, g__Veillonella, s__Veillonella dispar, p__Firmicutes, c__Clostridia, o__Clostridiales, f__Veillonellaceae,k__Bacteria; p__Firmicutes; c__Clostridia; o__Clostridiales; f__Veillonellaceae; g__Veillonella; s__Veillonella dispar; 50499; GQ073722.1 gg_id:412083 Topographical and Temporal Human Skin Microbiome skin interdigital web space clone nbw212b04c1, GQ073722.1 gg_id:412083 Topographical and Temporal Human Skin Microbiome skin interdigital web space clone nbw212b04c1,9,405.0,1.0,1.0,0.21805765806908708,4288.0,2284.4169831369322,0.967435545139537,0.9928887934220945,0.022222222222222223,True,1.0,11158.0,Healthy,Male,Placebo-resistant (STRICT-ADAPTIVE)
55731, g__Akkermansia, s__unclassified, p__Verrucomicrobia, c__Verrucomicrobiae, o__Verrucomicrobiales, f__Verrucomicrobiaceae,k__Bacteria; p__Verrucomicrobia; c__Verrucomicrobiae; o__Verrucomicrobiales; f__Verrucomicrobiaceae; g__Akkermansia; s__unclassified; 55731; GQ492726.1 gg_id:543645 Effect Diet on Human Gut Microbiome: Metagenomic Humanized Gnotobiotic Mice cecal contents Mus musculus strain C57BL/6J; PM9 clone PM9_a04c11, GQ492726.1 gg_id:543645 Effect Diet on Human Gut Microbiome: Metagenomic Humanized Gnotobiotic Mice cecal contents Mus musculus strain C57BL/6J PM9 clone PM9_a04c11,9,467.0,0.49609375,1.0,0.2222734946539111,2991.0,1914.158313410884,0.967435545139537,0.9928887934220945,0.022222222222222223,True,1.0,12068.0,Healthy,Male,Placebo-resistant (STRICT-ADAPTIVE)
17647, g__Roseburia, s__Eubacterium rectale, p__Firmicutes, c__Clostridia, o__Clostridiales, f__Lachnospiraceae,k__Bacteria; p__Firmicutes; c__Clostridia; o__Clostridiales; f__Lachnospiraceae; g__Roseburia; s__Eubacterium rectale; 17647; DQ801961.1 gg_id:194918 human fecal clone RL241_aaj01a10, DQ801961.1 gg_id:194918 human fecal clone RL241_aaj01a10,9,-287.0,0.49609375,1.0,0.06556182216066446,1012.0,834.5150560122395,0.6533789106936937,0.9002109436224224,0.13333333333333333,True,1.0,14679.0,Healthy,Male,Placebo-resistant (STRICT-ADAPTIVE)
5324, g__Salmonella, s__Salmonella enterica, p__Proteobacteria, c__Gammaproteobacteria, o__Enterobacteriales, f__Enterobacteriaceae,k__Bacteria; p__Proteobacteria; c__Gammaproteobacteria; o__Enterobacteriales; f__Enterobacteriaceae; g__Salmonella; s__Salmonella enterica; 5324; EF604385.1 gg_id:233497 Salmonella typhimurium Exploits Inflammation Compete Intestinal Microbiota mouse cecum clone 16saw45-2a02.p1ka, EF604385.1 gg_id:233497 Salmonella typhimurium Exploits Inflammation Compete Intestinal Microbiota mouse cecum clone 16saw45-2a02.p1ka,9,510.0,0.8203125,1.0,0.14046928189471203,1491.0,1175.2568614184352,1.0,1.0,0.0,True,1.0,10630.0,Healthy,Male,Placebo-resistant (STRICT-ADAPTIVE)
5263, g__unclassified, s__unclassified, p__Proteobacteria, c__Gammaproteobacteria, o__Enterobacteriales, f__Enterobacteriaceae,k__Bacteria; p__Proteobacteria; c__Gammaproteobacteria; o__Enterobacteriales; f__Enterobacteriaceae; g__unclassified; s__unclassified; 5263; EU472757.1 gg_id:301762 red panda feces clone RPSD_1aaa02d04, EU472757.1 gg_id:301762 red panda feces clone RPSD_1aaa02d04,9,128.0,0.42578125,1.0,0.031299121127408625,329.0,319.40876819523913,0.9025232501776794,0.9754023282151151,-0.044444444444444446,True,1.0,13013.0,Healthy,Male,Placebo-resistant (STRICT-ADAPTIVE)
55508, g__Akkermansia, s__unclassified, p__Verrucomicrobia, c__Verrucomicrobiae, o__Verrucomicrobiales, f__Verrucomicrobiaceae,k__Bacteria; p__Verrucomicrobia; c__Verrucomicrobiae; o__Verrucomicrobiales; f__Verrucomicrobiaceae; g__Akkermansia; s__unclassified; 55508; DQ797870.1 gg_id:196376 human fecal clone RL206_aaj16g12, DQ797870.1 gg_id:196376 human fecal clone RL206_aaj16g12,9,510.0,0.359375,1.0,0.20792352404920644,1418.0,1338.2106828315355,0.6533789106936937,0.9002109436224224,-0.13333333333333333,True,1.0,11839.0,Healthy,Male,Placebo-resistant (STRICT-ADAPTIVE)
14417, g__Burkholderia, s__unclassified, p__Proteobacteria, c__Betaproteobacteria, o__Burkholderiales, f__Burkholderiaceae,k__Bacteria; p__Proteobacteria; c__Betaproteobacteria; o__Burkholderiales; f__Burkholderiaceae; g__Burkholderia; s__unclassified; 14417; AM502995.1 gg_id:214181 endobacteria some ectomycorrhizas pine root, AM502995.1 gg_id:214181 endobacteria some ectomycorrhizas pine root,9,195.0,0.359375,1.0,0.1446438178982338,1498.0,927.1167155817607,0.6533789106936937,0.9002109436224224,0.13333333333333333,True,1.0,9747.0,Healthy,Male,Placebo-resistant (STRICT-ADAPTIVE)
17685, g__Roseburia, s__Eubacterium rectale, p__Firmicutes, c__Clostridia, o__Clostridiales, f__Lachnospiraceae,k__Bacteria; p__Firmicutes; c__Clostridia; o__Clostridiales; f__Lachnospiraceae; g__Roseburia; s__Eubacterium rectale; 17685; DQ802070.1 gg_id:175760 human fecal clone RL241_aaj02f12, DQ802070.1 gg_id:175760 human fecal clone RL241_aaj02f12,9,-60.0,0.65234375,1.0,0.05734205678365693,1020.0,807.5123967951066,0.7750513736700824,0.9376534160753778,0.08888888888888889,True,1.0,14230.0,Healthy,Male,Placebo-resistant (STRICT-ADAPTIVE)
49007, g__Bacillus, s__Bacillus sp. SG-1, p__Firmicutes, c__Bacilli, o__Bacillales, f__Bacillaceae,k__Bacteria; p__Firmicutes; c__Bacilli; o__Bacillales; f__Bacillaceae; g__Bacillus; s__Bacillus sp. SG-1; 49007; FJ373036.1 gg_id:319978 Bacillus sp. str. S6-1, FJ373036.1 gg_id:319978 Bacillus sp. str. S6-1,9,338.0,0.49609375,1.0,0.057763182703027785,693.0,588.1036276031631,0.9025232501776794,0.9754023282151151,-0.044444444444444446,True,1.0,12365.0,Healthy,Male,Placebo-resistant (STRICT-ADAPTIVE)
50224, g__Dialister, s__unclassified, p__Firmicutes, c__Clostridia, o__Clostridiales, f__Veillonellaceae,k__Bacteria; p__Firmicutes; c__Clostridia; o__Clostridiales; f__Veillonellaceae; g__Dialister; s__unclassified; 50224; EU773545.1 gg_id:349811 Goeldi's Marmoset feces clone CAL_e11, EU773545.1 gg_id:349811 Goeldi's Marmoset feces clone CAL_e11,9,-75.0,0.734375,1.0,0.12692766578513123,927.0,981.2539371640759,0.8382564863858263,0.9581536201140475,0.06666666666666667,True,1.0,11593.0,Healthy,Male,Placebo-resistant (STRICT-ADAPTIVE)
67395, g__Prevotella, s__unclassified, p__Bacteroidetes, c__Bacteroidia, o__Bacteroidales, f__Prevotellaceae,k__Bacteria; p__Bacteroidetes; c__Bacteroidia; o__Bacteroidales; f__Prevotellaceae; g__Prevotella; s__unclassified; 67395; GQ491127.1 gg_id:593125 Effect Diet on Human Gut Microbiome: Metagenomic Humanized Gnotobiotic Mice cecal contents Mus musculus strain C57BL/6J; PM6 clone PM6_a03d03, GQ491127.1 gg_id:593125 Effect Diet on Human Gut Microbiome: Metagenomic Humanized Gnotobiotic Mice cecal contents Mus musculus strain C57BL/6J PM6 clone PM6_a03d03,9,211.0,0.91015625,1.0,0.11234150912933366,1450.0,1214.5935621067283,0.8382564863858263,0.9581536201140475,0.06666666666666667,True,1.0,13865.0,Healthy,Male,Placebo-resistant (STRICT-ADAPTIVE)
25742, g__Faecalibacterium, s__unclassified, p__Firmicutes, c__Clostridia, o__Clostridiales, f__Ruminococcaceae,k__Bacteria; p__Firmicutes; c__Clostridia; o__Clostridiales; f__Ruminococcaceae; g__Faecalibacterium; s__unclassified; 25742; FJ681597.1 gg_id:524607 Synecology primary and secondary habitats Escherichia coli O157:H7 fecal MARC beef cattle feedlot animal #4281 pen 301; was positive STEC O157 clone 5-7M9, FJ681597.1 gg_id:524607 Synecology primary and secondary habitats Escherichia coli O157:H7 fecal MARC beef cattle feedlot animal #4281 pen 301 was positive STEC O157 clone 5-7M9,9,98.0,0.49609375,1.0,0.13907371722429102,841.0,1198.7944609481644,0.9025232501776794,0.9754023282151151,0.044444444444444446,True,1.0,12246.0,Healthy,Male,Placebo-resistant (STRICT-ADAPTIVE)
25847, g__Faecalibacterium, s__Faecalibacterium prausnitzii, p__Firmicutes, c__Clostridia, o__Clostridiales, f__Ruminococcaceae,k__Bacteria; p__Firmicutes; c__Clostridia; o__Clostridiales; f__Ruminococcaceae; g__Faecalibacterium; s__Faecalibacterium prausnitzii; 25847; FJ372125.1 gg_id:364515 feces adult twins and mothers; TS9 clone TS9_a02a07, FJ372125.1 gg_id:364515 feces adult twins and mothers TS9 clone TS9_a02a07,9,-63.0,1.0,1.0,0.09271693237258587,1044.0,864.6225132391592,0.7750513736700824,0.9376534160753778,0.08888888888888889,True,1.0,13852.0,Healthy,Male,Placebo-resistant (STRICT-ADAPTIVE)
24759, g__Faecalibacterium, s__unclassified, p__Firmicutes, c__Clostridia, o__Clostridiales, f__Ruminococcaceae,k__Bacteria; p__Firmicutes; c__Clostridia; o__Clostridiales; f__Ruminococcaceae; g__Faecalibacterium; s__unclassified; 24759; FJ365576.1 gg_id:361467 feces adult twins and mothers; TS20 clone TS20_a04e04, FJ365576.1 gg_id:361467 feces adult twins and mothers TS20 clone TS20_a04e04,9,224.0,0.65234375,1.0,0.07183792837163075,1211.0,905.1414484181157,0.7133031738784577,0.9207147820005681,0.1111111111111111,True,1.0,11344.0,Healthy,Male,Placebo-resistant (STRICT-ADAPTIVE)
25750, g__Faecalibacterium, s__Faecalibacterium prausnitzii, p__Firmicutes, c__Clostridia, o__Clostridiales, f__Ruminococcaceae,k__Bacteria; p__Firmicutes; c__Clostridia; o__Clostridiales; f__Ruminococcaceae; g__Faecalibacterium; s__Faecalibacterium prausnitzii; 25750; DQ325830.1 gg_id:148853 Metagenomic gut microbiome healthy human stool clone B575, DQ325830.1 gg_id:148853 Metagenomic gut microbiome healthy human stool clone B575,9,56.0,0.359375,1.0,0.053386866868958265,588.0,653.1748642166541,0.8382564863858263,0.9581536201140475,-0.06666666666666667,True,1.0,13978.0,Healthy,Male,Placebo-resistant (STRICT-ADAPTIVE)
70035, g__unclassified, s__unclassified, p__Firmicutes, c__Clostridia, o__Clostridiales, f__Lachnospiraceae,k__Bacteria; p__Firmicutes; c__Clostridia; o__Clostridiales; f__Lachnospiraceae; g__unclassified; s__unclassified; 70035; DQ797460.1 gg_id:186606 human fecal clone RL248_aai99f02, DQ797460.1 gg_id:186606 human fecal clone RL248_aai99f02,9,33.0,0.65234375,1.0,0.05744324866787939,777.0,622.0208120133744,0.9025232501776794,0.9754023282151151,-0.044444444444444446,True,1.0,12196.0,Healthy,Male,Placebo-resistant (STRICT-ADAPTIVE)
36550, g__Corynebacterium, s__unclassified, p__Actinobacteria, c__Actinobacteria, o__Actinomycetales, f__Corynebacteriaceae,k__Bacteria; p__Actinobacteria; c__Actinobacteria; o__Actinomycetales; f__Corynebacteriaceae; g__Corynebacterium; s__unclassified; 36550; GQ083847.1 gg_id:417117 Topographical and Temporal Human Skin Microbiome skin nare clone nbw254e09c1, GQ083847.1 gg_id:417117 Topographical and Temporal Human Skin Microbiome skin nare clone nbw254e09c1,9,110.0,0.91015625,1.0,0.04202439293116671,577.0,506.1860037575121,0.8382564863858263,0.9581536201140475,0.06666666666666667,True,1.0,13667.0,Healthy,Male,Placebo-resistant (STRICT-ADAPTIVE)
20367, g__unclassified, s__unclassified, p__Firmicutes, c__Clostridia, o__Clostridiales, f__Lachnospiraceae,k__Bacteria; p__Firmicutes; c__Clostridia; o__Clostridiales; f__Lachnospiraceae; g__unclassified; s__unclassified; 20367; DQ794467.1 gg_id:180911 human fecal clone RL197_aah88c06, DQ794467.1 gg_id:180911 human fecal clone RL197_aah88c06,9,-295.0,0.49609375,1.0,0.10864268996882827,1387.0,1128.3808343127973,0.9025232501776794,0.9754023282151151,0.044444444444444446,True,1.0,12743.0,Healthy,Male,Placebo-resistant (STRICT-ADAPTIVE)
67990, g__Prevotella, s__unclassified, p__Bacteroidetes, c__Bacteroidia, o__Bacteroidales, f__Prevotellaceae,k__Bacteria; p__Bacteroidetes; c__Bacteroidia; o__Bacteroidales; f__Prevotellaceae; g__Prevotella; s__unclassified; 67990; FJ673624.1 gg_id:513335 Synecology primary and secondary habitats Escherichia coli O157:H7 fecal MARC beef cattle feedlot animal #4262 pen 301; was positive STEC O157 clone 130-5M8, FJ673624.1 gg_id:513335 Synecology primary and secondary habitats Escherichia coli O157:H7 fecal MARC beef cattle feedlot animal #4262 pen 301 was positive STEC O157 clone 130-5M8,9,29.0,0.91015625,1.0,0.10398823650065595,1334.0,1080.9876181426769,0.5674585271954133,0.8815286128988666,0.14444444444444443,True,1.0,13069.0,Healthy,Male,Placebo-resistant (STRICT-ADAPTIVE)
15957, g__Succinivibrio, s__unclassified, p__Proteobacteria, c__Gammaproteobacteria, o__Aeromonadales, f__Succinivibrionaceae,k__Bacteria; p__Proteobacteria; c__Gammaproteobacteria; o__Aeromonadales; f__Succinivibrionaceae; g__Succinivibrio; s__unclassified; 15957; FJ681014.1 gg_id:514935 Synecology primary and secondary habitats Escherichia coli O157:H7 fecal MARC beef cattle feedlot animal #4281 pen 301; was positive STEC O157 clone 5-5B17, FJ681014.1 gg_id:514935 Synecology primary and secondary habitats Escherichia coli O157:H7 fecal MARC beef cattle feedlot animal #4281 pen 301 was positive STEC O157 clone 5-5B17,9,224.0,0.49609375,1.0,0.06160941045932107,1068.0,732.1289417703537,0.7133031738784577,0.9207147820005681,0.1111111111111111,True,1.0,12652.0,Healthy,Male,Placebo-resistant (STRICT-ADAPTIVE)
25265, g__Faecalibacterium, s__Faecalibacterium prausnitzii, p__Firmicutes, c__Clostridia, o__Clostridiales, f__Ruminococcaceae,k__Bacteria; p__Firmicutes; c__Clostridia; o__Clostridiales; f__Ruminococcaceae; g__Faecalibacterium; s__Faecalibacterium prausnitzii; 25265; GQ898309.1 gg_id:561072 Diets enriched fructans and/or can alter dominant fecal humans but do so non-consistent manner feces human soy protein supplemented diet clone S2-23, GQ898309.1 gg_id:561072 Diets enriched fructans and/or can alter dominant fecal humans but do so non-consistent manner feces human soy protein supplemented diet clone S2-23,9,-63.0,0.8203125,1.0,0.024068140315392617,529.0,306.5164474832921,0.9025232501776794,0.9754023282151151,0.044444444444444446,True,1.0,14340.0,Healthy,Male,Placebo-resistant (STRICT-ADAPTIVE)
25791, g__Faecalibacterium, s__unclassified, p__Firmicutes, c__Clostridia, o__Clostridiales, f__Ruminococcaceae,k__Bacteria; p__Firmicutes; c__Clostridia; o__Clostridiales; f__Ruminococcaceae; g__Faecalibacterium; s__unclassified; 25791; DQ801929.1 gg_id:189446 human fecal clone RL201_aai48f03, DQ801929.1 gg_id:189446 human fecal clone RL201_aai48f03,9,-52.0,1.0,1.0,0.03928192123076349,353.0,354.8453586814653,0.6533789106936937,0.9002109436224224,0.13333333333333333,True,1.0,13841.0,Healthy,Male,Placebo-resistant (STRICT-ADAPTIVE)
46183, g__Staphylococcus, s__Staphylococcus epidermidis, p__Firmicutes, c__Bacilli, o__Bacillales, f__Staphylococcaceae,k__Bacteria; p__Firmicutes; c__Bacilli; o__Bacillales; f__Staphylococcaceae; g__Staphylococcus; s__Staphylococcus epidermidis; 46183; GQ074022.1 gg_id:426723 Topographical and Temporal Human Skin Microbiome skin retroauricular crease clone nbw160f08c1, GQ074022.1 gg_id:426723 Topographical and Temporal Human Skin Microbiome skin retroauricular crease clone nbw160f08c1,9,139.0,1.0,1.0,0.06695449674237951,984.0,727.4332454444035,0.967435545139537,0.9928887934220945,-0.022222222222222223,True,1.0,11834.0,Healthy,Male,Placebo-resistant (STRICT-ADAPTIVE)
67389, g__Prevotella, s__unclassified, p__Bacteroidetes, c__Bacteroidia, o__Bacteroidales, f__Prevotellaceae,k__Bacteria; p__Bacteroidetes; c__Bacteroidia; o__Bacteroidales; f__Prevotellaceae; g__Prevotella; s__unclassified; 67389; GQ491485.1 gg_id:562839 Effect Diet on Human Gut Microbiome: Metagenomic Humanized Gnotobiotic Mice cecal contents Mus musculus strain C57BL/6J; PM6 clone PM6_a02a10, GQ491485.1 gg_id:562839 Effect Diet on Human Gut Microbiome: Metagenomic Humanized Gnotobiotic Mice cecal contents Mus musculus strain C57BL/6J PM6 clone PM6_a02a10,9,56.0,0.91015625,1.0,0.09432326361739692,1178.0,1190.7471492209327,0.6533789106936937,0.9002109436224224,0.13333333333333333,True,1.0,13442.0,Healthy,Male,Placebo-resistant (STRICT-ADAPTIVE)
50641, g__Veillonella, s__Veillonella dispar, p__Firmicutes, c__Clostridia, o__Clostridiales, f__Veillonellaceae,k__Bacteria; p__Firmicutes; c__Clostridia; o__Clostridiales; f__Veillonellaceae; g__Veillonella; s__Veillonella dispar; 50641; GQ032144.1 gg_id:465685 Topographical and Temporal Human Skin Microbiome skin volar forearm clone nbw903a09c1, GQ032144.1 gg_id:465685 Topographical and Temporal Human Skin Microbiome skin volar forearm clone nbw903a09c1,9,220.0,0.91015625,1.0,0.11929116392269273,1389.0,1144.2274719264135,0.967435545139537,0.9928887934220945,0.022222222222222223,True,1.0,12712.0,Healthy,Male,Placebo-resistant (STRICT-ADAPTIVE)
41681, g__Actinomadura, s__unclassified, p__Actinobacteria, c__Actinobacteria, o__Actinomycetales, f__Thermomonosporaceae,k__Bacteria; p__Actinobacteria; c__Actinobacteria; o__Actinomycetales; f__Thermomonosporaceae; g__Actinomadura; s__unclassified; 41681; AJ293717.1 gg_id:101749 Actinomadura cremea str. IMSNU 22168, AJ293717.1 gg_id:101749 Actinomadura cremea str. IMSNU 22168,9,386.0,0.30078125,1.0,0.192263545592392,1449.0,1197.0067522133886,0.967435545139537,0.9928887934220945,-0.022222222222222223,True,1.0,9441.0,Healthy,Male,Placebo-resistant (STRICT-ADAPTIVE)
68040, g__Prevotella, s__unclassified, p__Bacteroidetes, c__Bacteroidia, o__Bacteroidales, f__Prevotellaceae,k__Bacteria; p__Bacteroidetes; c__Bacteroidia; o__Bacteroidales; f__Prevotellaceae; g__Prevotella; s__unclassified; 68040; FJ681799.1 gg_id:520235 Synecology primary and secondary habitats Escherichia coli O157:H7 fecal MARC beef cattle feedlot animal #4281 pen 301; was positive STEC O157 clone 5-8I11, FJ681799.1 gg_id:520235 Synecology primary and secondary habitats Escherichia coli O157:H7 fecal MARC beef cattle feedlot animal #4281 pen 301 was positive STEC O157 clone 5-8I11,9,32.0,1.0,1.0,0.08764964798372794,1168.0,995.7274645202872,0.9025232501776794,0.9754023282151151,0.044444444444444446,True,1.0,13447.0,Healthy,Male,Placebo-resistant (STRICT-ADAPTIVE)
26372, g__Faecalibacterium, s__Faecalibacterium prausnitzii, p__Firmicutes, c__Clostridia, o__Clostridiales, f__Ruminococcaceae,k__Bacteria; p__Firmicutes; c__Clostridia; o__Clostridiales; f__Ruminococcaceae; g__Faecalibacterium; s__Faecalibacterium prausnitzii; 26372; AY982315.1 gg_id:118123 human sigmoid colon mucosal biopsy clone MI93, AY982315.1 gg_id:118123 human sigmoid colon mucosal biopsy clone MI93,9,19.0,0.5703125,1.0,0.12026990970458491,1097.0,1065.8876275563844,0.7750513736700824,0.9376534160753778,0.08888888888888889,True,1.0,13762.0,Healthy,Male,Placebo-resistant (STRICT-ADAPTIVE)
68879, g__Bacteroides, s__Bacteroides acidifaciens, p__Bacteroidetes, c__Bacteroidia, o__Bacteroidales, f__Bacteroidaceae,k__Bacteria; p__Bacteroidetes; c__Bacteroidia; o__Bacteroidales; f__Bacteroidaceae; g__Bacteroides; s__Bacteroides acidifaciens; 68879; EU136694.1 gg_id:256779 Bacteroides acidifaciens str. JCM10556, EU136694.1 gg_id:256779 Bacteroides acidifaciens str. JCM10556,9,-137.0,0.8203125,1.0,0.09259176627798035,1245.0,899.388811162583,0.8382564863858263,0.9581536201140475,-0.06666666666666667,True,1.0,12527.0,Healthy,Male,Placebo-resistant (STRICT-ADAPTIVE)
17562, g__Roseburia, s__Eubacterium rectale, p__Firmicutes, c__Clostridia, o__Clostridiales, f__Lachnospiraceae,k__Bacteria; p__Firmicutes; c__Clostridia; o__Clostridiales; f__Lachnospiraceae; g__Roseburia; s__Eubacterium rectale; 17562; FJ371131.1 gg_id:360819 feces adult twins and mothers; TS6 clone TS6_a01c10, FJ371131.1 gg_id:360819 feces adult twins and mothers TS6 clone TS6_a01c10,9,-186.0,0.5703125,1.0,0.04878027442582728,1101.0,768.9420083320833,0.7133031738784577,0.9207147820005681,0.1111111111111111,True,1.0,14506.0,Healthy,Male,Placebo-resistant (STRICT-ADAPTIVE)
16471, g__Succinivibrio, s__unclassified, p__Proteobacteria, c__Gammaproteobacteria, o__Aeromonadales, f__Succinivibrionaceae,k__Bacteria; p__Proteobacteria; c__Gammaproteobacteria; o__Aeromonadales; f__Succinivibrionaceae; g__Succinivibrio; s__unclassified; 16471; FJ673002.1 gg_id:524997 Synecology primary and secondary habitats Escherichia coli O157:H7 fecal MARC beef cattle feedlot animal #4262 pen 301; was positive STEC O157 clone 130-1C3, FJ673002.1 gg_id:524997 Synecology primary and secondary habitats Escherichia coli O157:H7 fecal MARC beef cattle feedlot animal #4262 pen 301 was positive STEC O157 clone 130-1C3,9,7.0,0.49609375,1.0,0.13009177647705342,1864.0,1252.0095082883533,0.9025232501776794,0.9754023282151151,0.044444444444444446,True,1.0,11213.0,Healthy,Male,Placebo-resistant (STRICT-ADAPTIVE)
55438, g__Akkermansia, s__Akkermansia muciniphila, p__Verrucomicrobia, c__Verrucomicrobiae, o__Verrucomicrobiales, f__Verrucomicrobiaceae,k__Bacteria; p__Verrucomicrobia; c__Verrucomicrobiae; o__Verrucomicrobiales; f__Verrucomicrobiaceae; g__Akkermansia; s__Akkermansia muciniphila; 55438; EU768083.1 gg_id:340215 Pervasive effects antibiotic on human gut microbiota deep sequencing fecal clone C4_325, EU768083.1 gg_id:340215 Pervasive effects antibiotic on human gut microbiota deep sequencing fecal clone C4_325,9,364.0,0.734375,1.0,0.15487946374982947,1590.0,1223.2215297320433,0.9025232501776794,0.9754023282151151,0.044444444444444446,True,1.0,12163.0,Healthy,Male,Placebo-resistant (STRICT-ADAPTIVE)
50716, g__Collinsella, s__unclassified, p__Actinobacteria, c__Actinobacteria, o__Coriobacteriales, f__Coriobacteriaceae,k__Bacteria; p__Actinobacteria; c__Actinobacteria; o__Coriobacteriales; f__Coriobacteriaceae; g__Collinsella; s__unclassified; 50716; EU463038.1 gg_id:301713 southern three-banded armadillo feces clone arma_aaj56h02, EU463038.1 gg_id:301713 southern three-banded armadillo feces clone arma_aaj56h02,9,-48.0,0.8203125,1.0,0.045688821784320315,643.0,447.9524076407125,0.6533789106936937,0.9002109436224224,0.13333333333333333,True,1.0,13002.0,Healthy,Male,Placebo-resistant (STRICT-ADAPTIVE)
44606, g__Clostridium, s__unclassified, p__Firmicutes, c__Clostridia, o__Clostridiales, f__Clostridiaceae,k__Bacteria; p__Firmicutes; c__Clostridia; o__Clostridiales; f__Clostridiaceae; g__Clostridium; s__unclassified; 44606; EU471447.1 gg_id:291025 spectacled bear feces clone SB_2aaa03f07, EU471447.1 gg_id:291025 spectacled bear feces clone SB_2aaa03f07,9,36.0,0.65234375,1.0,0.08894955991760842,1538.0,891.0643889192296,0.7133031738784577,0.9207147820005681,0.1111111111111111,True,1.0,12687.0,Healthy,Male,Placebo-resistant (STRICT-ADAPTIVE)
28334, g__unclassified, s__unclassified, p__Firmicutes, c__Clostridia, o__Clostridiales, f__Lachnospiraceae,k__Bacteria; p__Firmicutes; c__Clostridia; o__Clostridiales; f__Lachnospiraceae; g__unclassified; s__unclassified; 28334; FJ366015.1 gg_id:367674 feces adult twins and mothers; TS25 clone TS25_a01g03, FJ366015.1 gg_id:367674 feces adult twins and mothers TS25 clone TS25_a01g03,9,-50.0,1.0,1.0,0.12111531698865333,1429.0,1146.1996918706811,0.7131829113892982,0.9207147820005681,0.1111111111111111,True,1.0,11473.0,Healthy,Male,Placebo-resistant (STRICT-ADAPTIVE)
19524, g__Lachnospira, s__unclassified, p__Firmicutes, c__Clostridia, o__Clostridiales, f__Lachnospiraceae,k__Bacteria; p__Firmicutes; c__Clostridia; o__Clostridiales; f__Lachnospiraceae; g__Lachnospira; s__unclassified; 19524; FJ368392.1 gg_id:369652 feces adult twins and mothers; TS3 clone TS3_a03h01, FJ368392.1 gg_id:369652 feces adult twins and mothers TS3 clone TS3_a03h01,9,-86.0,1.0,1.0,0.163448855463477,1521.0,1356.3391151838753,0.9025232501776794,0.9754023282151151,0.044444444444444446,True,1.0,12717.0,Healthy,Male,Placebo-resistant (STRICT-ADAPTIVE)
26934, g__unclassified, s__unclassified, p__Firmicutes, c__Clostridia, o__Clostridiales, f__Ruminococcaceae,k__Bacteria; p__Firmicutes; c__Clostridia; o__Clostridiales; f__Ruminococcaceae; g__unclassified; s__unclassified; 26934; GQ491889.1 gg_id:560663 Effect Diet on Human Gut Microbiome: Metagenomic Humanized Gnotobiotic Mice cecal contents Mus musculus strain C57BL/6J; PM9t2 clone PM9t2_a03e08, GQ491889.1 gg_id:560663 Effect Diet on Human Gut Microbiome: Metagenomic Humanized Gnotobiotic Mice cecal contents Mus musculus strain C57BL/6J PM9t2 clone PM9t2_a03e08,9,51.0,0.49609375,1.0,0.0808296806588834,846.0,552.0286006278217,0.7750513736700824,0.9376534160753778,-0.08888888888888889,True,1.0,9182.0,Healthy,Male,Placebo-resistant (STRICT-ADAPTIVE)
26420, g__Faecalibacterium, s__unclassified, p__Firmicutes, c__Clostridia, o__Clostridiales, f__Ruminococcaceae,k__Bacteria; p__Firmicutes; c__Clostridia; o__Clostridiales; f__Ruminococcaceae; g__Faecalibacterium; s__unclassified; 26420; GQ016078.1 gg_id:493589 Topographical and Temporal Human Skin Microbiome skin gluteal crease clone nbw820g12c1, GQ016078.1 gg_id:493589 Topographical and Temporal Human Skin Microbiome skin gluteal crease clone nbw820g12c1,9,228.0,0.5703125,1.0,0.05335522874478067,551.0,590.7165348775821,0.9025232501776794,0.9754023282151151,-0.044444444444444446,True,1.0,13734.0,Healthy,Male,Placebo-resistant (STRICT-ADAPTIVE)
30798, g__Corynebacterium, s__unclassified, p__Actinobacteria, c__Actinobacteria, o__Actinomycetales, f__Corynebacteriaceae,k__Bacteria; p__Actinobacteria; c__Actinobacteria; o__Actinomycetales; f__Corynebacteriaceae; g__Corynebacterium; s__unclassified; 30798; GQ054118.1 gg_id:432811 Topographical and Temporal Human Skin Microbiome skin buttock clone nbw1098g11c1, GQ054118.1 gg_id:432811 Topographical and Temporal Human Skin Microbiome skin buttock clone nbw1098g11c1,9,283.0,0.8203125,1.0,0.08266827072130885,908.0,735.329305851769,1.0,1.0,0.0,True,1.0,10933.0,Healthy,Male,Placebo-resistant (STRICT-ADAPTIVE)
45159, g__Clostridium, s__unclassified, p__Firmicutes, c__Clostridia, o__Clostridiales, f__Clostridiaceae,k__Bacteria; p__Firmicutes; c__Clostridia; o__Clostridiales; f__Clostridiaceae; g__Clostridium; s__unclassified; 45159; FJ679435.1 gg_id:517527 Synecology primary and secondary habitats Escherichia coli O157:H7 fecal MARC beef cattle feedlot animal #4017 pen 301; was positive STEC O157 clone 4-1M21, FJ679435.1 gg_id:517527 Synecology primary and secondary habitats Escherichia coli O157:H7 fecal MARC beef cattle feedlot animal #4017 pen 301 was positive STEC O157 clone 4-1M21,9,-54.0,1.0,1.0,0.07658520747419477,729.0,976.4832066371875,0.6533789106936937,0.9002109436224224,0.13333333333333333,True,1.0,11127.0,Healthy,Male,Placebo-resistant (STRICT-ADAPTIVE)
58625, g__unclassified, s__unclassified, p__Gemmatimonadetes, c__Gemmatimonadetes, o__Gemmatimonadales, f__Gemmatimonadaceae,k__Bacteria; p__Gemmatimonadetes; c__Gemmatimonadetes; o__Gemmatimonadales; f__Gemmatimonadaceae; g__unclassified; s__unclassified; 58625; EF688378.1 gg_id:250371 soil clone F6-84, EF688378.1 gg_id:250371 soil clone F6-84,9,346.0,0.8203125,1.0,0.08280312055754288,1196.0,930.4710660735238,0.7750513736700824,0.9376534160753778,-0.08888888888888889,True,1.0,12276.0,Healthy,Male,Placebo-resistant (STRICT-ADAPTIVE)
56093, g__Rubrobacter, s__unclassified, p__Actinobacteria, c__Actinobacteria, o__Rubrobacterales, f__Rubrobacteraceae,k__Bacteria; p__Actinobacteria; c__Actinobacteria; o__Rubrobacterales; f__Rubrobacteraceae; g__Rubrobacter; s__unclassified; 56093; EU132476.1 gg_id:251161 tallgrass prarie soil clone FFCH12333, EU132476.1 gg_id:251161 tallgrass prarie soil clone FFCH12333,9,173.0,0.42578125,1.0,0.09496009479646284,758.0,1054.1263442301401,0.7133031738784577,0.9207147820005681,-0.1111111111111111,True,1.0,11402.0,Healthy,Male,Placebo-resistant (STRICT-ADAPTIVE)
26665, g__unclassified, s__unclassified, p__Firmicutes, c__Clostridia, o__Clostridiales, f__Ruminococcaceae,k__Bacteria; p__Firmicutes; c__Clostridia; o__Clostridiales; f__Ruminococcaceae; g__unclassified; s__unclassified; 26665; GQ079311.1 gg_id:435792 Topographical and Temporal Human Skin Microbiome skin occiput clone nbw1231c09c1, GQ079311.1 gg_id:435792 Topographical and Temporal Human Skin Microbiome skin occiput clone nbw1231c09c1,9,102.0,0.8203125,1.0,0.11493294171455283,863.0,1013.2607166963495,0.6533789106936937,0.9002109436224224,-0.13333333333333333,True,1.0,13625.0,Healthy,Male,Placebo-resistant (STRICT-ADAPTIVE)
22611, g__unclassified, s__unclassified, p__Firmicutes, c__Clostridia, o__Clostridiales, f__Ruminococcaceae,k__Bacteria; p__Firmicutes; c__Clostridia; o__Clostridiales; f__Ruminococcaceae; g__unclassified; s__unclassified; 22611; EU344680.1 gg_id:264114 Foregut Fermentation Birds: Hoatzin Crop Supports Case Convergence Ruminants adult hoatzin crop clone hoa61_12g12, EU344680.1 gg_id:264114 Foregut Fermentation Birds: Hoatzin Crop Supports Case Convergence Ruminants adult hoatzin crop clone hoa61_12g12,9,170.0,0.42578125,1.0,0.046585265375552826,523.0,425.1188951079189,0.967435545139537,0.9928887934220945,-0.022222222222222223,True,1.0,12170.0,Healthy,Male,Placebo-resistant (STRICT-ADAPTIVE)
47724, g__Staphylococcus, s__Staphylococcus epidermidis, p__Firmicutes, c__Bacilli, o__Bacillales, f__Staphylococcaceae,k__Bacteria; p__Firmicutes; c__Bacilli; o__Bacillales; f__Staphylococcaceae; g__Staphylococcus; s__Staphylococcus epidermidis; 47724; GQ001928.1 gg_id:507732 Topographical and Temporal Human Skin Microbiome skin axillary vault clone nbu165h01c1, GQ001928.1 gg_id:507732 Topographical and Temporal Human Skin Microbiome skin axillary vault clone nbu165h01c1,9,-253.0,0.734375,1.0,0.050405801449792766,975.0,698.6557982615219,0.8382564863858263,0.9581536201140475,0.06666666666666667,True,1.0,12909.0,Healthy,Male,Placebo-resistant (STRICT-ADAPTIVE)
45630, g__Clostridium, s__unclassified, p__Firmicutes, c__Clostridia, o__Clostridiales, f__Clostridiaceae,k__Bacteria; p__Firmicutes; c__Clostridia; o__Clostridiales; f__Clostridiaceae; g__Clostridium; s__unclassified; 45630; EU775687.1 gg_id:312729 Hedgehog feces clone HH_aai33b04, EU775687.1 gg_id:312729 Hedgehog feces clone HH_aai33b04,9,277.0,0.42578125,1.0,0.06832839312163233,1317.0,696.8966214423613,0.7750513736700824,0.9376534160753778,0.08888888888888889,True,1.0,12961.0,Healthy,Male,Placebo-resistant (STRICT-ADAPTIVE)
68476, g__unclassified, s__unclassified, p__Bacteroidetes, c__Bacteroidia, o__Bacteroidales, f__RikenellaceaeII,k__Bacteria; p__Bacteroidetes; c__Bacteroidia; o__Bacteroidales; f__RikenellaceaeII; g__unclassified; s__unclassified; 68476; GU322884.1 gg_id:568069 Metaproteomics -temperature anaerobic granular sludge cultivated temperatures clone B2, GU322884.1 gg_id:568069 Metaproteomics -temperature anaerobic granular sludge cultivated temperatures clone B2,9,159.0,1.0,1.0,0.0751945810357096,963.0,715.7786563208241,0.967435545139537,0.9928887934220945,-0.022222222222222223,True,1.0,12059.0,Healthy,Male,Placebo-resistant (STRICT-ADAPTIVE)
72242, g__Lactobacillus, s__Lactobacillus crispatus, p__Firmicutes, c__Bacilli, o__Lactobacillales, f__Lactobacillaceae,k__Bacteria; p__Firmicutes; c__Bacilli; o__Lactobacillales; f__Lactobacillaceae; g__Lactobacillus; s__Lactobacillus crispatus; 72242; GQ011573.1 gg_id:498091 Topographical and Temporal Human Skin Microbiome skin occiput clone nbw793f10c1, GQ011573.1 gg_id:498091 Topographical and Temporal Human Skin Microbiome skin occiput clone nbw793f10c1,9,225.0,0.91015625,1.0,0.03701049742429053,684.0,408.43391289166965,0.7438630522159773,0.9376534160753778,0.07777777777777778,True,1.0,13468.0,Healthy,Male,Placebo-resistant (STRICT-ADAPTIVE)
20286, g__Eubacterium, s__unclassified, p__Firmicutes, c__Clostridia, o__Clostridiales, f__Lachnospiraceae,k__Bacteria; p__Firmicutes; c__Clostridia; o__Clostridiales; f__Lachnospiraceae; g__Eubacterium; s__unclassified; 20286; EU464338.1 gg_id:295189 hamadryas baboon feces clone AFBAB_aai03a06, EU464338.1 gg_id:295189 hamadryas baboon feces clone AFBAB_aai03a06,9,-14.0,0.5703125,1.0,0.06665273481067503,1045.0,571.1297207387399,0.967435545139537,0.9928887934220945,-0.022222222222222223,True,1.0,11643.0,Healthy,Male,Placebo-resistant (STRICT-ADAPTIVE)
25999, g__Faecalibacterium, s__Faecalibacterium prausnitzii, p__Firmicutes, c__Clostridia, o__Clostridiales, f__Ruminococcaceae,k__Bacteria; p__Firmicutes; c__Clostridia; o__Clostridiales; f__Ruminococcaceae; g__Faecalibacterium; s__Faecalibacterium prausnitzii; 25999; GQ448805.1 gg_id:512975 Microbiome neonatal calves: shedding microorganisms fecal clone calf32_2wks_grp3_F03, GQ448805.1 gg_id:512975 Microbiome neonatal calves: shedding microorganisms fecal clone calf32_2wks_grp3_F03,9,-63.0,0.91015625,1.0,0.08064440584831924,1016.0,836.1240989231204,0.8382564863858263,0.9581536201140475,0.06666666666666667,True,1.0,11937.0,Healthy,Male,Placebo-resistant (STRICT-ADAPTIVE)
67805, g__Prevotella, s__unclassified, p__Bacteroidetes, c__Bacteroidia, o__Bacteroidales, f__Prevotellaceae,k__Bacteria; p__Bacteroidetes; c__Bacteroidia; o__Bacteroidales; f__Prevotellaceae; g__Prevotella; s__unclassified; 67805; FJ673935.1 gg_id:531755 Synecology primary and secondary habitats Escherichia coli O157:H7 fecal MARC beef cattle feedlot animal #4262 pen 301; was positive STEC O157 clone 130-6L24, FJ673935.1 gg_id:531755 Synecology primary and secondary habitats Escherichia coli O157:H7 fecal MARC beef cattle feedlot animal #4262 pen 301 was positive STEC O157 clone 130-6L24,9,-160.0,0.5703125,1.0,0.07338500862488795,1001.0,921.2771954436105,0.7750513736700824,0.9376534160753778,0.08888888888888889,True,1.0,13329.0,Healthy,Male,Placebo-resistant (STRICT-ADAPTIVE)
54937, g__Akkermansia, s__Akkermansia muciniphila, p__Verrucomicrobia, c__Verrucomicrobiae, o__Verrucomicrobiales, f__Verrucomicrobiaceae,k__Bacteria; p__Verrucomicrobia; c__Verrucomicrobiae; o__Verrucomicrobiales; f__Verrucomicrobiaceae; g__Akkermansia; s__Akkermansia muciniphila; 54937; EF099597.1 gg_id:184418 mouse cecum clone SWPT4_aaa01f05, EF099597.1 gg_id:184418 mouse cecum clone SWPT4_aaa01f05,9,141.0,0.359375,1.0,0.0417421130125139,771.0,457.7320541296816,0.967435545139537,0.9928887934220945,0.022222222222222223,True,1.0,12865.0,Healthy,Male,Placebo-resistant (STRICT-ADAPTIVE)
55401, g__Akkermansia, s__unclassified, p__Verrucomicrobia, c__Verrucomicrobiae, o__Verrucomicrobiales, f__Verrucomicrobiaceae,k__Bacteria; p__Verrucomicrobia; c__Verrucomicrobiae; o__Verrucomicrobiales; f__Verrucomicrobiaceae; g__Akkermansia; s__unclassified; 55401; GQ493064.1 gg_id:577245 Effect Diet on Human Gut Microbiome: Metagenomic Humanized Gnotobiotic Mice cecal contents Mus musculus strain C57BL/6J; PM9t2 clone PM9t2_a02d12, GQ493064.1 gg_id:577245 Effect Diet on Human Gut Microbiome: Metagenomic Humanized Gnotobiotic Mice cecal contents Mus musculus strain C57BL/6J PM9t2 clone PM9t2_a02d12,9,12.0,0.91015625,1.0,0.050259785311383205,939.0,553.1507194246428,0.9025232501776794,0.9754023282151151,0.044444444444444446,True,1.0,13492.0,Healthy,Male,Placebo-resistant (STRICT-ADAPTIVE)
8977, g__Diaphorobacter, s__unclassified, p__Proteobacteria, c__Betaproteobacteria, o__Burkholderiales, f__Comamonadaceae,k__Bacteria; p__Proteobacteria; c__Betaproteobacteria; o__Burkholderiales; f__Comamonadaceae; g__Diaphorobacter; s__unclassified; 8977; GQ007221.1 gg_id:502441 Topographical and Temporal Human Skin Microbiome skin antecubital fossa clone nbw102c10c1, GQ007221.1 gg_id:502441 Topographical and Temporal Human Skin Microbiome skin antecubital fossa clone nbw102c10c1,9,5.0,0.91015625,1.0,0.06463414575513768,727.0,578.9834772925543,0.8382564863858263,0.9581536201140475,0.06666666666666667,True,1.0,10983.0,Healthy,Male,Placebo-resistant (STRICT-ADAPTIVE)
50925, g__Veillonella, s__unclassified, p__Firmicutes, c__Clostridia, o__Clostridiales, f__Veillonellaceae,k__Bacteria; p__Firmicutes; c__Clostridia; o__Clostridiales; f__Veillonellaceae; g__Veillonella; s__unclassified; 50925; GQ019421.1 gg_id:490247 Topographical and Temporal Human Skin Microbiome skin umbilicus clone nbu189g11c1, GQ019421.1 gg_id:490247 Topographical and Temporal Human Skin Microbiome skin umbilicus clone nbu189g11c1,9,30.0,1.0,1.0,0.09242256191490533,1018.0,878.783646638921,0.7133031738784577,0.9207147820005681,0.1111111111111111,True,1.0,12403.0,Healthy,Male,Placebo-resistant (STRICT-ADAPTIVE)
49995, g__Dialister, s__unclassified, p__Firmicutes, c__Clostridia, o__Clostridiales, f__Veillonellaceae,k__Bacteria; p__Firmicutes; c__Clostridia; o__Clostridiales; f__Veillonellaceae; g__Dialister; s__unclassified; 49995; FM872697.1 gg_id:365104 occupant source house floor dust clone FA02F02, FM872697.1 gg_id:365104 occupant source house floor dust clone FA02F02,9,98.0,0.5703125,1.0,0.07147187493941035,692.0,762.1149127118415,0.7750513736700824,0.9376534160753778,-0.08888888888888889,True,1.0,12945.0,Healthy,Male,Placebo-resistant (STRICT-ADAPTIVE)
25508, g__Faecalibacterium, s__Faecalibacterium prausnitzii, p__Firmicutes, c__Clostridia, o__Clostridiales, f__Ruminococcaceae,k__Bacteria; p__Firmicutes; c__Clostridia; o__Clostridiales; f__Ruminococcaceae; g__Faecalibacterium; s__Faecalibacterium prausnitzii; 25508; FJ674151.1 gg_id:531913 Synecology primary and secondary habitats Escherichia coli O157:H7 fecal MARC beef cattle feedlot animal #4262 pen 301; was positive STEC O157 clone 130-8A17, FJ674151.1 gg_id:531913 Synecology primary and secondary habitats Escherichia coli O157:H7 fecal MARC beef cattle feedlot animal #4262 pen 301 was positive STEC O157 clone 130-8A17,9,-30.0,0.8203125,1.0,0.030407110930467728,511.0,312.035658503604,0.967435545139537,0.9928887934220945,-0.022222222222222223,True,1.0,13281.0,Healthy,Male,Placebo-resistant (STRICT-ADAPTIVE)
4418, g__unclassified, s__unclassified, p__Proteobacteria, c__Gammaproteobacteria, o__Enterobacteriales, f__Enterobacteriaceae,k__Bacteria; p__Proteobacteria; c__Gammaproteobacteria; o__Enterobacteriales; f__Enterobacteriaceae; g__unclassified; s__unclassified; 4418; GQ025616.1 gg_id:409079 Topographical and Temporal Human Skin Microbiome skin antecubital fossa clone nbw891f09c1, GQ025616.1 gg_id:409079 Topographical and Temporal Human Skin Microbiome skin antecubital fossa clone nbw891f09c1,9,29.0,0.359375,1.0,0.055239004630487684,795.0,621.8800292660956,0.6533789106936937,0.9002109436224224,-0.13333333333333333,True,1.0,12431.0,Healthy,Male,Placebo-resistant (STRICT-ADAPTIVE)
71842, g__unclassified, s__unclassified, p__Firmicutes, c__Clostridia, o__Clostridiales, f__Clostridiaceae,k__Bacteria; p__Firmicutes; c__Clostridia; o__Clostridiales; f__Clostridiaceae; g__unclassified; s__unclassified; 71842; EU775654.1 gg_id:310410 Hedgehog feces clone HH_aai36a02, EU775654.1 gg_id:310410 Hedgehog feces clone HH_aai36a02,9,266.0,0.734375,1.0,0.1673481155227337,2155.0,1411.6699740535832,0.7750513736700824,0.9376534160753778,0.08888888888888889,True,1.0,10048.0,Healthy,Male,Placebo-resistant (STRICT-ADAPTIVE)
5861, g__Citrobacter, s__unclassified, p__Proteobacteria, c__Gammaproteobacteria, o__Enterobacteriales, f__Enterobacteriaceae,k__Bacteria; p__Proteobacteria; c__Gammaproteobacteria; o__Enterobacteriales; f__Enterobacteriaceae; g__Citrobacter; s__unclassified; 5861; EU468065.1 gg_id:295328 cheetah feces clone CE2_b11_3, EU468065.1 gg_id:295328 cheetah feces clone CE2_b11_3,9,189.0,0.65234375,1.0,0.07374644570188488,1227.0,779.4393116707533,0.6533789106936937,0.9002109436224224,0.13333333333333333,True,1.0,10452.0,Healthy,Male,Placebo-resistant (STRICT-ADAPTIVE)
26440, g__Faecalibacterium, s__unclassified, p__Firmicutes, c__Clostridia, o__Clostridiales, f__Ruminococcaceae,k__Bacteria; p__Firmicutes; c__Clostridia; o__Clostridiales; f__Ruminococcaceae; g__Faecalibacterium; s__unclassified; 26440; EF403606.1 gg_id:216458 human fecal clone SJTU_A2_04_26, EF403606.1 gg_id:216458 human fecal clone SJTU_A2_04_26,9,20.0,0.91015625,1.0,0.07265993111671498,955.0,889.7512620452477,0.6533789106936937,0.9002109436224224,0.13333333333333333,True,1.0,13618.0,Healthy,Male,Placebo-resistant (STRICT-ADAPTIVE)
61752, g__Rhizobium, s__unclassified, p__Proteobacteria, c__Alphaproteobacteria, o__Rhizobiales, f__Rhizobiaceae,k__Bacteria; p__Proteobacteria; c__Alphaproteobacteria; o__Rhizobiales; f__Rhizobiaceae; g__Rhizobium; s__unclassified; 61752; FJ528271.1 gg_id:573223 Rhizobium sp. str. Cs217, FJ528271.1 gg_id:573223 Rhizobium sp. str. Cs217,9,9.0,0.734375,1.0,0.11090076241415275,954.0,990.7468584860616,0.6533789106936937,0.9002109436224224,0.13333333333333333,True,1.0,10753.0,Healthy,Male,Placebo-resistant (STRICT-ADAPTIVE)
56370, g__Rubrobacter, s__unclassified, p__Actinobacteria, c__Actinobacteria, o__Rubrobacterales, f__Rubrobacteraceae,k__Bacteria; p__Actinobacteria; c__Actinobacteria; o__Rubrobacterales; f__Rubrobacteraceae; g__Rubrobacter; s__unclassified; 56370; EU132752.1 gg_id:242600 tallgrass prarie soil clone FFCH12170, EU132752.1 gg_id:242600 tallgrass prarie soil clone FFCH12170,9,176.0,0.65234375,1.0,0.15640756372442588,1281.0,1287.5115117327862,0.9025232501776794,0.9754023282151151,0.044444444444444446,True,1.0,11511.0,Healthy,Male,Placebo-resistant (STRICT-ADAPTIVE)
50076, g__Veillonella, s__Veillonella dispar, p__Firmicutes, c__Clostridia, o__Clostridiales, f__Veillonellaceae,k__Bacteria; p__Firmicutes; c__Clostridia; o__Clostridiales; f__Veillonellaceae; g__Veillonella; s__Veillonella dispar; 50076; GQ113978.1 gg_id:387664 Topographical and Temporal Human Skin Microbiome skin retroauricular crease clone nbw679h09c1, GQ113978.1 gg_id:387664 Topographical and Temporal Human Skin Microbiome skin retroauricular crease clone nbw679h09c1,9,94.0,0.734375,1.0,0.1176076041349268,1488.0,1172.941028488266,0.8382564863858263,0.9581536201140475,0.06666666666666667,True,1.0,12822.0,Healthy,Male,Placebo-resistant (STRICT-ADAPTIVE)
5014, g__unclassified, s__unclassified, p__Proteobacteria, c__Gammaproteobacteria, o__Enterobacteriales, f__Enterobacteriaceae,k__Bacteria; p__Proteobacteria; c__Gammaproteobacteria; o__Enterobacteriales; f__Enterobacteriaceae; g__unclassified; s__unclassified; 5014; EF620926.1 gg_id:254200 Escherichia coli str. WD02, EF620926.1 gg_id:254200 Escherichia coli str. WD02,9,108.0,0.734375,1.0,0.11299261309190214,1249.0,1024.7362880490007,0.7133031738784577,0.9207147820005681,0.1111111111111111,True,1.0,10786.0,Healthy,Male,Placebo-resistant (STRICT-ADAPTIVE)
55271, g__Akkermansia, s__unclassified, p__Verrucomicrobia, c__Verrucomicrobiae, o__Verrucomicrobiales, f__Verrucomicrobiaceae,k__Bacteria; p__Verrucomicrobia; c__Verrucomicrobiae; o__Verrucomicrobiales; f__Verrucomicrobiaceae; g__Akkermansia; s__unclassified; 55271; GQ492737.1 gg_id:585879 Effect Diet on Human Gut Microbiome: Metagenomic Humanized Gnotobiotic Mice cecal contents Mus musculus strain C57BL/6J; PM1 clone PM1_a01d03, GQ492737.1 gg_id:585879 Effect Diet on Human Gut Microbiome: Metagenomic Humanized Gnotobiotic Mice cecal contents Mus musculus strain C57BL/6J PM1 clone PM1_a01d03,9,237.0,0.734375,1.0,0.07052127097541741,1382.0,809.7669196613169,0.8382564863858263,0.9581536201140475,-0.06666666666666667,True,1.0,13318.0,Healthy,Male,Placebo-resistant (STRICT-ADAPTIVE)
70130, g__unclassified, s__unclassified, p__Firmicutes, c__Clostridia, o__Clostridiales, f__Clostridiales Family XIII. Incertae Sedis,k__Bacteria; p__Firmicutes; c__Clostridia; o__Clostridiales; f__Clostridiales Family XIII. Incertae Sedis; g__unclassified; s__unclassified; 70130; GQ014713.1 gg_id:494953 Topographical and Temporal Human Skin Microbiome skin umbilicus clone nbw763c07c1, GQ014713.1 gg_id:494953 Topographical and Temporal Human Skin Microbiome skin umbilicus clone nbw763c07c1,9,481.0,0.91015625,1.0,0.10743458737772188,1736.0,1002.3752363261973,0.8382564863858263,0.9581536201140475,0.06666666666666667,True,1.0,11163.0,Healthy,Male,Placebo-resistant (STRICT-ADAPTIVE)
35042, g__Corynebacterium, s__unclassified, p__Actinobacteria, c__Actinobacteria, o__Actinomycetales, f__Corynebacteriaceae,k__Bacteria; p__Actinobacteria; c__Actinobacteria; o__Actinomycetales; f__Corynebacteriaceae; g__Corynebacterium; s__unclassified; 35042; GQ014413.1 gg_id:495254 Topographical and Temporal Human Skin Microbiome skin axillary vault clone nbw811a12c1, GQ014413.1 gg_id:495254 Topographical and Temporal Human Skin Microbiome skin axillary vault clone nbw811a12c1,9,-36.0,0.8203125,1.0,0.024244910482388964,192.0,256.96231794651226,1.0,1.0,-0.011111111111111112,True,1.0,13840.0,Healthy,Male,Placebo-resistant (STRICT-ADAPTIVE)
26158, g__Faecalibacterium, s__unclassified, p__Firmicutes, c__Clostridia, o__Clostridiales, f__Ruminococcaceae,k__Bacteria; p__Firmicutes; c__Clostridia; o__Clostridiales; f__Ruminococcaceae; g__Faecalibacterium; s__unclassified; 26158; FJ366549.1 gg_id:368072 feces adult twins and mothers; TS27 clone TS27_a01a10, FJ366549.1 gg_id:368072 feces adult twins and mothers TS27 clone TS27_a01a10,9,72.0,0.65234375,1.0,0.042631962365864084,495.0,846.2798702556972,0.9025232501776794,0.9754023282151151,0.044444444444444446,True,1.0,12406.0,Healthy,Male,Placebo-resistant (STRICT-ADAPTIVE)
73027, g__Clostridium, s__unclassified, p__Firmicutes, c__Clostridia, o__Clostridiales, f__Clostridiaceae,k__Bacteria; p__Firmicutes; c__Clostridia; o__Clostridiales; f__Clostridiaceae; g__Clostridium; s__unclassified; 73027; EU073771.1 gg_id:248695 Microbial subsurface beds and methanogenic s coal enrichment clone ObedB-8G, EU073771.1 gg_id:248695 Microbial subsurface beds and methanogenic s coal enrichment clone ObedB-8G,9,123.0,0.734375,1.0,0.09537736293754849,991.0,760.1757565487369,0.7133031738784577,0.9207147820005681,0.1111111111111111,True,1.0,11081.0,Healthy,Male,Placebo-resistant (STRICT-ADAPTIVE)
44810, g__Clostridium, s__unclassified, p__Firmicutes, c__Clostridia, o__Clostridiales, f__Clostridiaceae,k__Bacteria; p__Firmicutes; c__Clostridia; o__Clostridiales; f__Clostridiaceae; g__Clostridium; s__unclassified; 44810; FJ681136.1 gg_id:512574 Synecology primary and secondary habitats Escherichia coli O157:H7 fecal MARC beef cattle feedlot animal #4281 pen 301; was positive STEC O157 clone 5-5M11, FJ681136.1 gg_id:512574 Synecology primary and secondary habitats Escherichia coli O157:H7 fecal MARC beef cattle feedlot animal #4281 pen 301 was positive STEC O157 clone 5-5M11,9,-106.0,1.0,1.0,0.12144322471127568,980.0,1140.5638163645206,0.6533789106936937,0.9002109436224224,0.13333333333333333,True,1.0,12242.0,Healthy,Male,Placebo-resistant (STRICT-ADAPTIVE)
5057, g__unclassified, s__unclassified, p__Proteobacteria, c__Gammaproteobacteria, o__Enterobacteriales, f__Enterobacteriaceae,k__Bacteria; p__Proteobacteria; c__Gammaproteobacteria; o__Enterobacteriales; f__Enterobacteriaceae; g__unclassified; s__unclassified; 5057; EU470953.1 gg_id:293383 red panda feces clone RP_2aaa01e06, EU470953.1 gg_id:293383 red panda feces clone RP_2aaa01e06,9,351.0,0.359375,1.0,0.11262505599453346,795.0,920.1140798835761,0.967435545139537,0.9928887934220945,-0.022222222222222223,True,1.0,11171.0,Healthy,Male,Placebo-resistant (STRICT-ADAPTIVE)
11509, g__Aquabacterium, s__unclassified, p__Proteobacteria, c__Betaproteobacteria, o__Burkholderiales, f__Aquabacteriaceae,k__Bacteria; p__Proteobacteria; c__Betaproteobacteria; o__Burkholderiales; f__Aquabacteriaceae; g__Aquabacterium; s__unclassified; 11509; GQ103041.1 gg_id:402571 Topographical and Temporal Human Skin Microbiome skin toe web space clone nbw709a03c1, GQ103041.1 gg_id:402571 Topographical and Temporal Human Skin Microbiome skin toe web space clone nbw709a03c1,9,-21.0,1.0,1.0,0.03838508053221747,597.0,444.5572755000192,0.6533789106936937,0.9002109436224224,0.13333333333333333,True,1.0,13609.0,Healthy,Male,Placebo-resistant (STRICT-ADAPTIVE)
13215, g__Aquabacterium, s__unclassified, p__Proteobacteria, c__Betaproteobacteria, o__Burkholderiales, f__Aquabacteriaceae,k__Bacteria; p__Proteobacteria; c__Betaproteobacteria; o__Burkholderiales; f__Aquabacteriaceae; g__Aquabacterium; s__unclassified; 13215; GQ098315.1 gg_id:444176 Topographical and Temporal Human Skin Microbiome skin manubrium clone nbw404b08c1, GQ098315.1 gg_id:444176 Topographical and Temporal Human Skin Microbiome skin manubrium clone nbw404b08c1,9,224.0,1.0,1.0,0.11976761112661023,1657.0,1147.9185353983578,0.8382564863858263,0.9581536201140475,0.06666666666666667,True,1.0,10233.0,Healthy,Male,Placebo-resistant (STRICT-ADAPTIVE)
11469, g__Aquabacterium, s__unclassified, p__Proteobacteria, c__Betaproteobacteria, o__Burkholderiales, f__Aquabacteriaceae,k__Bacteria; p__Proteobacteria; c__Betaproteobacteria; o__Burkholderiales; f__Aquabacteriaceae; g__Aquabacterium; s__unclassified; 11469; GQ105091.1 gg_id:425034 Topographical and Temporal Human Skin Microbiome skin volar forearm clone nbw526a04c1, GQ105091.1 gg_id:425034 Topographical and Temporal Human Skin Microbiome skin volar forearm clone nbw526a04c1,9,513.0,0.12890625,1.0,0.10025436321808405,1535.0,987.6887203522733,0.934896814773755,0.9928887934220945,-0.044444444444444446,True,1.0,12115.0,Healthy,Male,Placebo-resistant (STRICT-ADAPTIVE)
55094, g__Akkermansia, s__unclassified, p__Verrucomicrobia, c__Verrucomicrobiae, o__Verrucomicrobiales, f__Verrucomicrobiaceae,k__Bacteria; p__Verrucomicrobia; c__Verrucomicrobiae; o__Verrucomicrobiales; f__Verrucomicrobiaceae; g__Akkermansia; s__unclassified; 55094; EF098506.1 gg_id:198546 mouse cecum clone SWPT15_aaa04e05, EF098506.1 gg_id:198546 mouse cecum clone SWPT15_aaa04e05,9,226.0,0.734375,1.0,0.10148454799268318,1162.0,921.9067333400802,0.774955307165551,0.9376534160753778,0.08888888888888889,True,1.0,11589.0,Healthy,Male,Placebo-resistant (STRICT-ADAPTIVE)
21772, g__unclassified, s__unclassified, p__Firmicutes, c__Clostridia, o__Clostridiales, f__Lachnospiraceae,k__Bacteria; p__Firmicutes; c__Clostridia; o__Clostridiales; f__Lachnospiraceae; g__unclassified; s__unclassified; 21772; EF099034.1 gg_id:177397 mouse cecum clone SWPT2_aaa01d02, EF099034.1 gg_id:177397 mouse cecum clone SWPT2_aaa01d02,9,193.0,0.734375,1.0,0.07030358274486102,600.0,576.0463013026335,0.7750513736700824,0.9376534160753778,-0.08888888888888889,True,1.0,10425.0,Healthy,Male,Placebo-resistant (STRICT-ADAPTIVE)
5169, g__unclassified, s__unclassified, p__Proteobacteria, c__Gammaproteobacteria, o__Enterobacteriales, f__Enterobacteriaceae,k__Bacteria; p__Proteobacteria; c__Gammaproteobacteria; o__Enterobacteriales; f__Enterobacteriaceae; g__unclassified; s__unclassified; 5169; FJ405334.1 gg_id:366426 Escherichia coli str. 4061, FJ405334.1 gg_id:366426 Escherichia coli str. 4061,9,621.0,0.30078125,1.0,0.14899707875244295,1992.0,1422.4419636823304,1.0,1.0,0.0,True,1.0,11828.0,Healthy,Male,Placebo-resistant (STRICT-ADAPTIVE)
24591, g__Faecalibacterium, s__unclassified, p__Firmicutes, c__Clostridia, o__Clostridiales, f__Ruminococcaceae,k__Bacteria; p__Firmicutes; c__Clostridia; o__Clostridiales; f__Ruminococcaceae; g__Faecalibacterium; s__unclassified; 24591; FJ367962.1 gg_id:358593 feces adult twins and mothers; TS30 clone TS30_a01g09, FJ367962.1 gg_id:358593 feces adult twins and mothers TS30 clone TS30_a01g09,9,-19.0,0.9765625,1.0,0.041772304213250566,491.0,450.2290776926786,0.9024806826878791,0.9754023282151151,0.044444444444444446,True,1.0,13948.0,Healthy,Male,Placebo-resistant (STRICT-ADAPTIVE)
26312, g__Faecalibacterium, s__Faecalibacterium prausnitzii, p__Firmicutes, c__Clostridia, o__Clostridiales, f__Ruminococcaceae,k__Bacteria; p__Firmicutes; c__Clostridia; o__Clostridiales; f__Ruminococcaceae; g__Faecalibacterium; s__Faecalibacterium prausnitzii; 26312; DQ808789.1 gg_id:182311 human fecal clone RL243_aai85c07, DQ808789.1 gg_id:182311 human fecal clone RL243_aai85c07,9,-12.0,1.0,1.0,0.07109497348131383,1066.0,746.4426852746298,0.9025232501776794,0.9754023282151151,0.044444444444444446,True,1.0,12548.0,Healthy,Male,Placebo-resistant (STRICT-ADAPTIVE)
12282, g__Aquabacterium, s__unclassified, p__Proteobacteria, c__Betaproteobacteria, o__Burkholderiales, f__Aquabacteriaceae,k__Bacteria; p__Proteobacteria; c__Betaproteobacteria; o__Burkholderiales; f__Aquabacteriaceae; g__Aquabacterium; s__unclassified; 12282; GQ015397.1 gg_id:494269 Topographical and Temporal Human Skin Microbiome skin palm clone nbw767h11c1, GQ015397.1 gg_id:494269 Topographical and Temporal Human Skin Microbiome skin palm clone nbw767h11c1,9,-77.0,0.42578125,1.0,0.1622848140785257,2459.0,1539.517259893864,0.8382564863858263,0.9581536201140475,-0.06666666666666667,True,1.0,10994.0,Healthy,Male,Placebo-resistant (STRICT-ADAPTIVE)
69196, g__Paludibacter, s__unclassified, p__Bacteroidetes, c__Bacteroidia, o__Bacteroidales, f__Porphyromonadaceae,k__Bacteria; p__Bacteroidetes; c__Bacteroidia; o__Bacteroidales; f__Porphyromonadaceae; g__Paludibacter; s__unclassified; 69196; EU794092.1 gg_id:330762 bovine microbiota via oligonucleotide fingerprinting genes fecal clone EMP_O3, EU794092.1 gg_id:330762 bovine microbiota via oligonucleotide fingerprinting genes fecal clone EMP_O3,9,200.0,0.49609375,1.0,0.1352153822831001,821.0,1665.3697235682466,1.0,1.0,0.0,True,1.0,9514.0,Healthy,Male,Placebo-resistant (STRICT-ADAPTIVE)
3874, g__Acinetobacter, s__unclassified, p__Proteobacteria, c__Gammaproteobacteria, o__Pseudomonadales, f__Moraxellaceae,k__Bacteria; p__Proteobacteria; c__Gammaproteobacteria; o__Pseudomonadales; f__Moraxellaceae; g__Acinetobacter; s__unclassified; 3874; GQ045189.1 gg_id:445146 Topographical and Temporal Human Skin Microbiome skin interdigital web space clone nbu545g10c1, GQ045189.1 gg_id:445146 Topographical and Temporal Human Skin Microbiome skin interdigital web space clone nbu545g10c1,9,75.0,0.65234375,1.0,0.06585054836482009,436.0,670.384895116231,1.0,1.0,0.0,True,1.0,11349.0,Healthy,Male,Placebo-resistant (STRICT-ADAPTIVE)
26025, g__Faecalibacterium, s__unclassified, p__Firmicutes, c__Clostridia, o__Clostridiales, f__Ruminococcaceae,k__Bacteria; p__Firmicutes; c__Clostridia; o__Clostridiales; f__Ruminococcaceae; g__Faecalibacterium; s__unclassified; 26025; FJ371264.1 gg_id:362859 feces adult twins and mothers; TS6 clone TS6_a02h08, FJ371264.1 gg_id:362859 feces adult twins and mothers TS6 clone TS6_a02h08,9,53.0,0.49609375,1.0,0.04981474120873681,539.0,532.1077626863859,0.6533789106936937,0.9002109436224224,0.13333333333333333,True,1.0,13019.0,Healthy,Male,Placebo-resistant (STRICT-ADAPTIVE)
70333, g__unclassified, s__unclassified, p__Firmicutes, c__Clostridia, o__Clostridiales, f__Lachnospiraceae,k__Bacteria; p__Firmicutes; c__Clostridia; o__Clostridiales; f__Lachnospiraceae; g__unclassified; s__unclassified; 70333; GQ502532.1 gg_id:583216 Effects Geographic Location on Formosan Subterranean Termite (FST) gut clone Cf4-48, GQ502532.1 gg_id:583216 Effects Geographic Location on Formosan Subterranean Termite (FST) gut clone Cf4-48,9,-260.0,1.0,1.0,0.04078535813349185,712.0,488.2677007999243,0.8382564863858263,0.9581536201140475,0.06666666666666667,True,1.0,13722.0,Healthy,Male,Placebo-resistant (STRICT-ADAPTIVE)
70625, g__unclassified, s__unclassified, p__Firmicutes, c__Clostridia, o__Clostridiales, f__Lachnospiraceae,k__Bacteria; p__Firmicutes; c__Clostridia; o__Clostridiales; f__Lachnospiraceae; g__unclassified; s__unclassified; 70625; DQ796528.1 gg_id:191842 human fecal clone RL179aan74b10, DQ796528.1 gg_id:191842 human fecal clone RL179aan74b10,9,77.0,0.5703125,1.0,0.09679223238059567,1137.0,832.0107648342058,0.9025232501776794,0.9754023282151151,-0.044444444444444446,True,1.0,12745.0,Healthy,Male,Placebo-resistant (STRICT-ADAPTIVE)
52638, g__unclassified, s__unclassified, p__Proteobacteria, c__Deltaproteobacteria, o__Syntrophobacterales, f__Syntrophaceae,k__Bacteria; p__Proteobacteria; c__Deltaproteobacteria; o__Syntrophobacterales; f__Syntrophaceae; g__unclassified; s__unclassified; 52638; EU592411.1 gg_id:535455 Seasonal changes Salton Sea hypersaline sediment clone SSS15N, EU592411.1 gg_id:535455 Seasonal changes Salton Sea hypersaline sediment clone SSS15N,9,-11.0,0.91015625,1.0,0.12953567666563026,1126.0,1116.0387282607076,0.7750513736700824,0.9376534160753778,0.08888888888888889,True,1.0,9377.0,Healthy,Male,Placebo-resistant (STRICT-ADAPTIVE)
25933, g__unclassified, s__unclassified, p__Firmicutes, c__Clostridia, o__Clostridiales, f__Ruminococcaceae,k__Bacteria; p__Firmicutes; c__Clostridia; o__Clostridiales; f__Ruminococcaceae; g__unclassified; s__unclassified; 25933; FJ366231.1 gg_id:367348 feces adult twins and mothers; TS25 clone TS25_a04c05, FJ366231.1 gg_id:367348 feces adult twins and mothers TS25 clone TS25_a04c05,9,118.0,0.65234375,1.0,0.06167336679777194,674.0,556.6896032799607,0.9025232501776794,0.9754023282151151,0.044444444444444446,True,1.0,12935.0,Healthy,Male,Placebo-resistant (STRICT-ADAPTIVE)
45036, g__Clostridium, s__unclassified, p__Firmicutes, c__Clostridia, o__Clostridiales, f__Clostridiaceae,k__Bacteria; p__Firmicutes; c__Clostridia; o__Clostridiales; f__Clostridiaceae; g__Clostridium; s__unclassified; 45036; FJ678772.1 gg_id:525918 Synecology primary and secondary habitats Escherichia coli O157:H7 fecal MARC beef cattle feedlot animal #4017 pen 301; was positive STEC O157 clone 4-7G20, FJ678772.1 gg_id:525918 Synecology primary and secondary habitats Escherichia coli O157:H7 fecal MARC beef cattle feedlot animal #4017 pen 301 was positive STEC O157 clone 4-7G20,9,342.0,0.91015625,1.0,0.11943009974242785,959.0,1122.7429374131511,0.6533789106936937,0.9002109436224224,0.13333333333333333,True,1.0,10755.0,Healthy,Male,Placebo-resistant (STRICT-ADAPTIVE)
50504, g__Dialister, s__unclassified, p__Firmicutes, c__Clostridia, o__Clostridiales, f__Veillonellaceae,k__Bacteria; p__Firmicutes; c__Clostridia; o__Clostridiales; f__Veillonellaceae; g__Dialister; s__unclassified; 50504; AY958942.1 gg_id:128228 Microbes on human vaginal epithelium clone rRNA169, AY958942.1 gg_id:128228 Microbes on human vaginal epithelium clone rRNA169,9,-13.0,1.0,1.0,0.04265977343135784,573.0,534.6187837245444,0.9025232501776794,0.9754023282151151,0.044444444444444446,True,1.0,13889.0,Healthy,Male,Placebo-resistant (STRICT-ADAPTIVE)
51512, g__unclassified, s__unclassified, p__Acidobacteria, c__Acidobacteria, o__Acidobacteriales, f__Acidobacteriaceae,k__Bacteria; p__Acidobacteria; c__Acidobacteria; o__Acidobacteriales; f__Acidobacteriaceae; g__unclassified; s__unclassified; 51512; FJ466085.1 gg_id:548939 and carbon monoxide-oxidizing across successional on recent Hawaiian 1959 Kilauea volcanic deposit clone B127, FJ466085.1 gg_id:548939 and carbon monoxide-oxidizing across successional on recent Hawaiian 1959 Kilauea volcanic deposit clone B127,9,4.0,0.65234375,1.0,0.03204801331625243,548.0,484.9395720889127,0.7133031738784577,0.9207147820005681,0.1111111111111111,True,1.0,12218.0,Healthy,Male,Placebo-resistant (STRICT-ADAPTIVE)
28326, g__unclassified, s__unclassified, p__Firmicutes, c__Clostridia, o__Clostridiales, f__Lachnospiraceae,k__Bacteria; p__Firmicutes; c__Clostridia; o__Clostridiales; f__Lachnospiraceae; g__unclassified; s__unclassified; 28326; EF404664.1 gg_id:209153 human fecal clone SJTU_C_14_24, EF404664.1 gg_id:209153 human fecal clone SJTU_C_14_24,9,-124.0,0.91015625,1.0,0.14011279725761078,1215.0,1370.1743903605848,0.9025232501776794,0.9754023282151151,0.044444444444444446,True,1.0,13354.0,Healthy,Male,Placebo-resistant (STRICT-ADAPTIVE)
44546, g__Clostridium, s__unclassified, p__Firmicutes, c__Clostridia, o__Clostridiales, f__Clostridiaceae,k__Bacteria; p__Firmicutes; c__Clostridia; o__Clostridiales; f__Clostridiaceae; g__Clostridium; s__unclassified; 44546; EU473216.1 gg_id:287467 giant panda feces clone GP_1aaa01d05, EU473216.1 gg_id:287467 giant panda feces clone GP_1aaa01d05,9,-24.0,1.0,1.0,0.07639584052587244,802.0,714.9259054693089,0.7750513736700824,0.9376534160753778,0.08888888888888889,True,1.0,13122.0,Healthy,Male,Placebo-resistant (STRICT-ADAPTIVE)
50360, g__Collinsella, s__unclassified, p__Actinobacteria, c__Actinobacteria, o__Coriobacteriales, f__Coriobacteriaceae,k__Bacteria; p__Actinobacteria; c__Actinobacteria; o__Coriobacteriales; f__Coriobacteriaceae; g__Collinsella; s__unclassified; 50360; NZ_ABXH02000037.1 gg_id:470150 Collinsella intestinalis str. DSM 13280, NZ_ABXH02000037.1 gg_id:470150 Collinsella intestinalis str. DSM 13280,9,102.0,0.49609375,1.0,0.03533638094152993,551.0,391.35120311272556,0.6533789106936937,0.9002109436224224,0.13333333333333333,True,1.0,13319.0,Healthy,Male,Placebo-resistant (STRICT-ADAPTIVE)
71970, g__Lactobacillus, s__Lactobacillus fermentum, p__Firmicutes, c__Bacilli, o__Lactobacillales, f__Lactobacillaceae,k__Bacteria; p__Firmicutes; c__Bacilli; o__Lactobacillales; f__Lactobacillaceae; g__Lactobacillus; s__Lactobacillus fermentum; 71970; AF302116.1 gg_id:52471 Lactobacillus fermentum str. KLD, AF302116.1 gg_id:52471 Lactobacillus fermentum str. KLD,9,57.0,1.0,1.0,0.038032018348829494,440.0,448.62585926359617,0.967435545139537,0.9928887934220945,-0.022222222222222223,True,1.0,12795.0,Healthy,Male,Placebo-resistant (STRICT-ADAPTIVE)
19758, g__Lachnospira, s__unclassified, p__Firmicutes, c__Clostridia, o__Clostridiales, f__Lachnospiraceae,k__Bacteria; p__Firmicutes; c__Clostridia; o__Clostridiales; f__Lachnospiraceae; g__Lachnospira; s__unclassified; 19758; EU768588.1 gg_id:314431 Pervasive effects antibiotic on human gut microbiota deep sequencing fecal clone C5_192, EU768588.1 gg_id:314431 Pervasive effects antibiotic on human gut microbiota deep sequencing fecal clone C5_192,9,219.0,0.49609375,1.0,0.11587441273508708,1744.0,1016.3249065136602,0.7133031738784577,0.9207147820005681,-0.1111111111111111,True,1.0,12187.0,Healthy,Male,Placebo-resistant (STRICT-ADAPTIVE)
67091, g__Prevotella, s__unclassified, p__Bacteroidetes, c__Bacteroidia, o__Bacteroidales, f__Prevotellaceae,k__Bacteria; p__Bacteroidetes; c__Bacteroidia; o__Bacteroidales; f__Prevotellaceae; g__Prevotella; s__unclassified; 67091; FJ684964.1 gg_id:523901 Synecology primary and secondary habitats Escherichia coli O157:H7 fecal MARC beef cattle feedlot animal #4228 pen 301; was negative STEC O157 clone 6-1J9, FJ684964.1 gg_id:523901 Synecology primary and secondary habitats Escherichia coli O157:H7 fecal MARC beef cattle feedlot animal #4228 pen 301 was negative STEC O157 clone 6-1J9,9,-313.0,1.0,1.0,0.06634058814071479,1111.0,931.1382253994302,0.7133031738784577,0.9207147820005681,0.1111111111111111,True,1.0,13479.0,Healthy,Male,Placebo-resistant (STRICT-ADAPTIVE)
48366, g__unclassified, s__unclassified, p__Firmicutes, c__Clostridia, o__Clostridiales, f__Syntrophomonadaceae,k__Bacteria; p__Firmicutes; c__Clostridia; o__Clostridiales; f__Syntrophomonadaceae; g__unclassified; s__unclassified; 48366; AB274497.1 gg_id:203894 packed-bed reactor clone CFB-8, AB274497.1 gg_id:203894 packed-bed reactor clone CFB-8,9,-284.0,0.65234375,1.0,0.060665102523389886,1186.0,773.8686343588583,0.7750513736700824,0.9376534160753778,0.08888888888888889,True,1.0,12755.0,Healthy,Male,Placebo-resistant (STRICT-ADAPTIVE)
28245, g__unclassified, s__unclassified, p__Firmicutes, c__Clostridia, o__Clostridiales, f__Lachnospiraceae,k__Bacteria; p__Firmicutes; c__Clostridia; o__Clostridiales; f__Lachnospiraceae; g__unclassified; s__unclassified; 28245; DQ905419.1 gg_id:168661 human fecal clone 013C-E4, DQ905419.1 gg_id:168661 human fecal clone 013C-E4,9,198.0,0.8203125,1.0,0.1330817528489532,1222.0,1197.6689230519612,0.7750513736700824,0.9376534160753778,0.08888888888888889,True,1.0,11011.0,Healthy,Male,Placebo-resistant (STRICT-ADAPTIVE)
26642, g__unclassified, s__unclassified, p__Firmicutes, c__Clostridia, o__Clostridiales, f__Ruminococcaceae,k__Bacteria; p__Firmicutes; c__Clostridia; o__Clostridiales; f__Ruminococcaceae; g__unclassified; s__unclassified; 26642; EU469998.1 gg_id:296456 trancaspain urial feces clone TU1_aaa03e06, EU469998.1 gg_id:296456 trancaspain urial feces clone TU1_aaa03e06,9,8.0,0.5703125,1.0,0.07998081523229782,1053.0,552.7535004964791,0.8382564863858263,0.9581536201140475,-0.06666666666666667,True,1.0,10059.0,Healthy,Male,Placebo-resistant (STRICT-ADAPTIVE)
68321, g__unclassified, s__unclassified, p__Bacteroidetes, c__Bacteroidia, o__Bacteroidales, f__RikenellaceaeII,k__Bacteria; p__Bacteroidetes; c__Bacteroidia; o__Bacteroidales; f__RikenellaceaeII; g__unclassified; s__unclassified; 68321; EU462383.1 gg_id:296340 Sumatran orangutan feces clone orang1_aai53d11, EU462383.1 gg_id:296340 Sumatran orangutan feces clone orang1_aai53d11,9,-126.0,0.65234375,1.0,0.17995421635846298,1214.0,1201.1052609622152,0.9025232501776794,0.9754023282151151,0.044444444444444446,True,1.0,9358.0,Healthy,Male,Placebo-resistant (STRICT-ADAPTIVE)
17910, g__Roseburia, s__Eubacterium rectale, p__Firmicutes, c__Clostridia, o__Clostridiales, f__Lachnospiraceae,k__Bacteria; p__Firmicutes; c__Clostridia; o__Clostridiales; f__Lachnospiraceae; g__Roseburia; s__Eubacterium rectale; 17910; FJ363257.1 gg_id:358710 feces adult twins and mothers; TS149 clone TS149_a01b06, FJ363257.1 gg_id:358710 feces adult twins and mothers TS149 clone TS149_a01b06,9,-302.0,1.0,1.0,0.14646367930166354,2284.0,1471.2622673065466,0.7750513736700824,0.9376534160753778,-0.08888888888888889,True,1.0,13210.0,Healthy,Male,Placebo-resistant (STRICT-ADAPTIVE)
22170, g__unclassified, s__unclassified, p__Firmicutes, c__Clostridia, o__Clostridiales, f__Ruminococcaceae,k__Bacteria; p__Firmicutes; c__Clostridia; o__Clostridiales; f__Ruminococcaceae; g__unclassified; s__unclassified; 22170; EU510699.1 gg_id:277228 cecal contents Mus musculus strain C57BL/6J; WD5 clone WD5_aak39e11, EU510699.1 gg_id:277228 cecal contents Mus musculus strain C57BL/6J WD5 clone WD5_aak39e11,9,22.0,0.8203125,1.0,0.06298307387086997,485.0,679.682661181754,0.967435545139537,0.9928887934220945,0.022222222222222223,True,1.0,11725.0,Healthy,Male,Placebo-resistant (STRICT-ADAPTIVE)
24700, g__Faecalibacterium, s__Faecalibacterium prausnitzii, p__Firmicutes, c__Clostridia, o__Clostridiales, f__Ruminococcaceae,k__Bacteria; p__Firmicutes; c__Clostridia; o__Clostridiales; f__Ruminococcaceae; g__Faecalibacterium; s__Faecalibacterium prausnitzii; 24700; DQ798149.1 gg_id:181186 human fecal clone RL302_aal96b04, DQ798149.1 gg_id:181186 human fecal clone RL302_aal96b04,9,-44.0,0.91015625,1.0,0.0817590766377831,557.0,785.3351573549842,0.6533789106936937,0.9002109436224224,0.13333333333333333,True,1.0,14600.0,Healthy,Male,Placebo-resistant (STRICT-ADAPTIVE)
43780, g__Gemella, s__unclassified, p__Firmicutes, c__Bacilli, o__Gemellales, f__Gemellaceae,k__Bacteria; p__Firmicutes; c__Bacilli; o__Gemellales; f__Gemellaceae; g__Gemella; s__unclassified; 43780; GQ006635.1 gg_id:503029 Topographical and Temporal Human Skin Microbiome skin occiput clone nbu85h02c1, GQ006635.1 gg_id:503029 Topographical and Temporal Human Skin Microbiome skin occiput clone nbu85h02c1,9,-21.0,0.734375,1.0,0.038556429165965175,432.0,380.5452551274289,0.934896814773755,0.9928887934220945,0.022222222222222223,True,1.0,13542.0,Healthy,Male,Placebo-resistant (STRICT-ADAPTIVE)
50772, g__Veillonella, s__Veillonella parvula, p__Firmicutes, c__Clostridia, o__Clostridiales, f__Veillonellaceae,k__Bacteria; p__Firmicutes; c__Clostridia; o__Clostridiales; f__Veillonellaceae; g__Veillonella; s__Veillonella parvula; 50772; EF510428.1 gg_id:218682 Loss During Antibiotic Treatment 1 Intubated Patients Colonized Pseudomonas aeruginosa endotracheal aspirate clone P2D1-756, EF510428.1 gg_id:218682 Loss During Antibiotic Treatment 1 Intubated Patients Colonized Pseudomonas aeruginosa endotracheal aspirate clone P2D1-756,9,135.0,0.65234375,1.0,0.1828047681950956,2592.0,1444.973097112115,0.967435545139537,0.9928887934220945,0.022222222222222223,True,1.0,10707.0,Healthy,Male,Placebo-resistant (STRICT-ADAPTIVE)
50956, g__Veillonella, s__unclassified, p__Firmicutes, c__Clostridia, o__Clostridiales, f__Veillonellaceae,k__Bacteria; p__Firmicutes; c__Clostridia; o__Clostridiales; f__Veillonellaceae; g__Veillonella; s__unclassified; 50956; FJ558100.1 gg_id:517047 Survey Approach Assess Endotracheal Tube Biofilms and their Origins biofilm extubated endotracheal tube ICU patient clone ET_A_2f06, FJ558100.1 gg_id:517047 Survey Approach Assess Endotracheal Tube Biofilms and their Origins biofilm extubated endotracheal tube ICU patient clone ET_A_2f06,9,-99.0,1.0,1.0,0.036171418802885796,601.0,407.03198694942887,0.8702263458891504,0.9754023282151151,-0.05555555555555555,True,1.0,11536.0,Healthy,Male,Placebo-resistant (STRICT-ADAPTIVE)
6025, g__Klebsiella, s__unclassified, p__Proteobacteria, c__Gammaproteobacteria, o__Enterobacteriales, f__Enterobacteriaceae,k__Bacteria; p__Proteobacteria; c__Gammaproteobacteria; o__Enterobacteriales; f__Enterobacteriaceae; g__Klebsiella; s__unclassified; 6025; GQ155800.1 gg_id:537085 Human gut microbiome adopts alternative state bowel transplantation ileum intestinal transplant clone SHZH677, GQ155800.1 gg_id:537085 Human gut microbiome adopts alternative state bowel transplantation ileum intestinal transplant clone SHZH677,9,90.0,0.359375,1.0,0.04161744457590595,559.0,374.5057748256731,0.7133031738784577,0.9207147820005681,-0.1111111111111111,True,1.0,12643.0,Healthy,Male,Placebo-resistant (STRICT-ADAPTIVE)
70375, g__unclassified, s__unclassified, p__Firmicutes, c__Clostridia, o__Clostridiales, f__Lachnospiraceae,k__Bacteria; p__Firmicutes; c__Clostridia; o__Clostridiales; f__Lachnospiraceae; g__unclassified; s__unclassified; 70375; AY854303.1 gg_id:110359 herbivore gastrointestinal tract clone Thompsons105, AY854303.1 gg_id:110359 herbivore gastrointestinal tract clone Thompsons105,9,224.0,0.65234375,1.0,0.043806551710530384,716.0,572.9354459661615,0.7133031738784577,0.9207147820005681,0.1111111111111111,True,1.0,12730.0,Healthy,Male,Placebo-resistant (STRICT-ADAPTIVE)
68854, g__Bacteroides, s__Bacteroides acidifaciens, p__Bacteroidetes, c__Bacteroidia, o__Bacteroidales, f__Bacteroidaceae,k__Bacteria; p__Bacteroidetes; c__Bacteroidia; o__Bacteroidales; f__Bacteroidaceae; g__Bacteroides; s__Bacteroides acidifaciens; 68854; EU457210.1 gg_id:354314 Innate immunity and intestinal microbiota Type 1 diabetes mouse cecum clone H79S2_11e06, EU457210.1 gg_id:354314 Innate immunity and intestinal microbiota Type 1 diabetes mouse cecum clone H79S2_11e06,9,57.0,0.65234375,1.0,0.09748924880938775,1339.0,843.3472199383702,1.0,1.0,0.0,True,1.0,12551.0,Healthy,Male,Placebo-resistant (STRICT-ADAPTIVE)
12326, g__Aquabacterium, s__unclassified, p__Proteobacteria, c__Betaproteobacteria, o__Burkholderiales, f__Aquabacteriaceae,k__Bacteria; p__Proteobacteria; c__Betaproteobacteria; o__Burkholderiales; f__Aquabacteriaceae; g__Aquabacterium; s__unclassified; 12326; GQ090536.1 gg_id:427225 Topographical and Temporal Human Skin Microbiome skin popliteal fossa clone nbw335c11c1, GQ090536.1 gg_id:427225 Topographical and Temporal Human Skin Microbiome skin popliteal fossa clone nbw335c11c1,9,18.0,0.65234375,1.0,0.015500059248726153,278.0,261.429698729463,1.0,1.0,0.0,True,1.0,14225.0,Healthy,Male,Placebo-resistant (STRICT-ADAPTIVE)
21974, g__unclassified, s__unclassified, p__Firmicutes, c__Clostridia, o__Clostridiales, f__Ruminococcaceae,k__Bacteria; p__Firmicutes; c__Clostridia; o__Clostridiales; f__Ruminococcaceae; g__unclassified; s__unclassified; 21974; EU382039.1 gg_id:260436 Rumen eubacterial implicates Bacteroidetes major phylum rumen particulate phase fistulated Holstein heifer clone P5_D16, EU382039.1 gg_id:260436 Rumen eubacterial implicates Bacteroidetes major phylum rumen particulate phase fistulated Holstein heifer clone P5_D16,9,214.0,0.8203125,1.0,0.0635126889582204,781.0,672.2549216215858,0.9674212610240318,0.9928887934220945,0.022222222222222223,True,1.0,12359.0,Healthy,Male,Placebo-resistant (STRICT-ADAPTIVE)
60044, g__Azospirillum, s__unclassified, p__Proteobacteria, c__Alphaproteobacteria, o__Rhodospirillales, f__Rhodospirillaceae,k__Bacteria; p__Proteobacteria; c__Alphaproteobacteria; o__Rhodospirillales; f__Rhodospirillaceae; g__Azospirillum; s__unclassified; 60044; AY118224.1 gg_id:63341 Azospirillum sp. str. DA2-3-1, AY118224.1 gg_id:63341 Azospirillum sp. str. DA2-3-1,9,-110.0,0.91015625,1.0,0.04316015034229279,494.0,414.29888733189284,0.7133031738784577,0.9207147820005681,-0.1111111111111111,True,1.0,11740.0,Healthy,Male,Placebo-resistant (STRICT-ADAPTIVE)
50294, g__Veillonella, s__Veillonella dispar, p__Firmicutes, c__Clostridia, o__Clostridiales, f__Veillonellaceae,k__Bacteria; p__Firmicutes; c__Clostridia; o__Clostridiales; f__Veillonellaceae; g__Veillonella; s__Veillonella dispar; 50294; GQ032461.1 gg_id:463442 Topographical and Temporal Human Skin Microbiome skin volar forearm clone nbw906a08c1, GQ032461.1 gg_id:463442 Topographical and Temporal Human Skin Microbiome skin volar forearm clone nbw906a08c1,9,-20.0,1.0,1.0,0.17685491466615744,1527.0,1578.0142120328883,1.0,1.0,0.0,True,1.0,11911.0,Healthy,Male,Placebo-resistant (STRICT-ADAPTIVE)
17691, g__Roseburia, s__Eubacterium rectale, p__Firmicutes, c__Clostridia, o__Clostridiales, f__Lachnospiraceae,k__Bacteria; p__Firmicutes; c__Clostridia; o__Clostridiales; f__Lachnospiraceae; g__Roseburia; s__Eubacterium rectale; 17691; DQ905882.1 gg_id:168946 human fecal clone 29c-b1, DQ905882.1 gg_id:168946 human fecal clone 29c-b1,9,-218.0,0.65234375,1.0,0.12724577109984894,1697.0,1168.0542892824421,0.7750513736700824,0.9376534160753778,0.08888888888888889,True,1.0,13772.0,Healthy,Male,Placebo-resistant (STRICT-ADAPTIVE)
55738, g__Akkermansia, s__unclassified, p__Verrucomicrobia, c__Verrucomicrobiae, o__Verrucomicrobiales, f__Verrucomicrobiaceae,k__Bacteria; p__Verrucomicrobia; c__Verrucomicrobiae; o__Verrucomicrobiales; f__Verrucomicrobiaceae; g__Akkermansia; s__unclassified; 55738; GQ492710.1 gg_id:533891 Effect Diet on Human Gut Microbiome: Metagenomic Humanized Gnotobiotic Mice cecal contents Mus musculus strain C57BL/6J; PM9t2 clone PM9t2_a02e02, GQ492710.1 gg_id:533891 Effect Diet on Human Gut Microbiome: Metagenomic Humanized Gnotobiotic Mice cecal contents Mus musculus strain C57BL/6J PM9t2 clone PM9t2_a02e02,9,568.0,0.42578125,1.0,0.2331313520315149,3157.0,1943.661754421278,0.967435545139537,0.9928887934220945,0.022222222222222223,True,1.0,12282.0,Healthy,Male,Placebo-resistant (STRICT-ADAPTIVE)
30787, g__Corynebacterium, s__unclassified, p__Actinobacteria, c__Actinobacteria, o__Actinomycetales, f__Corynebacteriaceae,k__Bacteria; p__Actinobacteria; c__Actinobacteria; o__Actinomycetales; f__Corynebacteriaceae; g__Corynebacterium; s__unclassified; 30787; GQ017781.1 gg_id:491887 Topographical and Temporal Human Skin Microbiome skin inguinal crease clone nbu131e08c1, GQ017781.1 gg_id:491887 Topographical and Temporal Human Skin Microbiome skin inguinal crease clone nbu131e08c1,9,18.0,0.65234375,1.0,0.015500059248726153,278.0,261.429698729463,1.0,1.0,0.0,True,1.0,14225.0,Healthy,Male,Placebo-resistant (STRICT-ADAPTIVE)
22308, g__unclassified, s__unclassified, p__Firmicutes, c__Clostridia, o__Clostridiales, f__Ruminococcaceae,k__Bacteria; p__Firmicutes; c__Clostridia; o__Clostridiales; f__Ruminococcaceae; g__unclassified; s__unclassified; 22308; EU775785.1 gg_id:348949 Horse feces clone horsem_aai93g06, EU775785.1 gg_id:348949 Horse feces clone horsem_aai93g06,9,-112.0,1.0,1.0,0.05427708989439688,818.0,556.0409584833757,0.7133031738784577,0.9207147820005681,0.1111111111111111,True,1.0,12758.0,Healthy,Male,Placebo-resistant (STRICT-ADAPTIVE)
46886, g__Staphylococcus, s__Staphylococcus epidermidis, p__Firmicutes, c__Bacilli, o__Bacillales, f__Staphylococcaceae,k__Bacteria; p__Firmicutes; c__Bacilli; o__Bacillales; f__Staphylococcaceae; g__Staphylococcus; s__Staphylococcus epidermidis; 46886; GQ099879.1 gg_id:418048 Topographical and Temporal Human Skin Microbiome skin alar crease clone nbw475c01c1, GQ099879.1 gg_id:418048 Topographical and Temporal Human Skin Microbiome skin alar crease clone nbw475c01c1,9,8.0,1.0,1.0,0.03691366038968579,646.0,458.66911680547133,0.7133031738784577,0.9207147820005681,0.1111111111111111,True,1.0,13567.0,Healthy,Male,Placebo-resistant (STRICT-ADAPTIVE)
17469, g__Roseburia, s__Eubacterium rectale, p__Firmicutes, c__Clostridia, o__Clostridiales, f__Lachnospiraceae,k__Bacteria; p__Firmicutes; c__Clostridia; o__Clostridiales; f__Lachnospiraceae; g__Roseburia; s__Eubacterium rectale; 17469; FJ371251.1 gg_id:363990 feces adult twins and mothers; TS6 clone TS6_a02g04, FJ371251.1 gg_id:363990 feces adult twins and mothers TS6 clone TS6_a02g04,9,-299.0,0.42578125,1.0,0.0990644322914021,1264.0,1020.2097221867887,0.7133031738784577,0.9207147820005681,0.1111111111111111,True,1.0,13856.0,Healthy,Male,Placebo-resistant (STRICT-ADAPTIVE)
53690, g__A4b, s__unclassified, p__Chloroflexi, c__Anaerolineae, o__Anaerolineales, f__Anaerolinaceae,k__Bacteria; p__Chloroflexi; c__Anaerolineae; o__Anaerolineales; f__Anaerolinaceae; g__A4b; s__unclassified; 53690; EU134013.1 gg_id:248412 tallgrass prarie soil clone FFCH5168, EU134013.1 gg_id:248412 tallgrass prarie soil clone FFCH5168,9,-143.0,0.42578125,1.0,0.017995174289899152,381.0,235.88528652715922,0.7750513736700824,0.9376534160753778,0.08888888888888889,True,1.0,14422.0,Healthy,Male,Placebo-resistant (STRICT-ADAPTIVE)
44878, g__Streptococcus, s__Streptococcus salivarius, p__Firmicutes, c__Bacilli, o__Lactobacillales, f__Streptococcaceae,k__Bacteria; p__Firmicutes; c__Bacilli; o__Lactobacillales; f__Streptococcaceae; g__Streptococcus; s__Streptococcus salivarius; 44878; GQ073188.1 gg_id:377770 Topographical and Temporal Human Skin Microbiome skin palm clone nbw206b04c1, GQ073188.1 gg_id:377770 Topographical and Temporal Human Skin Microbiome skin palm clone nbw206b04c1,9,-66.0,0.8203125,1.0,0.049021617546250555,975.0,589.9810691124853,0.7750513736700824,0.9376534160753778,0.08888888888888889,True,1.0,14013.0,Healthy,Male,Placebo-resistant (STRICT-ADAPTIVE)
50308, g__Veillonella, s__Veillonella dispar, p__Firmicutes, c__Clostridia, o__Clostridiales, f__Veillonellaceae,k__Bacteria; p__Firmicutes; c__Clostridia; o__Clostridiales; f__Veillonellaceae; g__Veillonella; s__Veillonella dispar; 50308; GQ073357.1 gg_id:459514 Topographical and Temporal Human Skin Microbiome skin palm clone nbw208b01c1, GQ073357.1 gg_id:459514 Topographical and Temporal Human Skin Microbiome skin palm clone nbw208b01c1,9,203.0,0.8203125,1.0,0.12978812295711317,1516.0,1223.2941834244125,0.9025232501776794,0.9754023282151151,0.044444444444444446,True,1.0,12674.0,Healthy,Male,Placebo-resistant (STRICT-ADAPTIVE)
70240, g__unclassified, s__unclassified, p__Firmicutes, c__Clostridia, o__Clostridiales, f__Lachnospiraceae,k__Bacteria; p__Firmicutes; c__Clostridia; o__Clostridiales; f__Lachnospiraceae; g__unclassified; s__unclassified; 70240; EU775509.1 gg_id:306730 Western lowland gorilla feces clone GOR_aag73e05, EU775509.1 gg_id:306730 Western lowland gorilla feces clone GOR_aag73e05,9,29.0,0.8203125,1.0,0.050235484076663936,703.0,554.7622200947397,0.6533789106936937,0.9002109436224224,0.13333333333333333,True,1.0,13116.0,Healthy,Male,Placebo-resistant (STRICT-ADAPTIVE)
33671, g__Corynebacterium, s__unclassified, p__Actinobacteria, c__Actinobacteria, o__Actinomycetales, f__Corynebacteriaceae,k__Bacteria; p__Actinobacteria; c__Actinobacteria; o__Actinomycetales; f__Corynebacteriaceae; g__Corynebacterium; s__unclassified; 33671; GQ036643.1 gg_id:426710 Topographical and Temporal Human Skin Microbiome skin inguinal crease clone nbu367b11c1, GQ036643.1 gg_id:426710 Topographical and Temporal Human Skin Microbiome skin inguinal crease clone nbu367b11c1,9,-41.0,1.0,1.0,0.017918923625973016,179.0,225.14274405363366,0.7750513736700824,0.9376534160753778,0.08888888888888889,True,1.0,14653.0,Healthy,Male,Placebo-resistant (STRICT-ADAPTIVE)
22011, g__unclassified, s__unclassified, p__Firmicutes, c__Clostridia, o__Clostridiales, f__Ruminococcaceae,k__Bacteria; p__Firmicutes; c__Clostridia; o__Clostridiales; f__Ruminococcaceae; g__unclassified; s__unclassified; 22011; EU772027.1 gg_id:354741 Argali sheep feces clone AS1_aao37a07.Contig1, EU772027.1 gg_id:354741 Argali sheep feces clone AS1_aao37a07.Contig1,9,-32.0,1.0,1.0,0.043735074450213955,684.0,436.229176669532,0.8382564863858263,0.9581536201140475,0.06666666666666667,True,1.0,13029.0,Healthy,Male,Placebo-resistant (STRICT-ADAPTIVE)
52353, g__Ktedonobacter, s__unclassified, p__Chloroflexi, c__Ktedonobacteria, o__Ktedonobacteriales, f__Ktedonobacteraceae,k__Bacteria; p__Chloroflexi; c__Ktedonobacteria; o__Ktedonobacteriales; f__Ktedonobacteraceae; g__Ktedonobacter; s__unclassified; 52353; EU134187.1 gg_id:238971 tallgrass prarie soil clone FFCH11515, EU134187.1 gg_id:238971 tallgrass prarie soil clone FFCH11515,9,-49.0,1.0,1.0,0.14328787338050777,1501.0,1053.7112650900995,0.6533789106936937,0.9002109436224224,0.13333333333333333,True,1.0,10478.0,Healthy,Male,Placebo-resistant (STRICT-ADAPTIVE)
49992, g__Veillonella, s__Veillonella parvula, p__Firmicutes, c__Clostridia, o__Clostridiales, f__Veillonellaceae,k__Bacteria; p__Firmicutes; c__Clostridia; o__Clostridiales; f__Veillonellaceae; g__Veillonella; s__Veillonella parvula; 49992; GQ006633.1 gg_id:503031 Topographical and Temporal Human Skin Microbiome skin occiput clone nbu85g12c1, GQ006633.1 gg_id:503031 Topographical and Temporal Human Skin Microbiome skin occiput clone nbu85g12c1,9,-10.0,0.65234375,1.0,0.08714121696994248,923.0,780.8368925710414,0.8382564863858263,0.9581536201140475,0.06666666666666667,True,1.0,12413.0,Healthy,Male,Placebo-resistant (STRICT-ADAPTIVE)
44940, g__Clostridium, s__unclassified, p__Firmicutes, c__Clostridia, o__Clostridiales, f__Clostridiaceae,k__Bacteria; p__Firmicutes; c__Clostridia; o__Clostridiales; f__Clostridiaceae; g__Clostridium; s__unclassified; 44940; GQ359970.1 gg_id:582866 Microbial intestinal contents and mucus yel catfish (Pelteobagrus fulvidraco) intestine content clone IC7, GQ359970.1 gg_id:582866 Microbial intestinal contents and mucus yel catfish (Pelteobagrus fulvidraco) intestine content clone IC7,9,102.0,0.359375,1.0,0.1318902414276895,1282.0,1107.2284802053177,0.967435545139537,0.9928887934220945,0.022222222222222223,True,1.0,11574.0,Healthy,Male,Placebo-resistant (STRICT-ADAPTIVE)
24548, g__Faecalibacterium, s__Faecalibacterium prausnitzii, p__Firmicutes, c__Clostridia, o__Clostridiales, f__Ruminococcaceae,k__Bacteria; p__Firmicutes; c__Clostridia; o__Clostridiales; f__Ruminococcaceae; g__Faecalibacterium; s__Faecalibacterium prausnitzii; 24548; DQ798178.1 gg_id:183655 human fecal clone RL302_aal96d12, DQ798178.1 gg_id:183655 human fecal clone RL302_aal96d12,9,32.0,1.0,1.0,0.06331056276357122,623.0,790.1222951192077,0.6533789106936937,0.9002109436224224,0.13333333333333333,True,1.0,14077.0,Healthy,Male,Placebo-resistant (STRICT-ADAPTIVE)
50234, g__Veillonella, s__Veillonella parvula, p__Firmicutes, c__Clostridia, o__Clostridiales, f__Veillonellaceae,k__Bacteria; p__Firmicutes; c__Clostridia; o__Clostridiales; f__Veillonellaceae; g__Veillonella; s__Veillonella parvula; 50234; EU766448.1 gg_id:328607 Pervasive effects antibiotic on human gut microbiota deep sequencing fecal clone B5_047, EU766448.1 gg_id:328607 Pervasive effects antibiotic on human gut microbiota deep sequencing fecal clone B5_047,9,132.0,0.42578125,1.0,0.08578762521866541,1432.0,959.9512829536948,1.0,1.0,0.0,True,1.0,12175.0,Healthy,Male,Placebo-resistant (STRICT-ADAPTIVE)
24853, g__Faecalibacterium, s__unclassified, p__Firmicutes, c__Clostridia, o__Clostridiales, f__Ruminococcaceae,k__Bacteria; p__Firmicutes; c__Clostridia; o__Clostridiales; f__Ruminococcaceae; g__Faecalibacterium; s__unclassified; 24853; FJ365643.1 gg_id:369286 feces adult twins and mothers; TS21 clone TS21_a01c10, FJ365643.1 gg_id:369286 feces adult twins and mothers TS21 clone TS21_a01c10,9,89.0,1.0,1.0,0.09781253235004655,1049.0,1018.9342510246238,0.7750513736700824,0.9376534160753778,0.08888888888888889,True,1.0,11598.0,Healthy,Male,Placebo-resistant (STRICT-ADAPTIVE)
54383, g__sfC, s__unclassified, p__Verrucomicrobia, c__Verruco-5, o__RFP12, f__unclassified,k__Bacteria; p__Verrucomicrobia; c__Verruco-5; o__RFP12; f__unclassified; g__sfC; s__unclassified; 54383; EU864491.1 gg_id:327984 structures under selection pressure levels antibiotics Xiao River receiving treated oxytetracycline production wastewater clone E26, EU864491.1 gg_id:327984 structures under selection pressure levels antibiotics Xiao River receiving treated oxytetracycline production wastewater clone E26,9,756.0,0.30078125,1.0,0.1317447110753606,2026.0,1281.5088918926783,0.7133031738784577,0.9207147820005681,-0.1111111111111111,True,1.0,10373.0,Healthy,Male,Placebo-resistant (STRICT-ADAPTIVE)
52099, g__unclassified, s__unclassified, p__Proteobacteria, c__Deltaproteobacteria, o__Syntrophobacterales, f__Syntrophobacteraceae,k__Bacteria; p__Proteobacteria; c__Deltaproteobacteria; o__Syntrophobacterales; f__Syntrophobacteraceae; g__unclassified; s__unclassified; 52099; GQ259289.1 gg_id:564500 Microbial activities coastal marine sediments and water column Svalbard deep sediment clone sediment_deep34, GQ259289.1 gg_id:564500 Microbial activities coastal marine sediments and water column Svalbard deep sediment clone sediment_deep34,9,-23.0,0.8203125,1.0,0.02734210925011651,351.0,581.9614673765875,0.9025232501776794,0.9754023282151151,0.044444444444444446,True,1.0,12832.0,Healthy,Male,Placebo-resistant (STRICT-ADAPTIVE)
24679, g__Faecalibacterium, s__Faecalibacterium prausnitzii, p__Firmicutes, c__Clostridia, o__Clostridiales, f__Ruminococcaceae,k__Bacteria; p__Firmicutes; c__Clostridia; o__Clostridiales; f__Ruminococcaceae; g__Faecalibacterium; s__Faecalibacterium prausnitzii; 24679; FJ678815.1 gg_id:532216 Synecology primary and secondary habitats Escherichia coli O157:H7 fecal MARC beef cattle feedlot animal #4017 pen 301; was positive STEC O157 clone 4-7K9, FJ678815.1 gg_id:532216 Synecology primary and secondary habitats Escherichia coli O157:H7 fecal MARC beef cattle feedlot animal #4017 pen 301 was positive STEC O157 clone 4-7K9,9,14.0,1.0,1.0,0.09350537298145539,842.0,921.1201067058398,0.7133031738784577,0.9207147820005681,0.1111111111111111,True,1.0,13669.0,Healthy,Male,Placebo-resistant (STRICT-ADAPTIVE)
50284, g__Dialister, s__unclassified, p__Firmicutes, c__Clostridia, o__Clostridiales, f__Veillonellaceae,k__Bacteria; p__Firmicutes; c__Clostridia; o__Clostridiales; f__Veillonellaceae; g__Dialister; s__unclassified; 50284; DQ796597.1 gg_id:184999 human fecal clone RL179aan75f02, DQ796597.1 gg_id:184999 human fecal clone RL179aan75f02,9,38.0,0.91015625,1.0,0.03970538378421246,683.0,588.9661582807623,0.967435545139537,0.9928887934220945,-0.022222222222222223,True,1.0,13260.0,Healthy,Male,Placebo-resistant (STRICT-ADAPTIVE)
28292, g__unclassified, s__unclassified, p__Firmicutes, c__Clostridia, o__Clostridiales, f__Lachnospiraceae,k__Bacteria; p__Firmicutes; c__Clostridia; o__Clostridiales; f__Lachnospiraceae; g__unclassified; s__unclassified; 28292; EU509847.1 gg_id:260454 cecal contents Mus musculus strain C57BL/6J; WD11 clone WD11_aak22d05, EU509847.1 gg_id:260454 cecal contents Mus musculus strain C57BL/6J WD11 clone WD11_aak22d05,9,-219.0,0.49609375,1.0,0.09648249377902084,777.0,965.4490313723339,0.7128212146058353,0.9207147820005681,0.1,True,1.0,13320.0,Healthy,Male,Placebo-resistant (STRICT-ADAPTIVE)
25919, g__Faecalibacterium, s__Faecalibacterium prausnitzii, p__Firmicutes, c__Clostridia, o__Clostridiales, f__Ruminococcaceae,k__Bacteria; p__Firmicutes; c__Clostridia; o__Clostridiales; f__Ruminococcaceae; g__Faecalibacterium; s__Faecalibacterium prausnitzii; 25919; FJ363414.1 gg_id:369631 feces adult twins and mothers; TS149 clone TS149_a03a02, FJ363414.1 gg_id:369631 feces adult twins and mothers TS149 clone TS149_a03a02,9,-40.0,0.8203125,1.0,0.0349800586221911,447.0,446.8503935074666,0.6240539694958962,0.9002109436224224,0.13333333333333333,True,1.0,13516.0,Healthy,Male,Placebo-resistant (STRICT-ADAPTIVE)
12737, g__Aquabacterium, s__unclassified, p__Proteobacteria, c__Betaproteobacteria, o__Burkholderiales, f__Aquabacteriaceae,k__Bacteria; p__Proteobacteria; c__Betaproteobacteria; o__Burkholderiales; f__Aquabacteriaceae; g__Aquabacterium; s__unclassified; 12737; GQ094196.1 gg_id:453201 Topographical and Temporal Human Skin Microbiome skin alar crease clone nbw371a09c1, GQ094196.1 gg_id:453201 Topographical and Temporal Human Skin Microbiome skin alar crease clone nbw371a09c1,9,-188.0,0.91015625,1.0,0.1027423119265291,1053.0,853.3310842678694,0.9025232501776794,0.9754023282151151,0.044444444444444446,True,1.0,9821.0,Healthy,Male,Placebo-resistant (STRICT-ADAPTIVE)
24787, g__Faecalibacterium, s__Faecalibacterium prausnitzii, p__Firmicutes, c__Clostridia, o__Clostridiales, f__Ruminococcaceae,k__Bacteria; p__Firmicutes; c__Clostridia; o__Clostridiales; f__Ruminococcaceae; g__Faecalibacterium; s__Faecalibacterium prausnitzii; 24787; DQ807022.1 gg_id:187683 human fecal clone RL244_aaj45c02, DQ807022.1 gg_id:187683 human fecal clone RL244_aaj45c02,9,-50.0,1.0,1.0,0.0899037168566551,796.0,816.770261973613,0.9025232501776794,0.9754023282151151,0.044444444444444446,True,1.0,14177.0,Healthy,Male,Placebo-resistant (STRICT-ADAPTIVE)
26565, g__Faecalibacterium, s__Faecalibacterium prausnitzii, p__Firmicutes, c__Clostridia, o__Clostridiales, f__Ruminococcaceae,k__Bacteria; p__Firmicutes; c__Clostridia; o__Clostridiales; f__Ruminococcaceae; g__Faecalibacterium; s__Faecalibacterium prausnitzii; 26565; FJ682388.1 gg_id:514957 Synecology primary and secondary habitats Escherichia coli O157:H7 fecal MARC beef cattle feedlot animal #4351 pen 301; was negative STEC O157 clone 8-3D12, FJ682388.1 gg_id:514957 Synecology primary and secondary habitats Escherichia coli O157:H7 fecal MARC beef cattle feedlot animal #4351 pen 301 was negative STEC O157 clone 8-3D12,9,-115.0,0.91015625,1.0,0.11294083978143901,978.0,973.8260783345476,0.6829598733032564,0.9207147820005681,0.1111111111111111,True,1.0,14281.0,Healthy,Male,Placebo-resistant (STRICT-ADAPTIVE)
70479, g__Helcococcus, s__unclassified, p__Firmicutes, c__Clostridia, o__Clostridiales, f__Clostridiales Family XI. Incertae Sedis,k__Bacteria; p__Firmicutes; c__Clostridia; o__Clostridiales; f__Clostridiales Family XI. Incertae Sedis; g__Helcococcus; s__unclassified; 70479; FJ959504.1 gg_id:586313 bottlenose dolphin upper respiratory tract blowhole clone D896_088, FJ959504.1 gg_id:586313 bottlenose dolphin upper respiratory tract blowhole clone D896_088,9,-151.0,1.0,1.0,0.05975374157062548,747.0,508.38984271696245,0.9025232501776794,0.9754023282151151,0.044444444444444446,True,1.0,11211.0,Healthy,Male,Placebo-resistant (STRICT-ADAPTIVE)
53532, g__sfG, s__unclassified, p__Proteobacteria, c__Deltaproteobacteria, o__NB1-j, f__unclassified,k__Bacteria; p__Proteobacteria; c__Deltaproteobacteria; o__NB1-j; f__unclassified; g__sfG; s__unclassified; 53532; EU287101.1 gg_id:255323 Pacific arctic surface sediment clone P13-8, EU287101.1 gg_id:255323 Pacific arctic surface sediment clone P13-8,9,458.0,0.30078125,1.0,0.11176101180324637,1606.0,1116.470983013491,0.967435545139537,0.9928887934220945,-0.022222222222222223,True,1.0,11285.0,Healthy,Male,Placebo-resistant (STRICT-ADAPTIVE)
19473, g__Clostridium, s__unclassified, p__Firmicutes, c__Clostridia, o__Clostridiales, f__Lachnospiraceae,k__Bacteria; p__Firmicutes; c__Clostridia; o__Clostridiales; f__Lachnospiraceae; g__Clostridium; s__unclassified; 19473; EF614857.1 gg_id:232638 Obesity alters gut microbial ecology cecum mother 1 mouse offspring genotype ob/ob clone C14_g01_2, EF614857.1 gg_id:232638 Obesity alters gut microbial ecology cecum mother 1 mouse offspring genotype ob/ob clone C14_g01_2,9,-109.0,0.49609375,1.0,0.03169328105426835,549.0,340.7771307532893,0.967435545139537,0.9928887934220945,0.022222222222222223,True,1.0,13341.0,Healthy,Male,Placebo-resistant (STRICT-ADAPTIVE)
28360, g__unclassified, s__unclassified, p__Firmicutes, c__Clostridia, o__Clostridiales, f__Lachnospiraceae,k__Bacteria; p__Firmicutes; c__Clostridia; o__Clostridiales; f__Lachnospiraceae; g__unclassified; s__unclassified; 28360; FJ679911.1 gg_id:530129 Synecology primary and secondary habitats Escherichia coli O157:H7 fecal MARC beef cattle feedlot animal #4017 pen 301; was positive STEC O157 clone 4-3F9, FJ679911.1 gg_id:530129 Synecology primary and secondary habitats Escherichia coli O157:H7 fecal MARC beef cattle feedlot animal #4017 pen 301 was positive STEC O157 clone 4-3F9,9,-113.0,0.734375,1.0,0.21748666692519195,2968.0,1570.3307511193657,0.9025232501776794,0.9754023282151151,0.044444444444444446,True,1.0,9964.0,Healthy,Male,Placebo-resistant (STRICT-ADAPTIVE)
24498, g__Faecalibacterium, s__unclassified, p__Firmicutes, c__Clostridia, o__Clostridiales, f__Ruminococcaceae,k__Bacteria; p__Firmicutes; c__Clostridia; o__Clostridiales; f__Ruminococcaceae; g__Faecalibacterium; s__unclassified; 24498; EU765882.1 gg_id:343729 Pervasive effects antibiotic on human gut microbiota deep sequencing fecal clone B4_765, EU765882.1 gg_id:343729 Pervasive effects antibiotic on human gut microbiota deep sequencing fecal clone B4_765,9,93.0,0.5703125,1.0,0.09609619564049163,578.0,1094.1409294967443,0.8382564863858263,0.9581536201140475,0.06666666666666667,True,1.0,12764.0,Healthy,Male,Placebo-resistant (STRICT-ADAPTIVE)
22260, g__unclassified, s__unclassified, p__Firmicutes, c__Clostridia, o__Clostridiales, f__Ruminococcaceae,k__Bacteria; p__Firmicutes; c__Clostridia; o__Clostridiales; f__Ruminococcaceae; g__unclassified; s__unclassified; 22260; AB192035.1 gg_id:143918 termite gut homogenate clone M2PB4-66, AB192035.1 gg_id:143918 termite gut homogenate clone M2PB4-66,9,-97.0,1.0,1.0,0.10880033434102543,1603.0,883.3730498744256,0.6533789106936937,0.9002109436224224,0.13333333333333333,True,1.0,11581.0,Healthy,Male,Placebo-resistant (STRICT-ADAPTIVE)
50069, g__Veillonella, s__unclassified, p__Firmicutes, c__Clostridia, o__Clostridiales, f__Veillonellaceae,k__Bacteria; p__Firmicutes; c__Clostridia; o__Clostridiales; f__Veillonellaceae; g__Veillonella; s__unclassified; 50069; GQ010293.1 gg_id:499375 Topographical and Temporal Human Skin Microbiome skin antecubital fossa clone nbw785c08c1, GQ010293.1 gg_id:499375 Topographical and Temporal Human Skin Microbiome skin antecubital fossa clone nbw785c08c1,9,0.0,0.7421875,1.0,0.1638966536723851,3115.0,1726.5330416505533,0.7133031738784577,0.9207147820005681,-0.1111111111111111,True,1.0,11170.0,Healthy,Male,Placebo-resistant (STRICT-ADAPTIVE)
25930, g__Faecalibacterium, s__Faecalibacterium prausnitzii, p__Firmicutes, c__Clostridia, o__Clostridiales, f__Ruminococcaceae,k__Bacteria; p__Firmicutes; c__Clostridia; o__Clostridiales; f__Ruminococcaceae; g__Faecalibacterium; s__Faecalibacterium prausnitzii; 25930; FJ371915.1 gg_id:361722 feces adult twins and mothers; TS8 clone TS8_a03f08, FJ371915.1 gg_id:361722 feces adult twins and mothers TS8 clone TS8_a03f08,9,6.0,0.734375,1.0,0.10413460043274586,995.0,884.7136726522191,0.967435545139537,0.9928887934220945,-0.022222222222222223,True,1.0,12213.0,Healthy,Male,Placebo-resistant (STRICT-ADAPTIVE)
25552, g__Faecalibacterium, s__unclassified, p__Firmicutes, c__Clostridia, o__Clostridiales, f__Ruminococcaceae,k__Bacteria; p__Firmicutes; c__Clostridia; o__Clostridiales; f__Ruminococcaceae; g__Faecalibacterium; s__unclassified; 25552; FJ677915.1 gg_id:529462 Synecology primary and secondary habitats Escherichia coli O157:H7 fecal MARC beef cattle feedlot animal #4225 pen 301; was negative STEC O157 clone 3-4C2, FJ677915.1 gg_id:529462 Synecology primary and secondary habitats Escherichia coli O157:H7 fecal MARC beef cattle feedlot animal #4225 pen 301 was negative STEC O157 clone 3-4C2,9,46.0,0.734375,1.0,0.03763627838511547,667.0,423.0305261378243,0.8382564863858263,0.9581536201140475,0.06666666666666667,True,1.0,13984.0,Healthy,Male,Placebo-resistant (STRICT-ADAPTIVE)
24478, g__Faecalibacterium, s__unclassified, p__Firmicutes, c__Clostridia, o__Clostridiales, f__Ruminococcaceae,k__Bacteria; p__Firmicutes; c__Clostridia; o__Clostridiales; f__Ruminococcaceae; g__Faecalibacterium; s__unclassified; 24478; FJ683263.1 gg_id:514730 Synecology primary and secondary habitats Escherichia coli O157:H7 fecal MARC beef cattle feedlot animal #4351 pen 301; was negative STEC O157 clone 8-6C10, FJ683263.1 gg_id:514730 Synecology primary and secondary habitats Escherichia coli O157:H7 fecal MARC beef cattle feedlot animal #4351 pen 301 was negative STEC O157 clone 8-6C10,9,44.0,0.8203125,1.0,0.030832288622677412,466.0,363.64738952880043,0.8382564863858263,0.9581536201140475,0.06666666666666667,True,1.0,14427.0,Healthy,Male,Placebo-resistant (STRICT-ADAPTIVE)
24555, g__Faecalibacterium, s__unclassified, p__Firmicutes, c__Clostridia, o__Clostridiales, f__Ruminococcaceae,k__Bacteria; p__Firmicutes; c__Clostridia; o__Clostridiales; f__Ruminococcaceae; g__Faecalibacterium; s__unclassified; 24555; DQ798784.1 gg_id:190019 human fecal clone RL242_aaj97c12, DQ798784.1 gg_id:190019 human fecal clone RL242_aaj97c12,9,-226.0,1.0,1.0,0.0743490634888124,767.0,812.2087628463782,1.0,1.0,0.0,True,1.0,12198.0,Healthy,Male,Placebo-resistant (STRICT-ADAPTIVE)
28412, g__unclassified, s__unclassified, p__Firmicutes, c__Clostridia, o__Clostridiales, f__Lachnospiraceae,k__Bacteria; p__Firmicutes; c__Clostridia; o__Clostridiales; f__Lachnospiraceae; g__unclassified; s__unclassified; 28412; EU773847.1 gg_id:346063 Cheetah feces clone CE3_aai08f04, EU773847.1 gg_id:346063 Cheetah feces clone CE3_aai08f04,9,75.0,0.5703125,1.0,0.022383393747447737,263.0,260.58189277930353,1.0,1.0,0.0,True,1.0,13416.0,Healthy,Male,Placebo-resistant (STRICT-ADAPTIVE)
15942, g__Succinivibrio, s__unclassified, p__Proteobacteria, c__Gammaproteobacteria, o__Aeromonadales, f__Succinivibrionaceae,k__Bacteria; p__Proteobacteria; c__Gammaproteobacteria; o__Aeromonadales; f__Succinivibrionaceae; g__Succinivibrio; s__unclassified; 15942; FJ673136.1 gg_id:513301 Synecology primary and secondary habitats Escherichia coli O157:H7 fecal MARC beef cattle feedlot animal #4262 pen 301; was positive STEC O157 clone 130-1J14, FJ673136.1 gg_id:513301 Synecology primary and secondary habitats Escherichia coli O157:H7 fecal MARC beef cattle feedlot animal #4262 pen 301 was positive STEC O157 clone 130-1J14,9,56.0,0.734375,1.0,0.09711015908420859,757.0,1824.868036300464,0.8382564863858263,0.9581536201140475,-0.06666666666666667,True,1.0,8372.0,Healthy,Male,Placebo-resistant (STRICT-ADAPTIVE)
50187, g__Veillonella, s__Veillonella dispar, p__Firmicutes, c__Clostridia, o__Clostridiales, f__Veillonellaceae,k__Bacteria; p__Firmicutes; c__Clostridia; o__Clostridiales; f__Veillonellaceae; g__Veillonella; s__Veillonella dispar; 50187; GQ073407.1 gg_id:468068 Topographical and Temporal Human Skin Microbiome skin palm clone nbw208f10c1, GQ073407.1 gg_id:468068 Topographical and Temporal Human Skin Microbiome skin palm clone nbw208f10c1,9,484.0,0.8203125,1.0,0.14865645527454766,2975.0,1627.8846818425984,1.0,1.0,0.0,True,1.0,11579.0,Healthy,Male,Placebo-resistant (STRICT-ADAPTIVE)
52144, g__unclassified, s__unclassified, p__Proteobacteria, c__Deltaproteobacteria, o__Desulfobacterales, f__Nitrospinaceae,k__Bacteria; p__Proteobacteria; c__Deltaproteobacteria; o__Desulfobacterales; f__Nitrospinaceae; g__unclassified; s__unclassified; 52144; FJ484693.1 gg_id:512592 microbial autonomous rover world's deepest phreatic sinkhole wall biomat El Zacaton 273m depth clone Z273MB6, FJ484693.1 gg_id:512592 microbial autonomous rover world's deepest phreatic sinkhole wall biomat El Zacaton 273m depth clone Z273MB6,9,28.0,0.734375,1.0,0.059934910218335136,456.0,598.9178479372423,0.967435545139537,0.9928887934220945,-0.022222222222222223,True,1.0,12605.0,Healthy,Male,Placebo-resistant (STRICT-ADAPTIVE)
55787, g__Akkermansia, s__unclassified, p__Verrucomicrobia, c__Verrucomicrobiae, o__Verrucomicrobiales, f__Verrucomicrobiaceae,k__Bacteria; p__Verrucomicrobia; c__Verrucomicrobiae; o__Verrucomicrobiales; f__Verrucomicrobiaceae; g__Akkermansia; s__unclassified; 55787; DQ824465.1 gg_id:199450 human fecal clone RL304_aal76c12, DQ824465.1 gg_id:199450 human fecal clone RL304_aal76c12,9,51.0,1.0,1.0,0.09789989715278881,1301.0,934.9754502540576,0.7750513736700824,0.9376534160753778,0.08888888888888889,True,1.0,12620.0,Healthy,Male,Placebo-resistant (STRICT-ADAPTIVE)
5705, g__Klebsiella, s__unclassified, p__Proteobacteria, c__Gammaproteobacteria, o__Enterobacteriales, f__Enterobacteriaceae,k__Bacteria; p__Proteobacteria; c__Gammaproteobacteria; o__Enterobacteriales; f__Enterobacteriaceae; g__Klebsiella; s__unclassified; 5705; EU734822.1 gg_id:349243 Pseudomonas aeruginosa str. NBRAJG90, EU734822.1 gg_id:349243 Pseudomonas aeruginosa str. NBRAJG90,9,150.0,0.7578125,1.0,0.05942635608442397,1145.0,623.9064743301765,0.7133031738784577,0.9207147820005681,-0.1111111111111111,True,1.0,11246.0,Healthy,Male,Placebo-resistant (STRICT-ADAPTIVE)
26598, g__Faecalibacterium, s__unclassified, p__Firmicutes, c__Clostridia, o__Clostridiales, f__Ruminococcaceae,k__Bacteria; p__Firmicutes; c__Clostridia; o__Clostridiales; f__Ruminococcaceae; g__Faecalibacterium; s__unclassified; 26598; DQ326372.1 gg_id:149213 Metagenomic gut microbiome healthy human stool clone C386, DQ326372.1 gg_id:149213 Metagenomic gut microbiome healthy human stool clone C386,9,2.0,1.0,1.0,0.11463205403560223,599.0,1000.891693063962,0.7438630522159773,0.9376534160753778,0.08888888888888889,True,1.0,13861.0,Healthy,Male,Placebo-resistant (STRICT-ADAPTIVE)
25801, g__Faecalibacterium, s__Faecalibacterium prausnitzii, p__Firmicutes, c__Clostridia, o__Clostridiales, f__Ruminococcaceae,k__Bacteria; p__Firmicutes; c__Clostridia; o__Clostridiales; f__Ruminococcaceae; g__Faecalibacterium; s__Faecalibacterium prausnitzii; 25801; DQ797128.1 gg_id:183253 human fecal clone RL386_aao87d02, DQ797128.1 gg_id:183253 human fecal clone RL386_aao87d02,9,-146.0,0.76171875,1.0,0.052179337887976227,508.0,695.6394297175641,0.7750513736700824,0.9376534160753778,0.08888888888888889,True,1.0,14332.0,Healthy,Male,Placebo-resistant (STRICT-ADAPTIVE)
32411, g__Corynebacterium, s__unclassified, p__Actinobacteria, c__Actinobacteria, o__Actinomycetales, f__Corynebacteriaceae,k__Bacteria; p__Actinobacteria; c__Actinobacteria; o__Actinomycetales; f__Corynebacteriaceae; g__Corynebacterium; s__unclassified; 32411; GQ034158.1 gg_id:422999 Topographical and Temporal Human Skin Microbiome skin retroauricular crease clone nbu351d11c1, GQ034158.1 gg_id:422999 Topographical and Temporal Human Skin Microbiome skin retroauricular crease clone nbu351d11c1,9,60.0,0.5703125,1.0,0.014830685295924307,204.0,183.96864817438626,0.6533789106936937,0.9002109436224224,0.13333333333333333,True,1.0,14302.0,Healthy,Male,Placebo-resistant (STRICT-ADAPTIVE)
72776, g__Clostridium, s__unclassified, p__Firmicutes, c__Clostridia, o__Clostridiales, f__Clostridiaceae,k__Bacteria; p__Firmicutes; c__Clostridia; o__Clostridiales; f__Clostridiaceae; g__Clostridium; s__unclassified; 72776; AB479046.1 gg_id:571847 SSU sequences Alps Cadagno di Fuori submerged biofilm mats montane wetland mainly pink clone B05-Capima, AB479046.1 gg_id:571847 SSU sequences Alps Cadagno di Fuori submerged biofilm mats montane wetland mainly pink clone B05-Capima,9,371.0,0.359375,1.0,0.17656218918691008,2185.0,1245.2071026852432,0.7750513736700824,0.9376534160753778,-0.08888888888888889,True,1.0,9448.0,Healthy,Male,Placebo-resistant (STRICT-ADAPTIVE)
58771, g__sfA, s__unclassified, p__Firmicutes, c__Clostridia, o__SHA-98, f__unclassified,k__Bacteria; p__Firmicutes; c__Clostridia; o__SHA-98; f__unclassified; g__sfA; s__unclassified; 58771; CU919263.1 gg_id:549429 Towards definition core microorganisms involved digestion mesophilic anaerobic digester which treats municipal wastewater sludge clone, CU919263.1 gg_id:549429 Towards definition core microorganisms involved digestion mesophilic anaerobic digester which treats municipal wastewater sludge clone,9,11.0,1.0,1.0,0.05582157378567703,533.0,513.0150208327237,0.7133031738784577,0.9207147820005681,0.1111111111111111,True,1.0,10722.0,Healthy,Male,Placebo-resistant (STRICT-ADAPTIVE)
50916, g__Veillonella, s__unclassified, p__Firmicutes, c__Clostridia, o__Clostridiales, f__Veillonellaceae,k__Bacteria; p__Firmicutes; c__Clostridia; o__Clostridiales; f__Veillonellaceae; g__Veillonella; s__unclassified; 50916; GQ000861.1 gg_id:469425 Topographical and Temporal Human Skin Microbiome skin interdigital web space clone nbu108f12c1, GQ000861.1 gg_id:469425 Topographical and Temporal Human Skin Microbiome skin interdigital web space clone nbu108f12c1,9,35.0,0.91015625,1.0,0.1164080087863529,1816.0,1343.6130481652817,0.7750513736700824,0.9376534160753778,0.08888888888888889,True,1.0,11698.0,Healthy,Male,Placebo-resistant (STRICT-ADAPTIVE)
23524, g__unclassified, s__unclassified, p__Firmicutes, c__Clostridia, o__Clostridiales, f__Lachnospiraceae,k__Bacteria; p__Firmicutes; c__Clostridia; o__Clostridiales; f__Lachnospiraceae; g__unclassified; s__unclassified; 23524; EU507387.1 gg_id:271326 cecal contents Mus musculus strain C57BL/6J; MD23 clone MD23_2aaa02e05, EU507387.1 gg_id:271326 cecal contents Mus musculus strain C57BL/6J MD23 clone MD23_2aaa02e05,9,-276.0,0.42578125,1.0,0.034045912256174544,680.0,381.3578178619713,0.6533789106936937,0.9002109436224224,0.13333333333333333,True,1.0,13619.0,Healthy,Male,Placebo-resistant (STRICT-ADAPTIVE)
25618, g__Faecalibacterium, s__Faecalibacterium prausnitzii, p__Firmicutes, c__Clostridia, o__Clostridiales, f__Ruminococcaceae,k__Bacteria; p__Firmicutes; c__Clostridia; o__Clostridiales; f__Ruminococcaceae; g__Faecalibacterium; s__Faecalibacterium prausnitzii; 25618; DQ825022.1 gg_id:182247 human fecal clone RL185_aao72d05, DQ825022.1 gg_id:182247 human fecal clone RL185_aao72d05,9,-21.0,1.0,1.0,0.03642039999759689,573.0,429.6894446509531,0.967435545139537,0.9928887934220945,-0.022222222222222223,True,1.0,14383.0,Healthy,Male,Placebo-resistant (STRICT-ADAPTIVE)
45367, g__Streptococcus, s__Streptococcus pseudopneumoniae, p__Firmicutes, c__Bacilli, o__Lactobacillales, f__Streptococcaceae,k__Bacteria; p__Firmicutes; c__Bacilli; o__Lactobacillales; f__Streptococcaceae; g__Streptococcus; s__Streptococcus pseudopneumoniae; 45367; GQ076920.1 gg_id:399933 Topographical and Temporal Human Skin Microbiome skin umbilicus clone nbw1155c03c1, GQ076920.1 gg_id:399933 Topographical and Temporal Human Skin Microbiome skin umbilicus clone nbw1155c03c1,9,24.0,0.9765625,1.0,0.03989155187657464,347.0,406.72210562004125,0.6532367441100604,0.9002109436224224,0.13333333333333333,True,1.0,12056.0,Healthy,Male,Placebo-resistant (STRICT-ADAPTIVE)
36510, g__Corynebacterium, s__unclassified, p__Actinobacteria, c__Actinobacteria, o__Actinomycetales, f__Corynebacteriaceae,k__Bacteria; p__Actinobacteria; c__Actinobacteria; o__Actinomycetales; f__Corynebacteriaceae; g__Corynebacterium; s__unclassified; 36510; GQ040165.1 gg_id:382469 Topographical and Temporal Human Skin Microbiome skin manubrium clone nbw950h04c1, GQ040165.1 gg_id:382469 Topographical and Temporal Human Skin Microbiome skin manubrium clone nbw950h04c1,9,-1.0,0.734375,1.0,0.018168961924821952,360.0,228.54650331557858,0.9025232501776794,0.9754023282151151,0.044444444444444446,True,1.0,14066.0,Healthy,Male,Placebo-resistant (STRICT-ADAPTIVE)
33892, g__Corynebacterium, s__unclassified, p__Actinobacteria, c__Actinobacteria, o__Actinomycetales, f__Corynebacteriaceae,k__Bacteria; p__Actinobacteria; c__Actinobacteria; o__Actinomycetales; f__Corynebacteriaceae; g__Corynebacterium; s__unclassified; 33892; GQ068538.1 gg_id:411889 Topographical and Temporal Human Skin Microbiome skin nare clone nbw151h01c1, GQ068538.1 gg_id:411889 Topographical and Temporal Human Skin Microbiome skin nare clone nbw151h01c1,9,27.0,1.0,1.0,0.047523611450942006,537.0,410.9164635299978,0.9025232501776794,0.9754023282151151,-0.044444444444444446,True,1.0,10558.0,Healthy,Male,Placebo-resistant (STRICT-ADAPTIVE)
41870, g__Bifidobacterium, s__unclassified, p__Actinobacteria, c__Actinobacteria, o__Bifidobacteriales, f__Bifidobacteriaceae,k__Bacteria; p__Actinobacteria; c__Actinobacteria; o__Bifidobacteriales; f__Bifidobacteriaceae; g__Bifidobacterium; s__unclassified; 41870; AF333390.1 gg_id:49417 Bifidobacterium pseudocatenulatum str. F34, AF333390.1 gg_id:49417 Bifidobacterium pseudocatenulatum str. F34,9,41.0,0.8203125,1.0,0.060901574792573215,603.0,664.5772136060974,0.7133031738784577,0.9207147820005681,0.1111111111111111,True,1.0,9419.0,Healthy,Male,Placebo-resistant (STRICT-ADAPTIVE)
25656, g__unclassified, s__unclassified, p__Firmicutes, c__Clostridia, o__Clostridiales, f__Ruminococcaceae,k__Bacteria; p__Firmicutes; c__Clostridia; o__Clostridiales; f__Ruminococcaceae; g__unclassified; s__unclassified; 25656; DQ823743.1 gg_id:188160 human fecal clone RL250_aaj78d11, DQ823743.1 gg_id:188160 human fecal clone RL250_aaj78d11,9,-35.0,0.734375,1.0,0.07200542399552856,631.0,804.2288793068246,0.7750513736700824,0.9376534160753778,0.08888888888888889,True,1.0,10860.0,Healthy,Male,Placebo-resistant (STRICT-ADAPTIVE)
50555, g__Dialister, s__unclassified, p__Firmicutes, c__Clostridia, o__Clostridiales, f__Veillonellaceae,k__Bacteria; p__Firmicutes; c__Clostridia; o__Clostridiales; f__Veillonellaceae; g__Dialister; s__unclassified; 50555; DQ809210.1 gg_id:196169 human fecal clone RL308_aal83d11, DQ809210.1 gg_id:196169 human fecal clone RL308_aal83d11,9,-48.0,0.8203125,1.0,0.11111840498290182,1476.0,1204.9377187408668,0.8382564863858263,0.9581536201140475,-0.06666666666666667,True,1.0,9846.0,Healthy,Male,Placebo-resistant (STRICT-ADAPTIVE)
69045, g__Bacteroides, s__unclassified, p__Bacteroidetes, c__Bacteroidia, o__Bacteroidales, f__Bacteroidaceae,k__Bacteria; p__Bacteroidetes; c__Bacteroidia; o__Bacteroidales; f__Bacteroidaceae; g__Bacteroides; s__unclassified; 69045; GQ079223.1 gg_id:456662 Topographical and Temporal Human Skin Microbiome skin occiput clone nbw1230a07c1, GQ079223.1 gg_id:456662 Topographical and Temporal Human Skin Microbiome skin occiput clone nbw1230a07c1,9,36.0,0.42578125,1.0,0.09548557277596303,1343.0,1724.002666058779,0.6533789106936937,0.9002109436224224,0.13333333333333333,True,1.0,13404.0,Healthy,Male,Placebo-resistant (STRICT-ADAPTIVE)
24695, g__Faecalibacterium, s__unclassified, p__Firmicutes, c__Clostridia, o__Clostridiales, f__Ruminococcaceae,k__Bacteria; p__Firmicutes; c__Clostridia; o__Clostridiales; f__Ruminococcaceae; g__Faecalibacterium; s__unclassified; 24695; FJ679193.1 gg_id:521326 Synecology primary and secondary habitats Escherichia coli O157:H7 fecal MARC beef cattle feedlot animal #4017 pen 301; was positive STEC O157 clone 4-8P8, FJ679193.1 gg_id:521326 Synecology primary and secondary habitats Escherichia coli O157:H7 fecal MARC beef cattle feedlot animal #4017 pen 301 was positive STEC O157 clone 4-8P8,9,37.0,0.734375,1.0,0.09403716157385479,872.0,969.607305253008,0.7750513736700824,0.9376534160753778,0.08888888888888889,True,1.0,12049.0,Healthy,Male,Placebo-resistant (STRICT-ADAPTIVE)
51808, g__unclassified, s__unclassified, p__Acidobacteria, c__Acidobacteria, o__Acidobacteriales, f__Acidobacteriaceae,k__Bacteria; p__Acidobacteria; c__Acidobacteria; o__Acidobacteriales; f__Acidobacteriaceae; g__unclassified; s__unclassified; 51808; FJ517001.1 gg_id:551640 semiarid 'Tablas de Daimiel National Park' wetland (Central Spain) unravelled water clone TDNP_Wbc97_115_1_25, FJ517001.1 gg_id:551640 semiarid 'Tablas de Daimiel National Park' wetland (Central Spain) unravelled water clone TDNP_Wbc97_115_1_25,9,-54.0,0.91015625,1.0,0.08279372771311311,1002.0,727.6210939768033,0.6533789106936937,0.9002109436224224,0.13333333333333333,True,1.0,11293.0,Healthy,Male,Placebo-resistant (STRICT-ADAPTIVE)
54619, g__Kosmotoga, s__unclassified, p__Thermotogae, c__Thermotogae, o__Thermotogales, f__Thermotogaceae,k__Bacteria; p__Thermotogae; c__Thermotogae; o__Thermotogales; f__Thermotogaceae; g__Kosmotoga; s__unclassified; 54619; AB530678.1 gg_id:539611 Kosmotoga sp. str. S304, AB530678.1 gg_id:539611 Kosmotoga sp. str. S304,9,126.0,0.91015625,1.0,0.046895877633445084,812.0,580.369803832005,1.0,1.0,0.0,True,1.0,11754.0,Healthy,Male,Placebo-resistant (STRICT-ADAPTIVE)
67251, g__Prevotella, s__unclassified, p__Bacteroidetes, c__Bacteroidia, o__Bacteroidales, f__Prevotellaceae,k__Bacteria; p__Bacteroidetes; c__Bacteroidia; o__Bacteroidales; f__Prevotellaceae; g__Prevotella; s__unclassified; 67251; FJ674224.1 gg_id:521529 Synecology primary and secondary habitats Escherichia coli O157:H7 fecal MARC beef cattle feedlot animal #4262 pen 301; was positive STEC O157 clone 130-8E9, FJ674224.1 gg_id:521529 Synecology primary and secondary habitats Escherichia coli O157:H7 fecal MARC beef cattle feedlot animal #4262 pen 301 was positive STEC O157 clone 130-8E9,9,-415.0,0.5703125,1.0,0.09772865500926843,1377.0,1104.3869265796295,0.7750513736700824,0.9376534160753778,0.08888888888888889,True,1.0,11687.0,Healthy,Male,Placebo-resistant (STRICT-ADAPTIVE)
37106, g__Corynebacterium, s__unclassified, p__Actinobacteria, c__Actinobacteria, o__Actinomycetales, f__Corynebacteriaceae,k__Bacteria; p__Actinobacteria; c__Actinobacteria; o__Actinomycetales; f__Corynebacteriaceae; g__Corynebacterium; s__unclassified; 37106; GQ045826.1 gg_id:402782 Topographical and Temporal Human Skin Microbiome skin antecubital fossa clone nbu551f02c1, GQ045826.1 gg_id:402782 Topographical and Temporal Human Skin Microbiome skin antecubital fossa clone nbu551f02c1,9,124.0,0.8203125,1.0,0.062054629185666364,722.0,600.5278818210229,0.7133031738784577,0.9207147820005681,0.1111111111111111,True,1.0,11795.0,Healthy,Male,Placebo-resistant (STRICT-ADAPTIVE)
20303, g__unclassified, s__unclassified, p__Firmicutes, c__Clostridia, o__Clostridiales, f__Lachnospiraceae,k__Bacteria; p__Firmicutes; c__Clostridia; o__Clostridiales; f__Lachnospiraceae; g__unclassified; s__unclassified; 20303; EF404929.1 gg_id:204981 human fecal clone SJTU_G_08_37, EF404929.1 gg_id:204981 human fecal clone SJTU_G_08_37,9,-47.0,1.0,1.0,0.043257126776721444,620.0,525.0187398983435,0.7133031738784577,0.9207147820005681,0.1111111111111111,True,1.0,14080.0,Healthy,Male,Placebo-resistant (STRICT-ADAPTIVE)
56653, g__unclassified, s__unclassified, p__Chlorobi, c__Ignavibacteria, o__Ignavibacteriales, f__Ignavibacteriaceae,k__Bacteria; p__Chlorobi; c__Ignavibacteria; o__Ignavibacteriales; f__Ignavibacteriaceae; g__unclassified; s__unclassified; 56653; AM490707.1 gg_id:564034 Linking and functional nutrient spiraling mats (USA) microbial mat sulfidic cave spring Lower Kane Cave Big Horn LKC22 clone SS_LKC22_UB50, AM490707.1 gg_id:564034 Linking and functional nutrient spiraling mats (USA) microbial mat sulfidic cave spring Lower Kane Cave Big Horn LKC22 clone SS_LKC22_UB50,9,-228.0,0.8203125,1.0,0.06214330523601844,874.0,739.0320917103518,0.7133031738784577,0.9207147820005681,0.1111111111111111,True,1.0,13739.0,Healthy,Male,Placebo-resistant (STRICT-ADAPTIVE)
13154, g__Aquabacterium, s__unclassified, p__Proteobacteria, c__Betaproteobacteria, o__Burkholderiales, f__Aquabacteriaceae,k__Bacteria; p__Proteobacteria; c__Betaproteobacteria; o__Burkholderiales; f__Aquabacteriaceae; g__Aquabacterium; s__unclassified; 13154; GQ039081.1 gg_id:375242 Topographical and Temporal Human Skin Microbiome skin buttock clone nbu524f04c1, GQ039081.1 gg_id:375242 Topographical and Temporal Human Skin Microbiome skin buttock clone nbu524f04c1,9,200.0,0.734375,1.0,0.03950155993763829,588.0,384.3366510987181,1.0,1.0,0.0,True,1.0,10685.0,Healthy,Male,Placebo-resistant (STRICT-ADAPTIVE)
22160, g__Oscillospira, s__unclassified, p__Firmicutes, c__Clostridia, o__Clostridiales, f__Ruminococcaceae,k__Bacteria; p__Firmicutes; c__Clostridia; o__Clostridiales; f__Ruminococcaceae; g__Oscillospira; s__unclassified; 22160; FJ369766.1 gg_id:362078 feces adult twins and mothers; TS51 clone TS51_a04e10, FJ369766.1 gg_id:362078 feces adult twins and mothers TS51 clone TS51_a04e10,9,239.0,0.734375,1.0,0.13301299040823192,1972.0,1223.48283880259,0.7133031738784577,0.9207147820005681,-0.1111111111111111,True,1.0,10928.0,Healthy,Male,Placebo-resistant (STRICT-ADAPTIVE)
1302, g__Pseudomonas, s__unclassified, p__Proteobacteria, c__Gammaproteobacteria, o__Pseudomonadales, f__Pseudomonadaceae,k__Bacteria; p__Proteobacteria; c__Gammaproteobacteria; o__Pseudomonadales; f__Pseudomonadaceae; g__Pseudomonas; s__unclassified; 1302; EU539417.1 gg_id:281214 profile human microbiota antecubital fossa (inner elbow) skin clone nbt238e04, EU539417.1 gg_id:281214 profile human microbiota antecubital fossa (inner elbow) skin clone nbt238e04,9,156.0,0.65234375,1.0,0.051405835687493975,573.0,540.1930791855816,0.9025232501776794,0.9754023282151151,-0.044444444444444446,True,1.0,11769.0,Healthy,Male,Placebo-resistant (STRICT-ADAPTIVE)
20149, g__Lachnospira, s__unclassified, p__Firmicutes, c__Clostridia, o__Clostridiales, f__Lachnospiraceae,k__Bacteria; p__Firmicutes; c__Clostridia; o__Clostridiales; f__Lachnospiraceae; g__Lachnospira; s__unclassified; 20149; EF402496.1 gg_id:214338 human fecal clone SJTU_B_08_71, EF402496.1 gg_id:214338 human fecal clone SJTU_B_08_71,9,116.0,0.49609375,1.0,0.059829733451160126,615.0,647.1025164531507,0.7750513736700824,0.9376534160753778,0.08888888888888889,True,1.0,12805.0,Healthy,Male,Placebo-resistant (STRICT-ADAPTIVE)
25166, g__Faecalibacterium, s__unclassified, p__Firmicutes, c__Clostridia, o__Clostridiales, f__Ruminococcaceae,k__Bacteria; p__Firmicutes; c__Clostridia; o__Clostridiales; f__Ruminococcaceae; g__Faecalibacterium; s__unclassified; 25166; FJ371741.1 gg_id:370050 feces adult twins and mothers; TS8 clone TS8_a01f10, FJ371741.1 gg_id:370050 feces adult twins and mothers TS8 clone TS8_a01f10,9,99.0,0.91015625,1.0,0.03832364993988066,446.0,518.7927856090521,0.7133031738784577,0.9207147820005681,0.1111111111111111,True,1.0,13582.0,Healthy,Male,Placebo-resistant (STRICT-ADAPTIVE)
19234, g__Clostridium, s__unclassified, p__Firmicutes, c__Clostridia, o__Clostridiales, f__Lachnospiraceae,k__Bacteria; p__Firmicutes; c__Clostridia; o__Clostridiales; f__Lachnospiraceae; g__Clostridium; s__unclassified; 19234; DQ799122.1 gg_id:197783 human fecal clone RL205_aaj17h06, DQ799122.1 gg_id:197783 human fecal clone RL205_aaj17h06,9,-21.0,0.91015625,1.0,0.14654909419484263,1285.0,1441.8543528387324,0.7750513736700824,0.9376534160753778,0.08888888888888889,True,1.0,9295.0,Healthy,Male,Placebo-resistant (STRICT-ADAPTIVE)
67114, g__Prevotella, s__unclassified, p__Bacteroidetes, c__Bacteroidia, o__Bacteroidales, f__Prevotellaceae,k__Bacteria; p__Bacteroidetes; c__Bacteroidia; o__Bacteroidales; f__Prevotellaceae; g__Prevotella; s__unclassified; 67114; FJ557908.1 gg_id:522663 Survey Approach Assess Endotracheal Tube Biofilms and their Origins biofilm extubated endotracheal tube ICU patient clone ET_G_3b10, FJ557908.1 gg_id:522663 Survey Approach Assess Endotracheal Tube Biofilms and their Origins biofilm extubated endotracheal tube ICU patient clone ET_G_3b10,9,178.0,0.91015625,1.0,0.09146699452552762,1246.0,852.8161380065719,0.7133031738784577,0.9207147820005681,0.1111111111111111,True,1.0,12053.0,Healthy,Male,Placebo-resistant (STRICT-ADAPTIVE)
56218, g__Akkermansia, s__Akkermansia muciniphila, p__Verrucomicrobia, c__Verrucomicrobiae, o__Verrucomicrobiales, f__Verrucomicrobiaceae,k__Bacteria; p__Verrucomicrobia; c__Verrucomicrobiae; o__Verrucomicrobiales; f__Verrucomicrobiaceae; g__Akkermansia; s__Akkermansia muciniphila; 56218; DQ824286.1 gg_id:194232 human fecal clone RL304_aal74a01, DQ824286.1 gg_id:194232 human fecal clone RL304_aal74a01,9,242.0,0.734375,1.0,0.10826553015591908,1224.0,1088.482972112002,0.967435545139537,0.9928887934220945,0.022222222222222223,True,1.0,12515.0,Healthy,Male,Placebo-resistant (STRICT-ADAPTIVE)
26384, g__Faecalibacterium, s__unclassified, p__Firmicutes, c__Clostridia, o__Clostridiales, f__Ruminococcaceae,k__Bacteria; p__Firmicutes; c__Clostridia; o__Clostridiales; f__Ruminococcaceae; g__Faecalibacterium; s__unclassified; 26384; AY981860.1 gg_id:118738 human sigmoid colon mucosal biopsy clone NW64, AY981860.1 gg_id:118738 human sigmoid colon mucosal biopsy clone NW64,9,157.0,0.65234375,1.0,0.11556846348552377,874.0,1124.9711562524615,0.7133031738784577,0.9207147820005681,-0.1111111111111111,True,1.0,12657.0,Healthy,Male,Placebo-resistant (STRICT-ADAPTIVE)
26472, g__Faecalibacterium, s__Faecalibacterium prausnitzii, p__Firmicutes, c__Clostridia, o__Clostridiales, f__Ruminococcaceae,k__Bacteria; p__Firmicutes; c__Clostridia; o__Clostridiales; f__Ruminococcaceae; g__Faecalibacterium; s__Faecalibacterium prausnitzii; 26472; FJ363015.1 gg_id:362968 feces adult twins and mothers; TS148 clone TS148_a01h09, FJ363015.1 gg_id:362968 feces adult twins and mothers TS148 clone TS148_a01h09,9,137.0,1.0,1.0,0.031338418117081095,637.0,385.2479307897419,0.7133031738784577,0.9207147820005681,-0.1111111111111111,True,1.0,14248.0,Healthy,Male,Placebo-resistant (STRICT-ADAPTIVE)
25835, g__Faecalibacterium, s__unclassified, p__Firmicutes, c__Clostridia, o__Clostridiales, f__Ruminococcaceae,k__Bacteria; p__Firmicutes; c__Clostridia; o__Clostridiales; f__Ruminococcaceae; g__Faecalibacterium; s__unclassified; 25835; DQ802632.1 gg_id:189025 human fecal clone RL188_aan94d04, DQ802632.1 gg_id:189025 human fecal clone RL188_aan94d04,9,27.0,0.91015625,1.0,0.08779101903251389,663.0,776.5929528395168,0.9025232501776794,0.9754023282151151,0.044444444444444446,True,1.0,14084.0,Healthy,Male,Placebo-resistant (STRICT-ADAPTIVE)
54514, g__unclassified, s__unclassified, p__Proteobacteria, c__Epsilonproteobacteria, o__Campylobacterales, f__Campylobacteraceae,k__Bacteria; p__Proteobacteria; c__Epsilonproteobacteria; o__Campylobacterales; f__Campylobacteraceae; g__unclassified; s__unclassified; 54514; DQ925875.1 gg_id:244236 Microbes and Thermal Gradients Temperature Hydrothermal Chimneys hydrothermal vent chimneys Guaymas Basin clone 165B24, DQ925875.1 gg_id:244236 Microbes and Thermal Gradients Temperature Hydrothermal Chimneys hydrothermal vent chimneys Guaymas Basin clone 165B24,9,193.0,0.734375,1.0,0.08058828993329276,1281.0,787.0797415764174,0.8381864806450703,0.9581536201140475,0.06666666666666667,True,1.0,10739.0,Healthy,Male,Placebo-resistant (STRICT-ADAPTIVE)
27020, g__unclassified, s__unclassified, p__Firmicutes, c__Clostridia, o__Clostridiales, f__Ruminococcaceae,k__Bacteria; p__Firmicutes; c__Clostridia; o__Clostridiales; f__Ruminococcaceae; g__unclassified; s__unclassified; 27020; DQ800873.1 gg_id:185826 human fecal clone RL183_aao04f02, DQ800873.1 gg_id:185826 human fecal clone RL183_aao04f02,9,-312.0,0.65234375,1.0,0.10614745980862364,1331.0,1055.7040867591638,0.8382564863858263,0.9581536201140475,0.06666666666666667,True,1.0,12955.0,Healthy,Male,Placebo-resistant (STRICT-ADAPTIVE)
67735, g__Prevotella, s__unclassified, p__Bacteroidetes, c__Bacteroidia, o__Bacteroidales, f__Prevotellaceae,k__Bacteria; p__Bacteroidetes; c__Bacteroidia; o__Bacteroidales; f__Prevotellaceae; g__Prevotella; s__unclassified; 67735; FJ680885.1 gg_id:527286 Synecology primary and secondary habitats Escherichia coli O157:H7 fecal MARC beef cattle feedlot animal #4281 pen 301; was positive STEC O157 clone 5-4J7, FJ680885.1 gg_id:527286 Synecology primary and secondary habitats Escherichia coli O157:H7 fecal MARC beef cattle feedlot animal #4281 pen 301 was positive STEC O157 clone 5-4J7,9,14.0,1.0,1.0,0.057671328522150504,555.0,594.8606993611567,0.6533789106936937,0.9002109436224224,0.13333333333333333,True,1.0,14500.0,Healthy,Male,Placebo-resistant (STRICT-ADAPTIVE)
9629, g__Diaphorobacter, s__unclassified, p__Proteobacteria, c__Betaproteobacteria, o__Burkholderiales, f__Comamonadaceae,k__Bacteria; p__Proteobacteria; c__Betaproteobacteria; o__Burkholderiales; f__Comamonadaceae; g__Diaphorobacter; s__unclassified; 9629; GQ060129.1 gg_id:435451 Topographical and Temporal Human Skin Microbiome skin toe web space clone nbw44d08c1, GQ060129.1 gg_id:435451 Topographical and Temporal Human Skin Microbiome skin toe web space clone nbw44d08c1,9,58.0,1.0,1.0,0.03877759377297633,660.0,405.3164499224992,0.8382564863858263,0.9581536201140475,0.06666666666666667,True,1.0,10916.0,Healthy,Male,Placebo-resistant (STRICT-ADAPTIVE)
45152, g__Clostridium, s__unclassified, p__Firmicutes, c__Clostridia, o__Clostridiales, f__Clostridiaceae,k__Bacteria; p__Firmicutes; c__Clostridia; o__Clostridiales; f__Clostridiaceae; g__Clostridium; s__unclassified; 45152; FM873847.1 gg_id:359116 occupant source house mattress dust clone MB01G06, FM873847.1 gg_id:359116 occupant source house mattress dust clone MB01G06,9,311.0,0.8203125,1.0,0.0835501123033263,1179.0,983.174776211116,0.6533789106936937,0.9002109436224224,0.13333333333333333,True,1.0,13435.0,Healthy,Male,Placebo-resistant (STRICT-ADAPTIVE)
44758, g__Clostridium, s__unclassified, p__Firmicutes, c__Clostridia, o__Clostridiales, f__Clostridiaceae,k__Bacteria; p__Firmicutes; c__Clostridia; o__Clostridiales; f__Clostridiaceae; g__Clostridium; s__unclassified; 44758; FJ684155.1 gg_id:524467 Synecology primary and secondary habitats Escherichia coli O157:H7 fecal MARC beef cattle feedlot animal #4228 pen 301; was negative STEC O157 clone 6-3O22, FJ684155.1 gg_id:524467 Synecology primary and secondary habitats Escherichia coli O157:H7 fecal MARC beef cattle feedlot animal #4228 pen 301 was negative STEC O157 clone 6-3O22,9,-14.0,0.734375,1.0,0.03351479430373651,401.0,480.92764962910775,0.7133031738784577,0.9207147820005681,0.1111111111111111,True,1.0,12355.0,Healthy,Male,Placebo-resistant (STRICT-ADAPTIVE)
53739, g__Candidatus Scalindua, s__unclassified, p__Planctomycetes, c__Kueneniae, o__Kueneniales, f__Scalinduaceae,k__Bacteria; p__Planctomycetes; c__Kueneniae; o__Kueneniales; f__Scalinduaceae; g__Candidatus Scalindua; s__unclassified; 53739; GQ143786.1 gg_id:381880 Level Continental Shelf Sediment and Phylum-level lineages Phylum Planctomycetes Yel Sea continental shelf sediment clone JJB304, GQ143786.1 gg_id:381880 Level Continental Shelf Sediment and Phylum-level lineages Phylum Planctomycetes Yel Sea continental shelf sediment clone JJB304,9,-46.0,0.91015625,1.0,0.0388745217323787,695.0,582.4638872162901,0.7133031738784577,0.9207147820005681,0.1111111111111111,True,1.0,12003.0,Healthy,Male,Placebo-resistant (STRICT-ADAPTIVE)
69805, g__unclassified, s__unclassified, p__Bacteroidetes, c__Bacteroidia, o__Bacteroidales, f__RikenellaceaeII,k__Bacteria; p__Bacteroidetes; c__Bacteroidia; o__Bacteroidales; f__RikenellaceaeII; g__unclassified; s__unclassified; 69805; EU771454.1 gg_id:311474 Hamadryas Baboon feces clone AFBAB_aai01g05, EU771454.1 gg_id:311474 Hamadryas Baboon feces clone AFBAB_aai01g05,9,185.0,0.30078125,1.0,0.10392133309504045,1029.0,872.2165709908927,0.967435545139537,0.9928887934220945,0.022222222222222223,True,1.0,12237.0,Healthy,Male,Placebo-resistant (STRICT-ADAPTIVE)
58800, g__sfA, s__unclassified, p__Acidobacteria, c__RB25, o__unclassified, f__unclassified,k__Bacteria; p__Acidobacteria; c__RB25; o__unclassified; f__unclassified; g__sfA; s__unclassified; 58800; EU131992.1 gg_id:251390 tallgrass prarie soil clone FFCH458, EU131992.1 gg_id:251390 tallgrass prarie soil clone FFCH458,9,-62.0,0.6328125,1.0,0.059652510201649904,755.0,714.7186968622301,0.8381864806450703,0.9581536201140475,-0.06666666666666667,True,1.0,12768.0,Healthy,Male,Placebo-resistant (STRICT-ADAPTIVE)
26254, g__Faecalibacterium, s__unclassified, p__Firmicutes, c__Clostridia, o__Clostridiales, f__Ruminococcaceae,k__Bacteria; p__Firmicutes; c__Clostridia; o__Clostridiales; f__Ruminococcaceae; g__Faecalibacterium; s__unclassified; 26254; FJ369135.1 gg_id:368234 feces adult twins and mothers; TS4 clone TS4_a04f08, FJ369135.1 gg_id:368234 feces adult twins and mothers TS4 clone TS4_a04f08,9,150.0,0.49609375,1.0,0.1275989389946985,859.0,995.3207041842231,0.7750513736700824,0.9376534160753778,-0.08888888888888889,True,1.0,12276.0,Healthy,Male,Placebo-resistant (STRICT-ADAPTIVE)
22175, g__unclassified, s__unclassified, p__Firmicutes, c__Clostridia, o__Clostridiales, f__Ruminococcaceae,k__Bacteria; p__Firmicutes; c__Clostridia; o__Clostridiales; f__Ruminococcaceae; g__unclassified; s__unclassified; 22175; EU344226.1 gg_id:268753 Foregut Fermentation Birds: Hoatzin Crop Supports Case Convergence Ruminants adult hoatzin crop clone hoa12_55G07, EU344226.1 gg_id:268753 Foregut Fermentation Birds: Hoatzin Crop Supports Case Convergence Ruminants adult hoatzin crop clone hoa12_55G07,9,139.0,0.359375,1.0,0.04081996136320931,493.0,376.9887589836069,0.9025232501776794,0.9754023282151151,-0.044444444444444446,True,1.0,13637.0,Healthy,Male,Placebo-resistant (STRICT-ADAPTIVE)
24423, g__Faecalibacterium, s__Faecalibacterium prausnitzii, p__Firmicutes, c__Clostridia, o__Clostridiales, f__Ruminococcaceae,k__Bacteria; p__Firmicutes; c__Clostridia; o__Clostridiales; f__Ruminococcaceae; g__Faecalibacterium; s__Faecalibacterium prausnitzii; 24423; AY986249.1 gg_id:127846 human stool clone D624, AY986249.1 gg_id:127846 human stool clone D624,9,-79.0,0.91015625,1.0,0.10026456989512904,854.0,834.5495578920271,0.7133031738784577,0.9207147820005681,0.1111111111111111,True,1.0,14276.0,Healthy,Male,Placebo-resistant (STRICT-ADAPTIVE)
55630, g__Akkermansia, s__unclassified, p__Verrucomicrobia, c__Verrucomicrobiae, o__Verrucomicrobiales, f__Verrucomicrobiaceae,k__Bacteria; p__Verrucomicrobia; c__Verrucomicrobiae; o__Verrucomicrobiales; f__Verrucomicrobiaceae; g__Akkermansia; s__unclassified; 55630; DQ803761.1 gg_id:190136 human fecal clone RL200_aai58b01, DQ803761.1 gg_id:190136 human fecal clone RL200_aai58b01,9,287.0,0.734375,1.0,0.13753328043200627,1069.0,1090.039177094108,0.967435545139537,0.9928887934220945,0.022222222222222223,True,1.0,12536.0,Healthy,Male,Placebo-resistant (STRICT-ADAPTIVE)
56612, g__Desulfovibrio, s__unclassified, p__Proteobacteria, c__Deltaproteobacteria, o__Desulfovibrionales, f__Desulfovibrionaceae,k__Bacteria; p__Proteobacteria; c__Deltaproteobacteria; o__Desulfovibrionales; f__Desulfovibrionaceae; g__Desulfovibrio; s__unclassified; 56612; EU885102.1 gg_id:304312 microbial hindgut chamber Pomacanthus sexstriatus GI tract clone A3C12, EU885102.1 gg_id:304312 microbial hindgut chamber Pomacanthus sexstriatus GI tract clone A3C12,9,365.0,0.30078125,1.0,0.18375103540697874,1731.0,1286.701219363342,1.0,1.0,0.0,True,1.0,8066.0,Healthy,Male,Placebo-resistant (STRICT-ADAPTIVE)
22096, g__unclassified, s__unclassified, p__Firmicutes, c__Clostridia, o__Clostridiales, f__Ruminococcaceae,k__Bacteria; p__Firmicutes; c__Clostridia; o__Clostridiales; f__Ruminococcaceae; g__unclassified; s__unclassified; 22096; EU456560.1 gg_id:321019 Innate immunity and intestinal microbiota Type 1 diabetes mouse cecum clone H77S5_50b10, EU456560.1 gg_id:321019 Innate immunity and intestinal microbiota Type 1 diabetes mouse cecum clone H77S5_50b10,9,102.0,1.0,1.0,0.07759212966054413,516.0,918.5598734976397,0.9674212610240318,0.9928887934220945,-0.022222222222222223,True,1.0,12795.0,Healthy,Male,Placebo-resistant (STRICT-ADAPTIVE)
26248, g__Faecalibacterium, s__unclassified, p__Firmicutes, c__Clostridia, o__Clostridiales, f__Ruminococcaceae,k__Bacteria; p__Firmicutes; c__Clostridia; o__Clostridiales; f__Ruminococcaceae; g__Faecalibacterium; s__unclassified; 26248; DQ805298.1 gg_id:191990 human fecal clone RL249_aaj84g02, DQ805298.1 gg_id:191990 human fecal clone RL249_aaj84g02,9,219.0,0.734375,1.0,0.1015487542023836,1154.0,936.1186327478894,0.8702263458891504,0.9754023282151151,-0.07777777777777778,True,1.0,12197.0,Healthy,Male,Placebo-resistant (STRICT-ADAPTIVE)
25805, g__Faecalibacterium, s__Faecalibacterium prausnitzii, p__Firmicutes, c__Clostridia, o__Clostridiales, f__Ruminococcaceae,k__Bacteria; p__Firmicutes; c__Clostridia; o__Clostridiales; f__Ruminococcaceae; g__Faecalibacterium; s__Faecalibacterium prausnitzii; 25805; FJ365164.1 gg_id:362669 feces adult twins and mothers; TS1 clone TS1_a03f05, FJ365164.1 gg_id:362669 feces adult twins and mothers TS1 clone TS1_a03f05,9,-34.0,1.0,1.0,0.10409780666287301,1133.0,928.3041697633379,0.9025232501776794,0.9754023282151151,0.044444444444444446,True,1.0,14427.0,Healthy,Male,Placebo-resistant (STRICT-ADAPTIVE)
6007, g__Klebsiella, s__unclassified, p__Proteobacteria, c__Gammaproteobacteria, o__Enterobacteriales, f__Enterobacteriaceae,k__Bacteria; p__Proteobacteria; c__Gammaproteobacteria; o__Enterobacteriales; f__Enterobacteriaceae; g__Klebsiella; s__unclassified; 6007; GQ155996.1 gg_id:571066 Human gut microbiome adopts alternative state bowel transplantation ileum intestinal transplant clone SHZF626, GQ155996.1 gg_id:571066 Human gut microbiome adopts alternative state bowel transplantation ileum intestinal transplant clone SHZF626,9,197.0,0.42578125,1.0,0.0890374742635203,1169.0,897.3941053962857,0.934896814773755,0.9928887934220945,-0.022222222222222223,True,1.0,11823.0,Healthy,Male,Placebo-resistant (STRICT-ADAPTIVE)
22007, g__unclassified, s__unclassified, p__Firmicutes, c__Clostridia, o__Clostridiales, f__Ruminococcaceae,k__Bacteria; p__Firmicutes; c__Clostridia; o__Clostridiales; f__Ruminococcaceae; g__unclassified; s__unclassified; 22007; EU009770.1 gg_id:247551 intestinal microbiota domestic and wild turkeys turkey cecum clone DTB_AF39, EU009770.1 gg_id:247551 intestinal microbiota domestic and wild turkeys turkey cecum clone DTB_AF39,9,20.0,1.0,1.0,0.07855979909825635,790.0,746.6730883354805,1.0,1.0,0.0,True,1.0,12127.0,Healthy,Male,Placebo-resistant (STRICT-ADAPTIVE)
22825, g__unclassified, s__unclassified, p__Firmicutes, c__Clostridia, o__Clostridiales, f__Lachnospiraceae,k__Bacteria; p__Firmicutes; c__Clostridia; o__Clostridiales; f__Lachnospiraceae; g__unclassified; s__unclassified; 22825; EU506568.1 gg_id:262414 cecal contents Mus musculus strain C57BL/6J; MD19 clone MD19_aaa04d08, EU506568.1 gg_id:262414 cecal contents Mus musculus strain C57BL/6J MD19 clone MD19_aaa04d08,9,53.0,0.734375,1.0,0.056184376374732226,657.0,549.3716702237607,0.967435545139537,0.9928887934220945,-0.022222222222222223,True,1.0,11639.0,Healthy,Male,Placebo-resistant (STRICT-ADAPTIVE)
69342, g__Anaerofustis, s__unclassified, p__Firmicutes, c__Clostridia, o__Clostridiales, f__Eubacteriaceae,k__Bacteria; p__Firmicutes; c__Clostridia; o__Clostridiales; f__Eubacteriaceae; g__Anaerofustis; s__unclassified; 69342; AB198513.1 gg_id:135410 termite gut wall fraction clone RsW01-091, AB198513.1 gg_id:135410 termite gut wall fraction clone RsW01-091,9,-177.0,0.5703125,1.0,0.07864424343339126,828.0,1020.157689379441,0.7750513736700824,0.9376534160753778,0.08888888888888889,True,1.0,12322.0,Healthy,Male,Placebo-resistant (STRICT-ADAPTIVE)
6562, g__Haemophilus, s__unclassified, p__Proteobacteria, c__Gammaproteobacteria, o__Pasteurellales, f__Pasteurellaceae,k__Bacteria; p__Proteobacteria; c__Gammaproteobacteria; o__Pasteurellales; f__Pasteurellaceae; g__Haemophilus; s__unclassified; 6562; FJ983093.1 gg_id:414943 Aspects Oral Microbiome subgingival plaque clone, FJ983093.1 gg_id:414943 Aspects Oral Microbiome subgingival plaque clone,9,-9.0,0.734375,1.0,0.08595825202357174,1063.0,771.2548977982427,0.9025232501776794,0.9754023282151151,-0.044444444444444446,True,1.0,11100.0,Healthy,Male,Placebo-resistant (STRICT-ADAPTIVE)
24581, g__Faecalibacterium, s__Faecalibacterium prausnitzii, p__Firmicutes, c__Clostridia, o__Clostridiales, f__Ruminococcaceae,k__Bacteria; p__Firmicutes; c__Clostridia; o__Clostridiales; f__Ruminococcaceae; g__Faecalibacterium; s__Faecalibacterium prausnitzii; 24581; FJ672383.1 gg_id:515835 Synecology primary and secondary habitats Escherichia coli O157:H7 feedlot surface MARC beef cattle feedlot; top 3 cm behind feedbunk east pen 301; was negative STEC O157 clone Ll142-3P3, FJ672383.1 gg_id:515835 Synecology primary and secondary habitats Escherichia coli O157:H7 feedlot surface MARC beef cattle feedlot top 3 cm behind feedbunk east pen 301 was negative STEC O157 clone Ll142-3P3,9,-48.0,0.91015625,1.0,0.056389774599362334,771.0,702.8634665265921,0.7133031738784577,0.9207147820005681,0.1111111111111111,True,1.0,14190.0,Healthy,Male,Placebo-resistant (STRICT-ADAPTIVE)
25198, g__Faecalibacterium, s__Faecalibacterium prausnitzii, p__Firmicutes, c__Clostridia, o__Clostridiales, f__Ruminococcaceae,k__Bacteria; p__Firmicutes; c__Clostridia; o__Clostridiales; f__Ruminococcaceae; g__Faecalibacterium; s__Faecalibacterium prausnitzii; 25198; DQ801706.1 gg_id:177293 human fecal clone RL201_aai45g09, DQ801706.1 gg_id:177293 human fecal clone RL201_aai45g09,9,-21.0,0.65234375,1.0,0.0473045234155165,800.0,563.1302041663583,0.7438630522159773,0.9376534160753778,0.1111111111111111,True,1.0,13175.0,Healthy,Male,Placebo-resistant (STRICT-ADAPTIVE)
70278, g__unclassified, s__unclassified, p__Firmicutes, c__Clostridia, o__Clostridiales, f__Lachnospiraceae,k__Bacteria; p__Firmicutes; c__Clostridia; o__Clostridiales; f__Lachnospiraceae; g__unclassified; s__unclassified; 70278; EU843429.1 gg_id:332448 metagenomics random sampling pyrosequencing rumen fluid fiber adherent microbiome steer 8; 6 week 1 hour after feeding clone 1103200827656, EU843429.1 gg_id:332448 metagenomics random sampling pyrosequencing rumen fluid fiber adherent microbiome steer 8 6 week 1 hour after feeding clone 1103200827656,9,108.0,0.5703125,1.0,0.10093137083112759,1181.0,849.9430043897714,0.967435545139537,0.9928887934220945,-0.022222222222222223,True,1.0,11497.0,Healthy,Male,Placebo-resistant (STRICT-ADAPTIVE)
67346, g__Prevotella, s__unclassified, p__Bacteroidetes, c__Bacteroidia, o__Bacteroidales, f__Prevotellaceae,k__Bacteria; p__Bacteroidetes; c__Bacteroidia; o__Bacteroidales; f__Prevotellaceae; g__Prevotella; s__unclassified; 67346; AM420217.1 gg_id:247034 Noma subgingival plaque clone 601D02(oral), AM420217.1 gg_id:247034 Noma subgingival plaque clone 601D02(oral),9,-305.0,0.8203125,1.0,0.24291958745752493,1704.0,1863.325341831402,0.7750513736700824,0.9376534160753778,0.08888888888888889,True,1.0,10931.0,Healthy,Male,Placebo-resistant (STRICT-ADAPTIVE)
24614, g__Faecalibacterium, s__unclassified, p__Firmicutes, c__Clostridia, o__Clostridiales, f__Ruminococcaceae,k__Bacteria; p__Firmicutes; c__Clostridia; o__Clostridiales; f__Ruminococcaceae; g__Faecalibacterium; s__unclassified; 24614; FJ678764.1 gg_id:510485 Synecology primary and secondary habitats Escherichia coli O157:H7 fecal MARC beef cattle feedlot animal #4017 pen 301; was positive STEC O157 clone 4-7F21, FJ678764.1 gg_id:510485 Synecology primary and secondary habitats Escherichia coli O157:H7 fecal MARC beef cattle feedlot animal #4017 pen 301 was positive STEC O157 clone 4-7F21,9,123.0,0.5703125,1.0,0.035839744919239844,402.0,459.0153838138519,0.7133031738784577,0.9207147820005681,-0.1111111111111111,True,1.0,14228.0,Healthy,Male,Placebo-resistant (STRICT-ADAPTIVE)
45270, g__Clostridium, s__Clostridium paraputrificum, p__Firmicutes, c__Clostridia, o__Clostridiales, f__Clostridiaceae,k__Bacteria; p__Firmicutes; c__Clostridia; o__Clostridiales; f__Clostridiaceae; g__Clostridium; s__Clostridium paraputrificum; 45270; X75907.1 gg_id:16215 Clostridium paraputrificum str. ATCC 25780, X75907.1 gg_id:16215 Clostridium paraputrificum str. ATCC 25780,9,199.0,0.91015625,1.0,0.24553721265588946,1225.0,1792.634854298121,1.0,1.0,0.0,True,1.0,9516.0,Healthy,Male,Placebo-resistant (STRICT-ADAPTIVE)
50164, g__Veillonella, s__unclassified, p__Firmicutes, c__Clostridia, o__Clostridiales, f__Veillonellaceae,k__Bacteria; p__Firmicutes; c__Clostridia; o__Clostridiales; f__Veillonellaceae; g__Veillonella; s__unclassified; 50164; GQ091818.1 gg_id:411006 Topographical and Temporal Human Skin Microbiome skin antecubital fossa clone nbw726b10c1, GQ091818.1 gg_id:411006 Topographical and Temporal Human Skin Microbiome skin antecubital fossa clone nbw726b10c1,9,249.0,0.5703125,1.0,0.08427533016472784,1832.0,985.2637626770024,0.967435545139537,0.9928887934220945,0.022222222222222223,True,1.0,13090.0,Healthy,Male,Placebo-resistant (STRICT-ADAPTIVE)
17988, g__Roseburia, s__Eubacterium rectale, p__Firmicutes, c__Clostridia, o__Clostridiales, f__Lachnospiraceae,k__Bacteria; p__Firmicutes; c__Clostridia; o__Clostridiales; f__Lachnospiraceae; g__Roseburia; s__Eubacterium rectale; 17988; FJ370282.1 gg_id:367961 feces adult twins and mothers; TS56 clone TS56_a02g11, FJ370282.1 gg_id:367961 feces adult twins and mothers TS56 clone TS56_a02g11,9,-206.0,0.65234375,1.0,0.0783370742926816,1159.0,902.1422517048578,0.7133031738784577,0.9207147820005681,0.1111111111111111,True,1.0,14455.0,Healthy,Male,Placebo-resistant (STRICT-ADAPTIVE)
12270, g__Aquabacterium, s__unclassified, p__Proteobacteria, c__Betaproteobacteria, o__Burkholderiales, f__Aquabacteriaceae,k__Bacteria; p__Proteobacteria; c__Betaproteobacteria; o__Burkholderiales; f__Aquabacteriaceae; g__Aquabacterium; s__unclassified; 12270; GQ097790.1 gg_id:417520 Topographical and Temporal Human Skin Microbiome skin occiput clone nbw456g05c1, GQ097790.1 gg_id:417520 Topographical and Temporal Human Skin Microbiome skin occiput clone nbw456g05c1,9,88.0,0.91015625,1.0,0.0935228465166495,1254.0,898.434049839559,0.7750513736700824,0.9376534160753778,0.08888888888888889,True,1.0,10897.0,Healthy,Male,Placebo-resistant (STRICT-ADAPTIVE)
71864, g__Lactobacillus, s__unclassified, p__Firmicutes, c__Bacilli, o__Lactobacillales, f__Lactobacillaceae,k__Bacteria; p__Firmicutes; c__Bacilli; o__Lactobacillales; f__Lactobacillaceae; g__Lactobacillus; s__unclassified; 71864; EU455031.1 gg_id:311151 Innate immunity and intestinal microbiota Type 1 diabetes mouse cecum clone K74N3_77b03, EU455031.1 gg_id:311151 Innate immunity and intestinal microbiota Type 1 diabetes mouse cecum clone K74N3_77b03,9,52.0,1.0,1.0,0.09735220395564353,1270.0,990.9923250964157,0.7133031738784577,0.9207147820005681,0.1111111111111111,True,1.0,10172.0,Healthy,Male,Placebo-resistant (STRICT-ADAPTIVE)
24169, g__Coprococcus, s__Coprococcus catus, p__Firmicutes, c__Clostridia, o__Clostridiales, f__Lachnospiraceae,k__Bacteria; p__Firmicutes; c__Clostridia; o__Clostridiales; f__Lachnospiraceae; g__Coprococcus; s__Coprococcus catus; 24169; AY977551.1 gg_id:121101 human cecum mucosal biopsy clone W357, AY977551.1 gg_id:121101 human cecum mucosal biopsy clone W357,9,232.0,1.0,1.0,0.08563509243890233,958.0,1041.1944277607329,0.7750513736700824,0.9376534160753778,0.08888888888888889,True,1.0,12607.0,Healthy,Male,Placebo-resistant (STRICT-ADAPTIVE)
66695, g__unclassified, s__unclassified, p__Bacteroidetes, c__Bacteroidia, o__Bacteroidales, f__RikenellaceaeII,k__Bacteria; p__Bacteroidetes; c__Bacteroidia; o__Bacteroidales; f__RikenellaceaeII; g__unclassified; s__unclassified; 66695; EU461561.1 gg_id:296651 black rhinoceros feces clone RH_aaj92e07, EU461561.1 gg_id:296651 black rhinoceros feces clone RH_aaj92e07,9,224.0,0.30078125,1.0,0.1086099805020119,1095.0,1050.0843550877232,0.8382564863858263,0.9581536201140475,-0.06666666666666667,True,1.0,11804.0,Healthy,Male,Placebo-resistant (STRICT-ADAPTIVE)
26754, g__unclassified, s__unclassified, p__Firmicutes, c__Clostridia, o__Clostridiales, f__Ruminococcaceae,k__Bacteria; p__Firmicutes; c__Clostridia; o__Clostridiales; f__Ruminococcaceae; g__unclassified; s__unclassified; 26754; DQ803678.1 gg_id:198988 human fecal clone RL200_aai57a11, DQ803678.1 gg_id:198988 human fecal clone RL200_aai57a11,9,216.0,0.91015625,1.0,0.06594847032815167,970.0,846.9082012696404,0.6533789106936937,0.9002109436224224,0.13333333333333333,True,1.0,10901.0,Healthy,Male,Placebo-resistant (STRICT-ADAPTIVE)
50503, g__Veillonella, s__Veillonella dispar, p__Firmicutes, c__Clostridia, o__Clostridiales, f__Veillonellaceae,k__Bacteria; p__Firmicutes; c__Clostridia; o__Clostridiales; f__Veillonellaceae; g__Veillonella; s__Veillonella dispar; 50503; GQ012772.1 gg_id:496894 Topographical and Temporal Human Skin Microbiome skin volar forearm clone nbw801e10c1, GQ012772.1 gg_id:496894 Topographical and Temporal Human Skin Microbiome skin volar forearm clone nbw801e10c1,9,387.0,0.8203125,1.0,0.131187069469039,1032.0,1211.9706623145262,0.7750513736700824,0.9376534160753778,-0.08888888888888889,True,1.0,12372.0,Healthy,Male,Placebo-resistant (STRICT-ADAPTIVE)
5935, g__Klebsiella, s__unclassified, p__Proteobacteria, c__Gammaproteobacteria, o__Enterobacteriales, f__Enterobacteriaceae,k__Bacteria; p__Proteobacteria; c__Gammaproteobacteria; o__Enterobacteriales; f__Enterobacteriaceae; g__Klebsiella; s__unclassified; 5935; FJ975804.1 gg_id:548574 Human gut microbiome adopts alternative state bowel transplantation ileum effluent clone 6d77.736, FJ975804.1 gg_id:548574 Human gut microbiome adopts alternative state bowel transplantation ileum effluent clone 6d77.736,9,296.0,0.8203125,1.0,0.1131775784041476,1670.0,1164.220997310123,0.7133031738784577,0.9207147820005681,0.1111111111111111,True,1.0,10947.0,Healthy,Male,Placebo-resistant (STRICT-ADAPTIVE)
46634, g__Staphylococcus, s__unclassified, p__Firmicutes, c__Bacilli, o__Bacillales, f__Staphylococcaceae,k__Bacteria; p__Firmicutes; c__Bacilli; o__Bacillales; f__Staphylococcaceae; g__Staphylococcus; s__unclassified; 46634; GQ002108.1 gg_id:507553 Topographical and Temporal Human Skin Microbiome skin axillary vault clone nbu167g03c1, GQ002108.1 gg_id:507553 Topographical and Temporal Human Skin Microbiome skin axillary vault clone nbu167g03c1,9,437.0,0.30078125,1.0,0.09782396524294505,976.0,757.976261897429,0.7133031738784577,0.9207147820005681,-0.1111111111111111,True,1.0,10028.0,Healthy,Male,Placebo-resistant (STRICT-ADAPTIVE)
18173, g__Roseburia, s__Eubacterium rectale, p__Firmicutes, c__Clostridia, o__Clostridiales, f__Lachnospiraceae,k__Bacteria; p__Firmicutes; c__Clostridia; o__Clostridiales; f__Lachnospiraceae; g__Roseburia; s__Eubacterium rectale; 18173; FJ362755.1 gg_id:362203 feces adult twins and mothers; TS13 clone TS13_a02g04, FJ362755.1 gg_id:362203 feces adult twins and mothers TS13 clone TS13_a02g04,9,-9.0,0.91015625,1.0,0.10496754292905064,1081.0,978.4362755835342,0.8382564863858263,0.9581536201140475,0.06666666666666667,True,1.0,12945.0,Healthy,Male,Placebo-resistant (STRICT-ADAPTIVE)
55900, g__Akkermansia, s__unclassified, p__Verrucomicrobia, c__Verrucomicrobiae, o__Verrucomicrobiales, f__Verrucomicrobiaceae,k__Bacteria; p__Verrucomicrobia; c__Verrucomicrobiae; o__Verrucomicrobiales; f__Verrucomicrobiaceae; g__Akkermansia; s__unclassified; 55900; EU508365.1 gg_id:262989 cecal contents Mus musculus strain C57BL/6J; MD27 clone MD27_aaa03h06, EU508365.1 gg_id:262989 cecal contents Mus musculus strain C57BL/6J MD27 clone MD27_aaa03h06,9,221.0,0.5703125,1.0,0.22162110187110193,2423.0,1442.9859803892762,0.967435545139537,0.9928887934220945,-0.022222222222222223,True,1.0,8707.0,Healthy,Male,Placebo-resistant (STRICT-ADAPTIVE)
6207, g__Escherichia, s__unclassified, p__Proteobacteria, c__Gammaproteobacteria, o__Enterobacteriales, f__Enterobacteriaceae,k__Bacteria; p__Proteobacteria; c__Gammaproteobacteria; o__Enterobacteriales; f__Enterobacteriaceae; g__Escherichia; s__unclassified; 6207; EU472915.1 gg_id:291673 red panda feces clone RPSD_1aaa02f08, EU472915.1 gg_id:291673 red panda feces clone RPSD_1aaa02f08,9,171.0,0.1640625,1.0,0.08423679682563356,912.0,769.6934571921763,0.8382564863858263,0.9581536201140475,-0.06666666666666667,True,1.0,11577.0,Healthy,Male,Placebo-resistant (STRICT-ADAPTIVE)
3458, g__unclassified, s__unclassified, p__Proteobacteria, c__Gammaproteobacteria, o__Oceanospirillales, f__FCPT525,k__Bacteria; p__Proteobacteria; c__Gammaproteobacteria; o__Oceanospirillales; f__FCPT525; g__unclassified; s__unclassified; 3458; EU464904.1 gg_id:301529 Hartmann's mountain zebra feces clone AFZEB_aaj72h05, EU464904.1 gg_id:301529 Hartmann's mountain zebra feces clone AFZEB_aaj72h05,9,30.0,0.42578125,1.0,0.025969001438089216,423.0,443.77393614316736,1.0,1.0,0.0,True,1.0,13793.0,Healthy,Male,Placebo-resistant (STRICT-ADAPTIVE)
984, g__Pseudomonas, s__unclassified, p__Proteobacteria, c__Gammaproteobacteria, o__Pseudomonadales, f__Pseudomonadaceae,k__Bacteria; p__Proteobacteria; c__Gammaproteobacteria; o__Pseudomonadales; f__Pseudomonadaceae; g__Pseudomonas; s__unclassified; 984; EF513773.1 gg_id:220219 Pseudomonas putida str. JB-1, EF513773.1 gg_id:220219 Pseudomonas putida str. JB-1,9,339.0,0.359375,1.0,0.13948412642639882,1368.0,818.1969599063541,0.7750513736700824,0.9376534160753778,-0.08888888888888889,True,1.0,8315.0,Healthy,Male,Placebo-resistant (STRICT-ADAPTIVE)
18498, g__Ruminococcus, s__unclassified, p__Firmicutes, c__Clostridia, o__Clostridiales, f__Lachnospiraceae,k__Bacteria; p__Firmicutes; c__Clostridia; o__Clostridiales; f__Lachnospiraceae; g__Ruminococcus; s__unclassified; 18498; DQ801898.1 gg_id:178400 human fecal clone RL201_aai48c03, DQ801898.1 gg_id:178400 human fecal clone RL201_aai48c03,9,-285.0,0.42578125,1.0,0.10019714275687616,1163.0,1022.4500492444606,0.7750513736700824,0.9376534160753778,0.08888888888888889,True,1.0,13099.0,Healthy,Male,Placebo-resistant (STRICT-ADAPTIVE)
15862, g__sfA, s__unclassified, p__Proteobacteria, c__Betaproteobacteria, o__Rhodocyclales, f__unclassified,k__Bacteria; p__Proteobacteria; c__Betaproteobacteria; o__Rhodocyclales; f__unclassified; g__sfA; s__unclassified; 15862; AY212696.1 gg_id:106348 water 10 m downstream manure clone 248ds10, AY212696.1 gg_id:106348 water 10 m downstream manure clone 248ds10,9,-1.0,0.8203125,1.0,0.10136969143007739,1310.0,903.7567199442803,0.7750513736700824,0.9376534160753778,0.08888888888888889,True,1.0,10043.0,Healthy,Male,Placebo-resistant (STRICT-ADAPTIVE)
8701, g__Diaphorobacter, s__unclassified, p__Proteobacteria, c__Betaproteobacteria, o__Burkholderiales, f__Comamonadaceae,k__Bacteria; p__Proteobacteria; c__Betaproteobacteria; o__Burkholderiales; f__Comamonadaceae; g__Diaphorobacter; s__unclassified; 8701; GQ103595.1 gg_id:410453 Topographical and Temporal Human Skin Microbiome skin toe web space clone nbw712c02c1, GQ103595.1 gg_id:410453 Topographical and Temporal Human Skin Microbiome skin toe web space clone nbw712c02c1,9,92.0,0.5703125,1.0,0.027843750478056747,364.0,301.8252616627339,0.7750513736700824,0.9376534160753778,0.08888888888888889,True,1.0,12766.0,Healthy,Male,Placebo-resistant (STRICT-ADAPTIVE)
54938, g__Akkermansia, s__Akkermansia muciniphila, p__Verrucomicrobia, c__Verrucomicrobiae, o__Verrucomicrobiales, f__Verrucomicrobiaceae,k__Bacteria; p__Verrucomicrobia; c__Verrucomicrobiae; o__Verrucomicrobiales; f__Verrucomicrobiaceae; g__Akkermansia; s__Akkermansia muciniphila; 54938; EU459611.1 gg_id:291051 ring-tailed lemur feces clone RT_aai09c04, EU459611.1 gg_id:291051 ring-tailed lemur feces clone RT_aai09c04,9,144.0,0.8203125,1.0,0.05022200604775547,725.0,625.4994160757554,0.6533789106936937,0.9002109436224224,0.13333333333333333,True,1.0,13277.0,Healthy,Male,Placebo-resistant (STRICT-ADAPTIVE)
67428, g__Prevotella, s__unclassified, p__Bacteroidetes, c__Bacteroidia, o__Bacteroidales, f__Prevotellaceae,k__Bacteria; p__Bacteroidetes; c__Bacteroidia; o__Bacteroidales; f__Prevotellaceae; g__Prevotella; s__unclassified; 67428; EU776030.1 gg_id:305514 Spotted hyena feces clone HY1_h05_2, EU776030.1 gg_id:305514 Spotted hyena feces clone HY1_h05_2,9,-47.0,0.91015625,1.0,0.13725054250957386,1456.0,1263.2453321680807,0.7750513736700824,0.9376534160753778,0.08888888888888889,True,1.0,12796.0,Healthy,Male,Placebo-resistant (STRICT-ADAPTIVE)
35383, g__Corynebacterium, s__unclassified, p__Actinobacteria, c__Actinobacteria, o__Actinomycetales, f__Corynebacteriaceae,k__Bacteria; p__Actinobacteria; c__Actinobacteria; o__Actinomycetales; f__Corynebacteriaceae; g__Corynebacterium; s__unclassified; 35383; GQ003877.1 gg_id:505784 Topographical and Temporal Human Skin Microbiome skin nare clone nbu58d09c1, GQ003877.1 gg_id:505784 Topographical and Temporal Human Skin Microbiome skin nare clone nbu58d09c1,9,-49.0,0.8203125,1.0,0.022577902265958686,317.0,319.4713938854481,0.8702263458891504,0.9754023282151151,0.03333333333333333,True,1.0,13736.0,Healthy,Male,Placebo-resistant (STRICT-ADAPTIVE)
24503, g__Faecalibacterium, s__Faecalibacterium prausnitzii, p__Firmicutes, c__Clostridia, o__Clostridiales, f__Ruminococcaceae,k__Bacteria; p__Firmicutes; c__Clostridia; o__Clostridiales; f__Ruminococcaceae; g__Faecalibacterium; s__Faecalibacterium prausnitzii; 24503; FJ367117.1 gg_id:364030 feces adult twins and mothers; TS28 clone TS28_a03f12, FJ367117.1 gg_id:364030 feces adult twins and mothers TS28 clone TS28_a03f12,9,-42.0,0.8203125,1.0,0.06242803971207448,887.0,774.8026984981402,1.0,1.0,0.0,True,1.0,11973.0,Healthy,Male,Placebo-resistant (STRICT-ADAPTIVE)
5129, g__unclassified, s__unclassified, p__Proteobacteria, c__Gammaproteobacteria, o__Enterobacteriales, f__Enterobacteriaceae,k__Bacteria; p__Proteobacteria; c__Gammaproteobacteria; o__Enterobacteriales; f__Enterobacteriaceae; g__unclassified; s__unclassified; 5129; EU239468.1 gg_id:255707 Enterobacter asburiae str. XJUHX-5, EU239468.1 gg_id:255707 Enterobacter asburiae str. XJUHX-5,9,319.0,0.91015625,1.0,0.16994097878155745,2450.0,1601.634661227224,0.967435545139537,0.9928887934220945,-0.022222222222222223,True,1.0,9483.0,Healthy,Male,Placebo-resistant (STRICT-ADAPTIVE)
72277, g__Lactobacillus, s__unclassified, p__Firmicutes, c__Bacilli, o__Lactobacillales, f__Lactobacillaceae,k__Bacteria; p__Firmicutes; c__Bacilli; o__Lactobacillales; f__Lactobacillaceae; g__Lactobacillus; s__unclassified; 72277; EU454221.1 gg_id:326198 Innate immunity and intestinal microbiota Type 1 diabetes mouse cecum clone H80N1_74f05, EU454221.1 gg_id:326198 Innate immunity and intestinal microbiota Type 1 diabetes mouse cecum clone H80N1_74f05,9,214.0,0.91015625,1.0,0.0860838540301193,1306.0,829.8052738912774,0.7750513736700824,0.9376534160753778,0.08888888888888889,True,1.0,11526.0,Healthy,Male,Placebo-resistant (STRICT-ADAPTIVE)
70367, g__unclassified, s__unclassified, p__Firmicutes, c__Clostridia, o__Clostridiales, f__Catabacteriaceae,k__Bacteria; p__Firmicutes; c__Clostridia; o__Clostridiales; f__Catabacteriaceae; g__unclassified; s__unclassified; 70367; DQ805386.1 gg_id:177600 human fecal clone RL203_aai62a01, DQ805386.1 gg_id:177600 human fecal clone RL203_aai62a01,9,126.0,0.8203125,1.0,0.06310234058091306,718.0,729.6847881410469,1.0,1.0,0.0,True,1.0,12482.0,Healthy,Male,Placebo-resistant (STRICT-ADAPTIVE)
40971, g__Rothia, s__Rothia mucilaginosa, p__Actinobacteria, c__Actinobacteria, o__Actinomycetales, f__Micrococcaceae,k__Bacteria; p__Actinobacteria; c__Actinobacteria; o__Actinomycetales; f__Micrococcaceae; g__Rothia; s__Rothia mucilaginosa; 40971; GQ072061.1 gg_id:454275 Topographical and Temporal Human Skin Microbiome skin occiput clone nbw191f12c1, GQ072061.1 gg_id:454275 Topographical and Temporal Human Skin Microbiome skin occiput clone nbw191f12c1,9,-163.0,0.5703125,1.0,0.038579213307056756,516.0,845.9962978905075,0.9025232501776794,0.9754023282151151,0.044444444444444446,True,1.0,13041.0,Healthy,Male,Placebo-resistant (STRICT-ADAPTIVE)
26360, g__Faecalibacterium, s__Faecalibacterium prausnitzii, p__Firmicutes, c__Clostridia, o__Clostridiales, f__Ruminococcaceae,k__Bacteria; p__Firmicutes; c__Clostridia; o__Clostridiales; f__Ruminococcaceae; g__Faecalibacterium; s__Faecalibacterium prausnitzii; 26360; FJ678769.1 gg_id:529017 Synecology primary and secondary habitats Escherichia coli O157:H7 fecal MARC beef cattle feedlot animal #4017 pen 301; was positive STEC O157 clone 4-7G16, FJ678769.1 gg_id:529017 Synecology primary and secondary habitats Escherichia coli O157:H7 fecal MARC beef cattle feedlot animal #4017 pen 301 was positive STEC O157 clone 4-7G16,9,-112.0,1.0,1.0,0.07115010858987714,732.0,704.4113489842265,0.7750513736700824,0.9376534160753778,0.08888888888888889,True,1.0,13697.0,Healthy,Male,Placebo-resistant (STRICT-ADAPTIVE)
22176, g__Oscillospira, s__unclassified, p__Firmicutes, c__Clostridia, o__Clostridiales, f__Ruminococcaceae,k__Bacteria; p__Firmicutes; c__Clostridia; o__Clostridiales; f__Ruminococcaceae; g__Oscillospira; s__unclassified; 22176; EF401625.1 gg_id:213633 human fecal clone SJTU_D_13_45, EF401625.1 gg_id:213633 human fecal clone SJTU_D_13_45,9,-71.0,1.0,1.0,0.025465721940247807,491.0,403.07755382804436,0.7750513736700824,0.9376534160753778,0.08888888888888889,True,1.0,13749.0,Healthy,Male,Placebo-resistant (STRICT-ADAPTIVE)
76289, g__sfA, s__unclassified, p__Spirochaetes, c__GN05, o__IF025, f__unclassified,k__Bacteria; p__Spirochaetes; c__GN05; o__IF025; f__unclassified; g__sfA; s__unclassified; 76289; EU245543.1 gg_id:249265 Miniprimer new lens viewing world hypersaline microbial mat clone MAT-CR-M2-H05, EU245543.1 gg_id:249265 Miniprimer new lens viewing world hypersaline microbial mat clone MAT-CR-M2-H05,9,244.0,0.91015625,1.0,0.07992652548897954,919.0,751.4683369983802,0.7750513736700824,0.9376534160753778,0.08888888888888889,True,1.0,11090.0,Healthy,Male,Placebo-resistant (STRICT-ADAPTIVE)
67790, g__Prevotella, s__unclassified, p__Bacteroidetes, c__Bacteroidia, o__Bacteroidales, f__Prevotellaceae,k__Bacteria; p__Bacteroidetes; c__Bacteroidia; o__Bacteroidales; f__Prevotellaceae; g__Prevotella; s__unclassified; 67790; FJ673684.1 gg_id:519820 Synecology primary and secondary habitats Escherichia coli O157:H7 fecal MARC beef cattle feedlot animal #4262 pen 301; was positive STEC O157 clone 130-5P3, FJ673684.1 gg_id:519820 Synecology primary and secondary habitats Escherichia coli O157:H7 fecal MARC beef cattle feedlot animal #4262 pen 301 was positive STEC O157 clone 130-5P3,9,-70.0,0.91015625,1.0,0.09754731039150559,1404.0,1718.5659334586044,0.9025232501776794,0.9754023282151151,-0.044444444444444446,True,1.0,12460.0,Healthy,Male,Placebo-resistant (STRICT-ADAPTIVE)
55913, g__Akkermansia, s__unclassified, p__Verrucomicrobia, c__Verrucomicrobiae, o__Verrucomicrobiales, f__Verrucomicrobiaceae,k__Bacteria; p__Verrucomicrobia; c__Verrucomicrobiae; o__Verrucomicrobiales; f__Verrucomicrobiaceae; g__Akkermansia; s__unclassified; 55913; DQ797786.1 gg_id:197591 human fecal clone RL206_aaj15g12, DQ797786.1 gg_id:197591 human fecal clone RL206_aaj15g12,9,464.0,0.49609375,1.0,0.2141523473458116,3044.0,1923.1106757311477,0.967435545139537,0.9928887934220945,0.022222222222222223,True,1.0,11929.0,Healthy,Male,Placebo-resistant (STRICT-ADAPTIVE)
26111, g__Faecalibacterium, s__unclassified, p__Firmicutes, c__Clostridia, o__Clostridiales, f__Ruminococcaceae,k__Bacteria; p__Firmicutes; c__Clostridia; o__Clostridiales; f__Ruminococcaceae; g__Faecalibacterium; s__unclassified; 26111; DQ798404.1 gg_id:182641 human fecal clone RL181_aah42b01, DQ798404.1 gg_id:182641 human fecal clone RL181_aah42b01,9,-212.0,1.0,1.0,0.08784151379598638,868.0,989.1094187758557,0.6533789106936937,0.9002109436224224,0.13333333333333333,True,1.0,14381.0,Healthy,Male,Placebo-resistant (STRICT-ADAPTIVE)
50466, g__Veillonella, s__unclassified, p__Firmicutes, c__Clostridia, o__Clostridiales, f__Veillonellaceae,k__Bacteria; p__Firmicutes; c__Clostridia; o__Clostridiales; f__Veillonellaceae; g__Veillonella; s__unclassified; 50466; AM697482.1 gg_id:219084 sequencing libraries indoor dust clone BF0001D097, AM697482.1 gg_id:219084 sequencing libraries indoor dust clone BF0001D097,9,483.0,0.5703125,1.0,0.10948879877664074,2216.0,1215.4330729414928,1.0,1.0,0.0,True,1.0,12654.0,Healthy,Male,Placebo-resistant (STRICT-ADAPTIVE)
77065, g__TM3, s__unclassified, p__Spirochaetes, c__Spirochaetes, o__Spirochaetales, f__Spirochaetaceae,k__Bacteria; p__Spirochaetes; c__Spirochaetes; o__Spirochaetales; f__Spirochaetaceae; g__TM3; s__unclassified; 77065; FJ748821.1 gg_id:582122 Vertical and sulfate-reducing prokaryotes estuarine Southern China Pearl River Estuary sediments clone BotBa32, FJ748821.1 gg_id:582122 Vertical and sulfate-reducing prokaryotes estuarine Southern China Pearl River Estuary sediments clone BotBa32,9,9.0,0.42578125,1.0,0.05259239830985917,719.0,558.6138390695311,0.7750513736700824,0.9376534160753778,0.08888888888888889,True,1.0,13058.0,Healthy,Male,Placebo-resistant (STRICT-ADAPTIVE)
45328, g__Clostridium, s__unclassified, p__Firmicutes, c__Clostridia, o__Clostridiales, f__Clostridiaceae,k__Bacteria; p__Firmicutes; c__Clostridia; o__Clostridiales; f__Clostridiaceae; g__Clostridium; s__unclassified; 45328; FJ679026.1 gg_id:514689 Synecology primary and secondary habitats Escherichia coli O157:H7 fecal MARC beef cattle feedlot animal #4017 pen 301; was positive STEC O157 clone 4-8H6, FJ679026.1 gg_id:514689 Synecology primary and secondary habitats Escherichia coli O157:H7 fecal MARC beef cattle feedlot animal #4017 pen 301 was positive STEC O157 clone 4-8H6,9,-65.0,0.91015625,1.0,0.07295639719067985,1325.0,811.7912628529851,0.9025232501776794,0.9754023282151151,0.044444444444444446,True,1.0,11748.0,Healthy,Male,Placebo-resistant (STRICT-ADAPTIVE)
66772, g__unclassified, s__unclassified, p__Bacteroidetes, c__Bacteroidia, o__Bacteroidales, f__RikenellaceaeII,k__Bacteria; p__Bacteroidetes; c__Bacteroidia; o__Bacteroidales; f__RikenellaceaeII; g__unclassified; s__unclassified; 66772; EU459441.1 gg_id:297220 capybara feces clone CAP_aah97a09, EU459441.1 gg_id:297220 capybara feces clone CAP_aah97a09,9,-374.0,1.0,1.0,0.13037925283719112,1751.0,1396.7676910798175,0.8382564863858263,0.9581536201140475,0.06666666666666667,True,1.0,11644.0,Healthy,Male,Placebo-resistant (STRICT-ADAPTIVE)
68015, g__Prevotella, s__unclassified, p__Bacteroidetes, c__Bacteroidia, o__Bacteroidales, f__Prevotellaceae,k__Bacteria; p__Bacteroidetes; c__Bacteroidia; o__Bacteroidales; f__Prevotellaceae; g__Prevotella; s__unclassified; 68015; GQ491858.1 gg_id:576234 Effect Diet on Human Gut Microbiome: Metagenomic Humanized Gnotobiotic Mice cecal contents Mus musculus strain C57BL/6J; PM8 clone PM8_a02c10, GQ491858.1 gg_id:576234 Effect Diet on Human Gut Microbiome: Metagenomic Humanized Gnotobiotic Mice cecal contents Mus musculus strain C57BL/6J PM8 clone PM8_a02c10,9,257.0,0.734375,1.0,0.14245384157236451,1437.0,1110.6250798136655,0.7750513736700824,0.9376534160753778,0.08888888888888889,True,1.0,13028.0,Healthy,Male,Placebo-resistant (STRICT-ADAPTIVE)
28230, g__unclassified, s__unclassified, p__Firmicutes, c__Clostridia, o__Clostridiales, f__Lachnospiraceae,k__Bacteria; p__Firmicutes; c__Clostridia; o__Clostridiales; f__Lachnospiraceae; g__unclassified; s__unclassified; 28230; FJ366090.1 gg_id:358312 feces adult twins and mothers; TS25 clone TS25_a02e11, FJ366090.1 gg_id:358312 feces adult twins and mothers TS25 clone TS25_a02e11,9,47.0,0.8203125,1.0,0.034259469449909014,612.0,367.36407064382325,0.967435545139537,0.9928887934220945,0.022222222222222223,True,1.0,13241.0,Healthy,Male,Placebo-resistant (STRICT-ADAPTIVE)
56126, g__Akkermansia, s__Akkermansia muciniphila, p__Verrucomicrobia, c__Verrucomicrobiae, o__Verrucomicrobiales, f__Verrucomicrobiaceae,k__Bacteria; p__Verrucomicrobia; c__Verrucomicrobiae; o__Verrucomicrobiales; f__Verrucomicrobiaceae; g__Akkermansia; s__Akkermansia muciniphila; 56126; EU459757.1 gg_id:291532 ring-tailed lemur feces clone RT_aai12c06, EU459757.1 gg_id:291532 ring-tailed lemur feces clone RT_aai12c06,9,-44.0,0.88671875,1.0,0.05669070401696321,944.0,670.6811296319917,0.8381163839331416,0.9581536201140475,-0.06666666666666667,True,1.0,13022.0,Healthy,Male,Placebo-resistant (STRICT-ADAPTIVE)
40448, g__Citricoccus, s__unclassified, p__Actinobacteria, c__Actinobacteria, o__Actinomycetales, f__Micrococcaceae,k__Bacteria; p__Actinobacteria; c__Actinobacteria; o__Actinomycetales; f__Micrococcaceae; g__Citricoccus; s__unclassified; 40448; FJ674681.1 gg_id:512185 Synecology primary and secondary habitats Escherichia coli O157:H7 feedlot surface MARC beef cattle feedlot; top 3 cm behind feedbunk west pen 301; was negative STEC O157 clone LL141-2L5, FJ674681.1 gg_id:512185 Synecology primary and secondary habitats Escherichia coli O157:H7 feedlot surface MARC beef cattle feedlot top 3 cm behind feedbunk west pen 301 was negative STEC O157 clone LL141-2L5,9,-272.0,1.0,1.0,0.12620529991193807,1607.0,1031.0394178260651,0.6533789106936937,0.9002109436224224,0.13333333333333333,True,1.0,10124.0,Healthy,Male,Placebo-resistant (STRICT-ADAPTIVE)
68685, g__Bacteroides, s__unclassified, p__Bacteroidetes, c__Bacteroidia, o__Bacteroidales, f__Bacteroidaceae,k__Bacteria; p__Bacteroidetes; c__Bacteroidia; o__Bacteroidales; f__Bacteroidaceae; g__Bacteroides; s__unclassified; 68685; AB490801.1 gg_id:570110 Bacteroides clarus str. YIT 12056, AB490801.1 gg_id:570110 Bacteroides clarus str. YIT 12056,9,153.0,0.5703125,1.0,0.13884736869919664,1636.0,2039.2252415834575,0.8382564863858263,0.9581536201140475,0.06666666666666667,True,1.0,11916.0,Healthy,Male,Placebo-resistant (STRICT-ADAPTIVE)
67937, g__Prevotella, s__unclassified, p__Bacteroidetes, c__Bacteroidia, o__Bacteroidales, f__Prevotellaceae,k__Bacteria; p__Bacteroidetes; c__Bacteroidia; o__Bacteroidales; f__Prevotellaceae; g__Prevotella; s__unclassified; 67937; GU302844.1 gg_id:575618 inhabiting epithelial tissue ruminal digesta -DGGE and sequencing rumen contents clone L206RC-4-G10, GU302844.1 gg_id:575618 inhabiting epithelial tissue ruminal digesta -DGGE and sequencing rumen contents clone L206RC-4-G10,9,207.0,0.8203125,1.0,0.06765000171222839,1038.0,683.0289493458125,0.967435545139537,0.9928887934220945,0.022222222222222223,True,1.0,12214.0,Healthy,Male,Placebo-resistant (STRICT-ADAPTIVE)
26397, g__Faecalibacterium, s__Faecalibacterium prausnitzii, p__Firmicutes, c__Clostridia, o__Clostridiales, f__Ruminococcaceae,k__Bacteria; p__Firmicutes; c__Clostridia; o__Clostridiales; f__Ruminococcaceae; g__Faecalibacterium; s__Faecalibacterium prausnitzii; 26397; FJ677143.1 gg_id:531846 Synecology primary and secondary habitats Escherichia coli O157:H7 fecal MARC beef cattle feedlot animal #4225 pen 301; was negative STEC O157 clone 3-1B-L18, FJ677143.1 gg_id:531846 Synecology primary and secondary habitats Escherichia coli O157:H7 fecal MARC beef cattle feedlot animal #4225 pen 301 was negative STEC O157 clone 3-1B-L18,9,-112.0,1.0,1.0,0.07710687543721108,755.0,795.8146959632695,0.6240539694958962,0.9002109436224224,0.1111111111111111,True,1.0,14120.0,Healthy,Male,Placebo-resistant (STRICT-ADAPTIVE)
44287, g__Streptococcus, s__unclassified, p__Firmicutes, c__Bacilli, o__Lactobacillales, f__Streptococcaceae,k__Bacteria; p__Firmicutes; c__Bacilli; o__Lactobacillales; f__Streptococcaceae; g__Streptococcus; s__unclassified; 44287; GQ091903.1 gg_id:378478 Topographical and Temporal Human Skin Microbiome skin antecubital fossa clone nbw727b06c1, GQ091903.1 gg_id:378478 Topographical and Temporal Human Skin Microbiome skin antecubital fossa clone nbw727b06c1,9,-58.0,0.91015625,1.0,0.03582157572723389,447.0,343.52009380012174,0.967435545139537,0.9928887934220945,0.022222222222222223,True,1.0,12908.0,Healthy,Male,Placebo-resistant (STRICT-ADAPTIVE)
14622, g__Burkholderia, s__unclassified, p__Proteobacteria, c__Betaproteobacteria, o__Burkholderiales, f__Burkholderiaceae,k__Bacteria; p__Proteobacteria; c__Betaproteobacteria; o__Burkholderiales; f__Burkholderiaceae; g__Burkholderia; s__unclassified; 14622; AB025790.1 gg_id:7230 Burkholderia sp. NF100, AB025790.1 gg_id:7230 Burkholderia sp. NF100,9,-220.0,1.0,1.0,0.18688641841006357,1945.0,1682.8124525329613,0.6533789106936937,0.9002109436224224,0.13333333333333333,True,1.0,9311.0,Healthy,Male,Placebo-resistant (STRICT-ADAPTIVE)
50757, g__Veillonella, s__Veillonella dispar, p__Firmicutes, c__Clostridia, o__Clostridiales, f__Veillonellaceae,k__Bacteria; p__Firmicutes; c__Clostridia; o__Clostridiales; f__Veillonellaceae; g__Veillonella; s__Veillonella dispar; 50757; GQ032526.1 gg_id:443459 Topographical and Temporal Human Skin Microbiome skin volar forearm clone nbw908a03c1, GQ032526.1 gg_id:443459 Topographical and Temporal Human Skin Microbiome skin volar forearm clone nbw908a03c1,9,205.0,0.93359375,1.0,0.10995438523269625,1253.0,1082.3972479639813,0.7133031738784577,0.9207147820005681,0.1111111111111111,True,1.0,12759.0,Healthy,Male,Placebo-resistant (STRICT-ADAPTIVE)
28399, g__unclassified, s__unclassified, p__Firmicutes, c__Clostridia, o__Clostridiales, f__Lachnospiraceae,k__Bacteria; p__Firmicutes; c__Clostridia; o__Clostridiales; f__Lachnospiraceae; g__unclassified; s__unclassified; 28399; FJ366276.1 gg_id:362403 feces adult twins and mothers; TS25 clone TS25_a04g05, FJ366276.1 gg_id:362403 feces adult twins and mothers TS25 clone TS25_a04g05,9,-101.0,1.0,1.0,0.17801404710879856,1813.0,1369.009726059112,0.967435545139537,0.9928887934220945,0.022222222222222223,True,1.0,11373.0,Healthy,Male,Placebo-resistant (STRICT-ADAPTIVE)
22029, g__unclassified, s__unclassified, p__Firmicutes, c__Clostridia, o__Clostridiales, f__Ruminococcaceae,k__Bacteria; p__Firmicutes; c__Clostridia; o__Clostridiales; f__Ruminococcaceae; g__unclassified; s__unclassified; 22029; EU779144.1 gg_id:321963 Trancaspian Urial feces clone TU2_aaa03b05, EU779144.1 gg_id:321963 Trancaspian Urial feces clone TU2_aaa03b05,9,245.0,0.734375,1.0,0.07339389575316642,1323.0,746.4933774507164,0.8382564863858263,0.9581536201140475,-0.06666666666666667,True,1.0,13487.0,Healthy,Male,Placebo-resistant (STRICT-ADAPTIVE)
51890, g__unclassified, s__unclassified, p__Proteobacteria, c__Deltaproteobacteria, o__Syntrophobacterales, f__Syntrophaceae,k__Bacteria; p__Proteobacteria; c__Deltaproteobacteria; o__Syntrophobacterales; f__Syntrophaceae; g__unclassified; s__unclassified; 51890; FJ462058.1 gg_id:593849 Microbial ecology industrial digestor mesophilic anaerobic reactor fed effluent chemical industry clone 16c, FJ462058.1 gg_id:593849 Microbial ecology industrial digestor mesophilic anaerobic reactor fed effluent chemical industry clone 16c,9,95.0,0.49609375,1.0,0.04987093286906941,540.0,506.25846916372666,0.7750513736700824,0.9376534160753778,-0.08888888888888889,True,1.0,13732.0,Healthy,Male,Placebo-resistant (STRICT-ADAPTIVE)
22452, g__unclassified, s__unclassified, p__Firmicutes, c__Clostridia, o__Clostridiales, f__Ruminococcaceae,k__Bacteria; p__Firmicutes; c__Clostridia; o__Clostridiales; f__Ruminococcaceae; g__unclassified; s__unclassified; 22452; DQ800867.1 gg_id:178242 human fecal clone RL183_aao04e06, DQ800867.1 gg_id:178242 human fecal clone RL183_aao04e06,9,72.0,0.42578125,1.0,0.021100069539908128,271.0,213.83937627210858,0.7438630522159773,0.9376534160753778,-0.08888888888888889,True,1.0,13333.0,Healthy,Male,Placebo-resistant (STRICT-ADAPTIVE)
67358, g__Prevotella, s__unclassified, p__Bacteroidetes, c__Bacteroidia, o__Bacteroidales, f__Prevotellaceae,k__Bacteria; p__Bacteroidetes; c__Bacteroidia; o__Bacteroidales; f__Prevotellaceae; g__Prevotella; s__unclassified; 67358; DQ794957.1 gg_id:183105 human fecal clone RL310_aam38d09, DQ794957.1 gg_id:183105 human fecal clone RL310_aam38d09,9,99.0,0.91015625,1.0,0.11066652521315741,1521.0,1029.9342202511984,0.6533789106936937,0.9002109436224224,0.13333333333333333,True,1.0,13561.0,Healthy,Male,Placebo-resistant (STRICT-ADAPTIVE)
26177, g__Faecalibacterium, s__unclassified, p__Firmicutes, c__Clostridia, o__Clostridiales, f__Ruminococcaceae,k__Bacteria; p__Firmicutes; c__Clostridia; o__Clostridiales; f__Ruminococcaceae; g__Faecalibacterium; s__unclassified; 26177; DQ801240.1 gg_id:174910 human fecal clone RL116_aaf02d04, DQ801240.1 gg_id:174910 human fecal clone RL116_aaf02d04,9,-14.0,0.8203125,1.0,0.11926414925814688,995.0,1328.0791732423186,0.967435545139537,0.9928887934220945,0.022222222222222223,True,1.0,12709.0,Healthy,Male,Placebo-resistant (STRICT-ADAPTIVE)
71779, g__Clostridium, s__unclassified, p__Firmicutes, c__Clostridia, o__Clostridiales, f__Clostridiaceae,k__Bacteria; p__Firmicutes; c__Clostridia; o__Clostridiales; f__Clostridiaceae; g__Clostridium; s__unclassified; 71779; AB218295.1 gg_id:147444 Fecal microbial (dugong dugon) determined genes Dugong feces clone dgA-7, AB218295.1 gg_id:147444 Fecal microbial (dugong dugon) determined genes Dugong feces clone dgA-7,9,308.0,0.8203125,1.0,0.13020228930478583,1117.0,956.3536975408209,0.6533789106936937,0.9002109436224224,0.13333333333333333,True,1.0,10672.0,Healthy,Male,Placebo-resistant (STRICT-ADAPTIVE)
72955, g__Clostridium, s__unclassified, p__Firmicutes, c__Clostridia, o__Clostridiales, f__Clostridiaceae,k__Bacteria; p__Firmicutes; c__Clostridia; o__Clostridiales; f__Clostridiaceae; g__Clostridium; s__unclassified; 72955; EU037903.1 gg_id:240095 Clostridium mesophilum str. SW408, EU037903.1 gg_id:240095 Clostridium mesophilum str. SW408,9,-250.0,1.0,1.0,0.16710528647361247,2306.0,1437.1938996685326,0.8382564863858263,0.9581536201140475,0.06666666666666667,True,1.0,10159.0,Healthy,Male,Placebo-resistant (STRICT-ADAPTIVE)
6241, g__Cronobacter, s__unclassified, p__Proteobacteria, c__Gammaproteobacteria, o__Enterobacteriales, f__Enterobacteriaceae,k__Bacteria; p__Proteobacteria; c__Gammaproteobacteria; o__Enterobacteriales; f__Enterobacteriaceae; g__Cronobacter; s__unclassified; 6241; EU348325.1 gg_id:353216 symbiont, EU348325.1 gg_id:353216 symbiont,9,461.0,1.0,1.0,0.12420455215809656,1764.0,1197.42165507579,0.934896814773755,0.9928887934220945,-0.022222222222222223,True,1.0,11200.0,Healthy,Male,Placebo-resistant (STRICT-ADAPTIVE)
67813, g__Prevotella, s__unclassified, p__Bacteroidetes, c__Bacteroidia, o__Bacteroidales, f__Prevotellaceae,k__Bacteria; p__Bacteroidetes; c__Bacteroidia; o__Bacteroidales; f__Prevotellaceae; g__Prevotella; s__unclassified; 67813; FJ685499.1 gg_id:525684 Synecology primary and secondary habitats Escherichia coli O157:H7 fecal MARC beef cattle feedlot animal #4228 pen 301; was negative STEC O157 clone 6-3F20, FJ685499.1 gg_id:525684 Synecology primary and secondary habitats Escherichia coli O157:H7 fecal MARC beef cattle feedlot animal #4228 pen 301 was negative STEC O157 clone 6-3F20,9,-185.0,0.734375,1.0,0.10099931018673551,1857.0,1026.1004923495555,0.967435545139537,0.9928887934220945,-0.022222222222222223,True,1.0,12599.0,Healthy,Male,Placebo-resistant (STRICT-ADAPTIVE)
26688, g__Eubacterium, s__unclassified, p__Firmicutes, c__Clostridia, o__Clostridiales, f__Ruminococcaceae,k__Bacteria; p__Firmicutes; c__Clostridia; o__Clostridiales; f__Ruminococcaceae; g__Eubacterium; s__unclassified; 26688; DQ815544.1 gg_id:163232 mouse cecum clone aab42e07, DQ815544.1 gg_id:163232 mouse cecum clone aab42e07,9,117.0,0.30078125,1.0,0.04532370805394009,635.0,521.7156769735792,0.7133031738784577,0.9207147820005681,-0.1111111111111111,True,1.0,13244.0,Healthy,Male,Placebo-resistant (STRICT-ADAPTIVE)
25822, g__Faecalibacterium, s__unclassified, p__Firmicutes, c__Clostridia, o__Clostridiales, f__Ruminococcaceae,k__Bacteria; p__Firmicutes; c__Clostridia; o__Clostridiales; f__Ruminococcaceae; g__Faecalibacterium; s__unclassified; 25822; DQ794455.1 gg_id:198064 human fecal clone RL197_aah88b02, DQ794455.1 gg_id:198064 human fecal clone RL197_aah88b02,9,132.0,0.49609375,1.0,0.13691020639922402,687.0,1063.4675741386968,0.7133031738784577,0.9207147820005681,-0.1111111111111111,True,1.0,12622.0,Healthy,Male,Placebo-resistant (STRICT-ADAPTIVE)
67003, g__Prevotella, s__unclassified, p__Bacteroidetes, c__Bacteroidia, o__Bacteroidales, f__Prevotellaceae,k__Bacteria; p__Bacteroidetes; c__Bacteroidia; o__Bacteroidales; f__Prevotellaceae; g__Prevotella; s__unclassified; 67003; GQ491765.1 gg_id:581537 Effect Diet on Human Gut Microbiome: Metagenomic Humanized Gnotobiotic Mice cecal contents Mus musculus strain C57BL/6J; PM8 clone PM8_a04f08, GQ491765.1 gg_id:581537 Effect Diet on Human Gut Microbiome: Metagenomic Humanized Gnotobiotic Mice cecal contents Mus musculus strain C57BL/6J PM8 clone PM8_a04f08,9,130.0,1.0,1.0,0.10281333121105833,1438.0,1198.6018890357216,0.7133031738784577,0.9207147820005681,0.1111111111111111,True,1.0,13797.0,Healthy,Male,Placebo-resistant (STRICT-ADAPTIVE)
14638, g__Burkholderia, s__Candidatus Burkholderia kirkii, p__Proteobacteria, c__Betaproteobacteria, o__Burkholderiales, f__Burkholderiaceae,k__Bacteria; p__Proteobacteria; c__Betaproteobacteria; o__Burkholderiales; f__Burkholderiaceae; g__Burkholderia; s__Candidatus Burkholderia kirkii; 14638; AF475065.1 gg_id:75398 Psychotria kirkii var. mucronata 835396 symbiont kirkii, AF475065.1 gg_id:75398 Psychotria kirkii var. mucronata 835396 symbiont kirkii,9,386.0,0.25,1.0,0.1855702822555513,1355.0,1543.9435456576055,0.967435545139537,0.9928887934220945,0.022222222222222223,True,1.0,9121.0,Healthy,Male,Placebo-resistant (STRICT-ADAPTIVE)
52630, g__Ktedonobacter, s__unclassified, p__Chloroflexi, c__Ktedonobacteria, o__Ktedonobacteriales, f__Ktedonobacteraceae,k__Bacteria; p__Chloroflexi; c__Ktedonobacteria; o__Ktedonobacteriales; f__Ktedonobacteraceae; g__Ktedonobacter; s__unclassified; 52630; EU133984.1 gg_id:241342 tallgrass prarie soil clone FFCH15563, EU133984.1 gg_id:241342 tallgrass prarie soil clone FFCH15563,9,117.0,0.5703125,1.0,0.09279607832697438,1683.0,819.6877393522759,0.9025232501776794,0.9754023282151151,0.044444444444444446,True,1.0,11029.0,Healthy,Male,Placebo-resistant (STRICT-ADAPTIVE)
15485, g__unclassified, s__unclassified, p__Proteobacteria, c__Betaproteobacteria, o__Burkholderiales, f__Alcaligenaceae,k__Bacteria; p__Proteobacteria; c__Betaproteobacteria; o__Burkholderiales; f__Alcaligenaceae; g__unclassified; s__unclassified; 15485; EF097368.1 gg_id:177104 mouse cecum clone SWPT19_aaa01f07, EF097368.1 gg_id:177104 mouse cecum clone SWPT19_aaa01f07,9,170.0,0.734375,1.0,0.10670589573741267,1801.0,1324.1120315307328,0.6533789106936937,0.9002109436224224,0.13333333333333333,True,1.0,11615.0,Healthy,Male,Placebo-resistant (STRICT-ADAPTIVE)
58713, g__sfA, s__unclassified, p__LCP-89, c__unclassified, o__unclassified, f__unclassified,k__Bacteria; p__LCP-89; c__unclassified; o__unclassified; f__unclassified; g__sfA; s__unclassified; 58713; FJ716279.1 gg_id:551134 Chlorobi dominate shal chemocline Bahamas Sawmill Sink column 10.3 m water depth clone SAW1_B44, FJ716279.1 gg_id:551134 Chlorobi dominate shal chemocline Bahamas Sawmill Sink column 10.3 m water depth clone SAW1_B44,9,125.0,0.88671875,1.0,0.10086406782715436,1046.0,857.2163527241987,0.6530944027903365,0.9002109436224224,0.13333333333333333,True,1.0,11380.0,Healthy,Male,Placebo-resistant (STRICT-ADAPTIVE)
5630, g__Cronobacter, s__Cronobacter muytjensii, p__Proteobacteria, c__Gammaproteobacteria, o__Enterobacteriales, f__Enterobacteriaceae,k__Bacteria; p__Proteobacteria; c__Gammaproteobacteria; o__Enterobacteriales; f__Enterobacteriaceae; g__Cronobacter; s__Cronobacter muytjensii; 5630; EF059849.1 gg_id:224182 Cronobacter muytjensii str. E616, EF059849.1 gg_id:224182 Cronobacter muytjensii str. E616,9,-125.0,0.5703125,1.0,0.07109626015048755,1402.0,908.9384593273874,0.7133031738784577,0.9207147820005681,0.1111111111111111,True,1.0,11449.0,Healthy,Male,Placebo-resistant (STRICT-ADAPTIVE)
26460, g__Faecalibacterium, s__unclassified, p__Firmicutes, c__Clostridia, o__Clostridiales, f__Ruminococcaceae,k__Bacteria; p__Firmicutes; c__Clostridia; o__Clostridiales; f__Ruminococcaceae; g__Faecalibacterium; s__unclassified; 26460; FJ366972.1 gg_id:362118 feces adult twins and mothers; TS28 clone TS28_a02a03, FJ366972.1 gg_id:362118 feces adult twins and mothers TS28 clone TS28_a02a03,9,101.0,0.8203125,1.0,0.08446655105646238,617.0,880.1375706104131,0.967435545139537,0.9928887934220945,-0.022222222222222223,True,1.0,14161.0,Healthy,Male,Placebo-resistant (STRICT-ADAPTIVE)
25886, g__Faecalibacterium, s__unclassified, p__Firmicutes, c__Clostridia, o__Clostridiales, f__Ruminococcaceae,k__Bacteria; p__Firmicutes; c__Clostridia; o__Clostridiales; f__Ruminococcaceae; g__Faecalibacterium; s__unclassified; 25886; FJ673101.1 gg_id:522788 Synecology primary and secondary habitats Escherichia coli O157:H7 fecal MARC beef cattle feedlot animal #4262 pen 301; was positive STEC O157 clone 130-1H2, FJ673101.1 gg_id:522788 Synecology primary and secondary habitats Escherichia coli O157:H7 fecal MARC beef cattle feedlot animal #4262 pen 301 was positive STEC O157 clone 130-1H2,9,-37.0,0.8203125,1.0,0.15100038377752875,1259.0,1242.4292155468836,0.8382564863858263,0.9581536201140475,0.06666666666666667,True,1.0,12659.0,Healthy,Male,Placebo-resistant (STRICT-ADAPTIVE)
17565, g__Roseburia, s__Eubacterium rectale, p__Firmicutes, c__Clostridia, o__Clostridiales, f__Lachnospiraceae,k__Bacteria; p__Firmicutes; c__Clostridia; o__Clostridiales; f__Lachnospiraceae; g__Roseburia; s__Eubacterium rectale; 17565; DQ795533.1 gg_id:187545 human fecal clone RL178_aan65g10, DQ795533.1 gg_id:187545 human fecal clone RL178_aan65g10,9,-190.0,0.8203125,1.0,0.1366650229009725,1643.0,1268.372163330271,1.0,1.0,0.0,True,1.0,14137.0,Healthy,Male,Placebo-resistant (STRICT-ADAPTIVE)
44836, g__Sarcina, s__unclassified, p__Firmicutes, c__Clostridia, o__Clostridiales, f__Clostridiaceae,k__Bacteria; p__Firmicutes; c__Clostridia; o__Clostridiales; f__Clostridiaceae; g__Sarcina; s__unclassified; 44836; EU471395.1 gg_id:295548 spectacled bear feces clone SB_2aaa01f09, EU471395.1 gg_id:295548 spectacled bear feces clone SB_2aaa01f09,9,183.0,0.65234375,1.0,0.050383190972832836,952.0,691.1463853949065,0.7750513736700824,0.9376534160753778,0.08888888888888889,True,1.0,11529.0,Healthy,Male,Placebo-resistant (STRICT-ADAPTIVE)
50203, g__Veillonella, s__unclassified, p__Firmicutes, c__Clostridia, o__Clostridiales, f__Veillonellaceae,k__Bacteria; p__Firmicutes; c__Clostridia; o__Clostridiales; f__Veillonellaceae; g__Veillonella; s__unclassified; 50203; GQ338722.1 gg_id:573384 and function human intestinal microbiota ileostomy effluent healthy patient clone Adhuhiec-i4b10, GQ338722.1 gg_id:573384 and function human intestinal microbiota ileostomy effluent healthy patient clone Adhuhiec-i4b10,9,281.0,0.734375,1.0,0.1874762054519259,3412.0,1843.8901703493923,0.7133031738784577,0.9207147820005681,0.1111111111111111,True,1.0,11745.0,Healthy,Male,Placebo-resistant (STRICT-ADAPTIVE)
46986, g__Staphylococcus, s__Staphylococcus epidermidis, p__Firmicutes, c__Bacilli, o__Bacillales, f__Staphylococcaceae,k__Bacteria; p__Firmicutes; c__Bacilli; o__Bacillales; f__Staphylococcaceae; g__Staphylococcus; s__Staphylococcus epidermidis; 46986; GQ035765.1 gg_id:439551 Topographical and Temporal Human Skin Microbiome skin gluteal crease clone nbu376e06c1, GQ035765.1 gg_id:439551 Topographical and Temporal Human Skin Microbiome skin gluteal crease clone nbu376e06c1,9,223.0,0.91015625,1.0,0.05003597151999132,746.0,559.4405642941686,0.8382564863858263,0.9581536201140475,0.06666666666666667,True,1.0,12904.0,Healthy,Male,Placebo-resistant (STRICT-ADAPTIVE)
22334, g__unclassified, s__unclassified, p__Firmicutes, c__Clostridia, o__Clostridiales, f__Ruminococcaceae,k__Bacteria; p__Firmicutes; c__Clostridia; o__Clostridiales; f__Ruminococcaceae; g__unclassified; s__unclassified; 22334; EU771554.1 gg_id:350467 Hamadryas Baboon feces clone AFBAB_aai02d07, EU771554.1 gg_id:350467 Hamadryas Baboon feces clone AFBAB_aai02d07,9,6.0,0.91015625,1.0,0.047011516250868614,560.0,476.66516051044096,1.0,1.0,0.0,True,1.0,13643.0,Healthy,Male,Placebo-resistant (STRICT-ADAPTIVE)
25955, g__Faecalibacterium, s__unclassified, p__Firmicutes, c__Clostridia, o__Clostridiales, f__Ruminococcaceae,k__Bacteria; p__Firmicutes; c__Clostridia; o__Clostridiales; f__Ruminococcaceae; g__Faecalibacterium; s__unclassified; 25955; DQ801314.1 gg_id:178935 human fecal clone RL388_aao93g12, DQ801314.1 gg_id:178935 human fecal clone RL388_aao93g12,9,84.0,0.49609375,1.0,0.03395160081296124,423.0,797.1019316108685,0.7750513736700824,0.9376534160753778,0.08888888888888889,True,1.0,13000.0,Healthy,Male,Placebo-resistant (STRICT-ADAPTIVE)
67311, g__Prevotella, s__unclassified, p__Bacteroidetes, c__Bacteroidia, o__Bacteroidales, f__Prevotellaceae,k__Bacteria; p__Bacteroidetes; c__Bacteroidia; o__Bacteroidales; f__Prevotellaceae; g__Prevotella; s__unclassified; 67311; EU461703.1 gg_id:295287 mongoose lemur feces clone ML_aaj27d08, EU461703.1 gg_id:295287 mongoose lemur feces clone ML_aaj27d08,9,-691.0,0.49609375,1.0,0.16974251176545233,1501.0,1765.1048622422159,0.9025232501776794,0.9754023282151151,0.044444444444444446,True,1.0,11907.0,Healthy,Male,Placebo-resistant (STRICT-ADAPTIVE)
28312, g__unclassified, s__unclassified, p__Firmicutes, c__Clostridia, o__Clostridiales, f__Lachnospiraceae,k__Bacteria; p__Firmicutes; c__Clostridia; o__Clostridiales; f__Lachnospiraceae; g__unclassified; s__unclassified; 28312; EU507073.1 gg_id:277498 cecal contents Mus musculus strain C57BL/6J; MD21 clone MD21_aar10g05, EU507073.1 gg_id:277498 cecal contents Mus musculus strain C57BL/6J MD21 clone MD21_aar10g05,9,-81.0,0.734375,1.0,0.06915498559996998,1236.0,792.0605569721996,0.7133031738784577,0.9207147820005681,0.1111111111111111,True,1.0,13111.0,Healthy,Male,Placebo-resistant (STRICT-ADAPTIVE)
50024, g__Dialister, s__unclassified, p__Firmicutes, c__Clostridia, o__Clostridiales, f__Veillonellaceae,k__Bacteria; p__Firmicutes; c__Clostridia; o__Clostridiales; f__Veillonellaceae; g__Dialister; s__unclassified; 50024; EU461194.1 gg_id:290748 hamadryas baboon feces clone BAZ_aah90c07, EU461194.1 gg_id:290748 hamadryas baboon feces clone BAZ_aah90c07,9,-157.0,0.8203125,1.0,0.0324261390546264,712.0,606.1862710421608,0.9674212610240318,0.9928887934220945,-0.022222222222222223,True,1.0,14211.0,Healthy,Male,Placebo-resistant (STRICT-ADAPTIVE)
6111, g__Pantoea, s__unclassified, p__Proteobacteria, c__Gammaproteobacteria, o__Enterobacteriales, f__Enterobacteriaceae,k__Bacteria; p__Proteobacteria; c__Gammaproteobacteria; o__Enterobacteriales; f__Enterobacteriaceae; g__Pantoea; s__unclassified; 6111; GQ225111.1 gg_id:584259 Pantoea agglomerans str. NBRISRM, GQ225111.1 gg_id:584259 Pantoea agglomerans str. NBRISRM,9,492.0,0.49609375,1.0,0.07458973093450706,1359.0,780.8835862021944,0.7750513736700824,0.9376534160753778,0.08888888888888889,True,1.0,11297.0,Healthy,Male,Placebo-resistant (STRICT-ADAPTIVE)
71990, g__Lactobacillus, s__unclassified, p__Firmicutes, c__Bacilli, o__Lactobacillales, f__Lactobacillaceae,k__Bacteria; p__Firmicutes; c__Bacilli; o__Lactobacillales; f__Lactobacillaceae; g__Lactobacillus; s__unclassified; 71990; AB326356.1 gg_id:236816 Lactobacillus acidipiscis str. NBRC 102163, AB326356.1 gg_id:236816 Lactobacillus acidipiscis str. NBRC 102163,9,-233.0,1.0,1.0,0.13903748111979428,2129.0,1330.7049729289274,0.7750513736700824,0.9376534160753778,0.08888888888888889,True,1.0,10232.0,Healthy,Male,Placebo-resistant (STRICT-ADAPTIVE)
73478, g__Mycoplasma, s__unclassified, p__Tenericutes, c__Mollicutes, o__Mycoplasmatales, f__Mycoplasmataceae,k__Bacteria; p__Tenericutes; c__Mollicutes; o__Mycoplasmatales; f__Mycoplasmataceae; g__Mycoplasma; s__unclassified; 73478; EF510860.1 gg_id:225935 Loss During Antibiotic Treatment 1 Intubated Patients Colonized Pseudomonas aeruginosa endotracheal aspirate clone P2D15-566, EF510860.1 gg_id:225935 Loss During Antibiotic Treatment 1 Intubated Patients Colonized Pseudomonas aeruginosa endotracheal aspirate clone P2D15-566,9,-91.0,1.0,1.0,0.052690211910194185,630.0,512.4514573867243,0.9025232501776794,0.9754023282151151,0.044444444444444446,True,1.0,12306.0,Healthy,Male,Placebo-resistant (STRICT-ADAPTIVE)
43387, g__unclassified, s__unclassified, p__Firmicutes, c__Bacilli, o__Lactobacillales, f__Carnobacteriaceae,k__Bacteria; p__Firmicutes; c__Bacilli; o__Lactobacillales; f__Carnobacteriaceae; g__unclassified; s__unclassified; 43387; FJ671690.1 gg_id:530430 Synecology primary and secondary habitats Escherichia coli O157:H7 feedlot surface MARC beef cattle feedlot; top 3 cm behind feedbunk east pen 301; was negative STEC O157 clone Ll142-1G4, FJ671690.1 gg_id:530430 Synecology primary and secondary habitats Escherichia coli O157:H7 feedlot surface MARC beef cattle feedlot top 3 cm behind feedbunk east pen 301 was negative STEC O157 clone Ll142-1G4,9,55.0,0.65234375,1.0,0.09482624834480344,730.0,802.3948878479002,0.7133031738784577,0.9207147820005681,0.1111111111111111,True,1.0,9881.0,Healthy,Male,Placebo-resistant (STRICT-ADAPTIVE)
68634, g__Bacteroides, s__Bacteroides ovatus, p__Bacteroidetes, c__Bacteroidia, o__Bacteroidales, f__Bacteroidaceae,k__Bacteria; p__Bacteroidetes; c__Bacteroidia; o__Bacteroidales; f__Bacteroidaceae; g__Bacteroides; s__Bacteroides ovatus; 68634; DQ798822.1 gg_id:176388 human fecal clone RL242_aaj97g08, DQ798822.1 gg_id:176388 human fecal clone RL242_aaj97g08,9,109.0,0.49609375,1.0,0.1331463725104505,1540.0,1226.8368525783876,1.0,1.0,0.0,True,1.0,11572.0,Healthy,Male,Placebo-resistant (STRICT-ADAPTIVE)
35442, g__Corynebacterium, s__unclassified, p__Actinobacteria, c__Actinobacteria, o__Actinomycetales, f__Corynebacteriaceae,k__Bacteria; p__Actinobacteria; c__Actinobacteria; o__Actinomycetales; f__Corynebacteriaceae; g__Corynebacterium; s__unclassified; 35442; GQ011730.1 gg_id:497937 Topographical and Temporal Human Skin Microbiome skin nare clone nbw744d04c1, GQ011730.1 gg_id:497937 Topographical and Temporal Human Skin Microbiome skin nare clone nbw744d04c1,9,47.0,1.0,1.0,0.029596904200388807,217.0,354.60289551991974,0.7750513736700824,0.9376534160753778,0.08888888888888889,True,1.0,11707.0,Healthy,Male,Placebo-resistant (STRICT-ADAPTIVE)
22534, g__Oscillospira, s__unclassified, p__Firmicutes, c__Clostridia, o__Clostridiales, f__Ruminococcaceae,k__Bacteria; p__Firmicutes; c__Clostridia; o__Clostridiales; f__Ruminococcaceae; g__Oscillospira; s__unclassified; 22534; EF098196.1 gg_id:197863 mouse cecum clone SWPT14_aaa02h07, EF098196.1 gg_id:197863 mouse cecum clone SWPT14_aaa02h07,9,127.0,0.91015625,1.0,0.03625572368703359,681.0,728.6904816480344,0.8064127004978174,0.9581536201140475,-0.1,True,1.0,12458.0,Healthy,Male,Placebo-resistant (STRICT-ADAPTIVE)
864, g__Pseudomonas, s__unclassified, p__Proteobacteria, c__Gammaproteobacteria, o__Pseudomonadales, f__Pseudomonadaceae,k__Bacteria; p__Proteobacteria; c__Gammaproteobacteria; o__Pseudomonadales; f__Pseudomonadaceae; g__Pseudomonas; s__unclassified; 864; FJ894204.1 gg_id:535083 Matriptase-deficient mice exhibit ichthyotic selective shift skin microbiota B2E; ear punch biopsy C57BL/6J mouse (2 weeks) clone nbt37c10, FJ894204.1 gg_id:535083 Matriptase-deficient mice exhibit ichthyotic selective shift skin microbiota B2E ear punch biopsy C57BL/6J mouse (2 weeks) clone nbt37c10,9,151.0,0.65234375,1.0,0.053280475417565205,724.0,474.17640139977914,0.7133031738784577,0.9207147820005681,0.1111111111111111,True,1.0,12349.0,Healthy,Male,Placebo-resistant (STRICT-ADAPTIVE)
28273, g__unclassified, s__unclassified, p__Firmicutes, c__Clostridia, o__Clostridiales, f__Lachnospiraceae,k__Bacteria; p__Firmicutes; c__Clostridia; o__Clostridiales; f__Lachnospiraceae; g__unclassified; s__unclassified; 28273; EU507039.1 gg_id:271602 cecal contents Mus musculus strain C57BL/6J; MD21 clone MD21_aar10c06, EU507039.1 gg_id:271602 cecal contents Mus musculus strain C57BL/6J MD21 clone MD21_aar10c06,9,-269.0,0.8203125,1.0,0.09119777685391423,944.0,889.6666184838253,1.0,1.0,0.0,True,1.0,12123.0,Healthy,Male,Placebo-resistant (STRICT-ADAPTIVE)
55471, g__Hydrogenobaculum, s__unclassified, p__Aquificae, c__Aquificae, o__Aquificales, f__Aquificaceae,k__Bacteria; p__Aquificae; c__Aquificae; o__Aquificales; f__Aquificaceae; g__Hydrogenobaculum; s__unclassified; 55471; DQ924737.1 gg_id:177890 Microbial Norris Geyser Basin Yellowstone National Park Echinus Hot Spring clone BW197, DQ924737.1 gg_id:177890 Microbial Norris Geyser Basin Yellowstone National Park Echinus Hot Spring clone BW197,9,378.0,0.49609375,1.0,0.05733892914307351,1062.0,599.7642768436427,0.9025232501776794,0.9754023282151151,-0.044444444444444446,True,1.0,11305.0,Healthy,Male,Placebo-resistant (STRICT-ADAPTIVE)
25132, g__Faecalibacterium, s__unclassified, p__Firmicutes, c__Clostridia, o__Clostridiales, f__Ruminococcaceae,k__Bacteria; p__Firmicutes; c__Clostridia; o__Clostridiales; f__Ruminococcaceae; g__Faecalibacterium; s__unclassified; 25132; FJ372244.1 gg_id:366729 feces adult twins and mothers; TS9 clone TS9_a03d04, FJ372244.1 gg_id:366729 feces adult twins and mothers TS9 clone TS9_a03d04,9,-64.0,1.0,1.0,0.08002019296007434,876.0,1005.689236781312,0.774955307165551,0.9376534160753778,0.08888888888888889,True,1.0,13235.0,Healthy,Male,Placebo-resistant (STRICT-ADAPTIVE)
24996, g__Faecalibacterium, s__unclassified, p__Firmicutes, c__Clostridia, o__Clostridiales, f__Ruminococcaceae,k__Bacteria; p__Firmicutes; c__Clostridia; o__Clostridiales; f__Ruminococcaceae; g__Faecalibacterium; s__unclassified; 24996; FJ371804.1 gg_id:365075 feces adult twins and mothers; TS8 clone TS8_a02d05, FJ371804.1 gg_id:365075 feces adult twins and mothers TS8 clone TS8_a02d05,9,56.0,1.0,1.0,0.04347478442838275,363.0,524.2128445583912,0.7133031738784577,0.9207147820005681,-0.1111111111111111,True,1.0,14806.0,Healthy,Male,Placebo-resistant (STRICT-ADAPTIVE)
5072, g__Leclercia, s__unclassified, p__Proteobacteria, c__Gammaproteobacteria, o__Enterobacteriales, f__Enterobacteriaceae,k__Bacteria; p__Proteobacteria; c__Gammaproteobacteria; o__Enterobacteriales; f__Enterobacteriaceae; g__Leclercia; s__unclassified; 5072; AY488028.1 gg_id:99221 Enterobacter sp. str. BL-2, AY488028.1 gg_id:99221 Enterobacter sp. str. BL-2,9,135.0,1.0,1.0,0.14408029667216785,1588.0,1277.0869730932363,0.7133031738784577,0.9207147820005681,0.1111111111111111,True,1.0,11329.0,Healthy,Male,Placebo-resistant (STRICT-ADAPTIVE)
69770, g__unclassified, s__unclassified, p__Bacteroidetes, c__Bacteroidia, o__Bacteroidales, f__RikenellaceaeII,k__Bacteria; p__Bacteroidetes; c__Bacteroidia; o__Bacteroidales; f__RikenellaceaeII; g__unclassified; s__unclassified; 69770; EU777829.1 gg_id:311444 European rabbit feces clone RA_f05_3, EU777829.1 gg_id:311444 European rabbit feces clone RA_f05_3,9,195.0,0.8203125,1.0,0.028795505183586433,650.0,368.639784673934,0.967435545139537,0.9928887934220945,0.022222222222222223,True,1.0,14980.0,Healthy,Male,Placebo-resistant (STRICT-ADAPTIVE)
24623, g__Faecalibacterium, s__unclassified, p__Firmicutes, c__Clostridia, o__Clostridiales, f__Ruminococcaceae,k__Bacteria; p__Firmicutes; c__Clostridia; o__Clostridiales; f__Ruminococcaceae; g__Faecalibacterium; s__unclassified; 24623; FJ365578.1 gg_id:367683 feces adult twins and mothers; TS20 clone TS20_a04e06, FJ365578.1 gg_id:367683 feces adult twins and mothers TS20 clone TS20_a04e06,9,252.0,0.65234375,1.0,0.13136231157278774,820.0,1062.085583557182,0.967435545139537,0.9928887934220945,-0.022222222222222223,True,1.0,12968.0,Healthy,Male,Placebo-resistant (STRICT-ADAPTIVE)
4257, g__unclassified, s__unclassified, p__Proteobacteria, c__Gammaproteobacteria, o__Enterobacteriales, f__Enterobacteriaceae,k__Bacteria; p__Proteobacteria; c__Gammaproteobacteria; o__Enterobacteriales; f__Enterobacteriaceae; g__unclassified; s__unclassified; 4257; EF608524.1 gg_id:228556 predatory Poecilus chalcites their response lab rearing and antibiotic treatment digestive tract ground beetle clone PCB-25, EF608524.1 gg_id:228556 predatory Poecilus chalcites their response lab rearing and antibiotic treatment digestive tract ground beetle clone PCB-25,9,20.0,0.91015625,1.0,0.21504561852804163,1971.0,1707.8987154980825,0.7750513736700824,0.9376534160753778,0.08888888888888889,True,1.0,9258.0,Healthy,Male,Placebo-resistant (STRICT-ADAPTIVE)
50611, g__Veillonella, s__unclassified, p__Firmicutes, c__Clostridia, o__Clostridiales, f__Veillonellaceae,k__Bacteria; p__Firmicutes; c__Clostridia; o__Clostridiales; f__Veillonellaceae; g__Veillonella; s__unclassified; 50611; GQ073254.1 gg_id:420928 Topographical and Temporal Human Skin Microbiome skin palm clone nbw206h05c1, GQ073254.1 gg_id:420928 Topographical and Temporal Human Skin Microbiome skin palm clone nbw206h05c1,9,121.0,0.8203125,1.0,0.24497634699059567,3471.0,1826.1941788442007,0.7750513736700824,0.9376534160753778,0.08888888888888889,True,1.0,9278.0,Healthy,Male,Placebo-resistant (STRICT-ADAPTIVE)
50705, g__Collinsella, s__Collinsella stercoris, p__Actinobacteria, c__Actinobacteria, o__Coriobacteriales, f__Coriobacteriaceae,k__Bacteria; p__Actinobacteria; c__Actinobacteria; o__Coriobacteriales; f__Coriobacteriaceae; g__Collinsella; s__Collinsella stercoris; 50705; AB031060.1 gg_id:38088 Collinsella stercoris str. RCA55-34, AB031060.1 gg_id:38088 Collinsella stercoris str. RCA55-34,9,-42.0,0.91015625,1.0,0.04467156129166548,562.0,455.10159383494926,0.9025232501776794,0.9754023282151151,0.044444444444444446,True,1.0,13073.0,Healthy,Male,Placebo-resistant (STRICT-ADAPTIVE)
24641, g__Faecalibacterium, s__unclassified, p__Firmicutes, c__Clostridia, o__Clostridiales, f__Ruminococcaceae,k__Bacteria; p__Firmicutes; c__Clostridia; o__Clostridiales; f__Ruminococcaceae; g__Faecalibacterium; s__unclassified; 24641; FJ683190.1 gg_id:512718 Synecology primary and secondary habitats Escherichia coli O157:H7 fecal MARC beef cattle feedlot animal #4351 pen 301; was negative STEC O157 clone 8-5N20, FJ683190.1 gg_id:512718 Synecology primary and secondary habitats Escherichia coli O157:H7 fecal MARC beef cattle feedlot animal #4351 pen 301 was negative STEC O157 clone 8-5N20,9,44.0,0.65234375,1.0,0.08772373014156151,593.0,771.0649648664141,0.9025232501776794,0.9754023282151151,0.044444444444444446,True,1.0,13742.0,Healthy,Male,Placebo-resistant (STRICT-ADAPTIVE)
44726, g__Clostridium, s__unclassified, p__Firmicutes, c__Clostridia, o__Clostridiales, f__Clostridiaceae,k__Bacteria; p__Firmicutes; c__Clostridia; o__Clostridiales; f__Clostridiaceae; g__Clostridium; s__unclassified; 44726; FJ683685.1 gg_id:531765 Synecology primary and secondary habitats Escherichia coli O157:H7 fecal MARC beef cattle feedlot animal #4351 pen 301; was negative STEC O157 clone 8-7L16, FJ683685.1 gg_id:531765 Synecology primary and secondary habitats Escherichia coli O157:H7 fecal MARC beef cattle feedlot animal #4351 pen 301 was negative STEC O157 clone 8-7L16,9,144.0,1.0,1.0,0.04148555198109377,624.0,737.9498191611676,0.967435545139537,0.9928887934220945,-0.022222222222222223,True,1.0,12038.0,Healthy,Male,Placebo-resistant (STRICT-ADAPTIVE)
46244, g__Staphylococcus, s__Staphylococcus epidermidis, p__Firmicutes, c__Bacilli, o__Bacillales, f__Staphylococcaceae,k__Bacteria; p__Firmicutes; c__Bacilli; o__Bacillales; f__Staphylococcaceae; g__Staphylococcus; s__Staphylococcus epidermidis; 46244; GQ002138.1 gg_id:507522 Topographical and Temporal Human Skin Microbiome skin axillary vault clone nbu168b01c1, GQ002138.1 gg_id:507522 Topographical and Temporal Human Skin Microbiome skin axillary vault clone nbu168b01c1,9,48.0,1.0,1.0,0.03798515425655301,501.0,461.9418675307292,0.9025232501776794,0.9754023282151151,0.044444444444444446,True,1.0,13621.0,Healthy,Male,Placebo-resistant (STRICT-ADAPTIVE)
50119, g__Veillonella, s__Veillonella dispar, p__Firmicutes, c__Clostridia, o__Clostridiales, f__Veillonellaceae,k__Bacteria; p__Firmicutes; c__Clostridia; o__Clostridiales; f__Veillonellaceae; g__Veillonella; s__Veillonella dispar; 50119; GQ026752.1 gg_id:424674 Topographical and Temporal Human Skin Microbiome skin antecubital fossa clone nbw896c07c1, GQ026752.1 gg_id:424674 Topographical and Temporal Human Skin Microbiome skin antecubital fossa clone nbw896c07c1,9,233.0,0.91015625,1.0,0.1254820027130895,1225.0,1172.652598589104,0.8382564863858263,0.9581536201140475,0.06666666666666667,True,1.0,12556.0,Healthy,Male,Placebo-resistant (STRICT-ADAPTIVE)
26543, g__Faecalibacterium, s__Faecalibacterium prausnitzii, p__Firmicutes, c__Clostridia, o__Clostridiales, f__Ruminococcaceae,k__Bacteria; p__Firmicutes; c__Clostridia; o__Clostridiales; f__Ruminococcaceae; g__Faecalibacterium; s__Faecalibacterium prausnitzii; 26543; DQ797557.1 gg_id:193090 human fecal clone RL206_aaj13a06, DQ797557.1 gg_id:193090 human fecal clone RL206_aaj13a06,9,-176.0,1.0,1.0,0.05413751087152566,839.0,648.2717075424471,0.7750513736700824,0.9376534160753778,0.08888888888888889,True,1.0,14426.0,Healthy,Male,Placebo-resistant (STRICT-ADAPTIVE)
22415, g__Oscillospira, s__unclassified, p__Firmicutes, c__Clostridia, o__Clostridiales, f__Ruminococcaceae,k__Bacteria; p__Firmicutes; c__Clostridia; o__Clostridiales; f__Ruminococcaceae; g__Oscillospira; s__unclassified; 22415; DQ798301.1 gg_id:192986 human fecal clone RL181_aah40d04, DQ798301.1 gg_id:192986 human fecal clone RL181_aah40d04,9,368.0,1.0,1.0,0.08946331389644738,1148.0,922.9972310780665,0.7133031738784577,0.9207147820005681,-0.1111111111111111,True,1.0,12497.0,Healthy,Male,Placebo-resistant (STRICT-ADAPTIVE)
40854, g__Kocuria, s__Kocuria rhizophila, p__Actinobacteria, c__Actinobacteria, o__Actinomycetales, f__Micrococcaceae,k__Bacteria; p__Actinobacteria; c__Actinobacteria; o__Actinomycetales; f__Micrococcaceae; g__Kocuria; s__Kocuria rhizophila; 40854; AF542072.1 gg_id:75116 Kocuria rhizophila str. ATCC 9341, AF542072.1 gg_id:75116 Kocuria rhizophila str. ATCC 9341,9,-83.0,0.734375,1.0,0.031028996857400876,411.0,370.18578903031926,0.6533789106936937,0.9002109436224224,0.13333333333333333,True,1.0,12826.0,Healthy,Male,Placebo-resistant (STRICT-ADAPTIVE)
26321, g__Faecalibacterium, s__unclassified, p__Firmicutes, c__Clostridia, o__Clostridiales, f__Ruminococcaceae,k__Bacteria; p__Firmicutes; c__Clostridia; o__Clostridiales; f__Ruminococcaceae; g__Faecalibacterium; s__unclassified; 26321; DQ325575.1 gg_id:148122 Metagenomic gut microbiome healthy human stool clone B071, DQ325575.1 gg_id:148122 Metagenomic gut microbiome healthy human stool clone B071,9,-67.0,1.0,1.0,0.10240920138892888,1027.0,943.0983622318748,0.9025232501776794,0.9754023282151151,0.044444444444444446,True,1.0,14483.0,Healthy,Male,Placebo-resistant (STRICT-ADAPTIVE)
26492, g__Faecalibacterium, s__Faecalibacterium prausnitzii, p__Firmicutes, c__Clostridia, o__Clostridiales, f__Ruminococcaceae,k__Bacteria; p__Firmicutes; c__Clostridia; o__Clostridiales; f__Ruminococcaceae; g__Faecalibacterium; s__Faecalibacterium prausnitzii; 26492; FJ677073.1 gg_id:517736 Synecology primary and secondary habitats Escherichia coli O157:H7 fecal MARC beef cattle feedlot animal #4225 pen 301; was negative STEC O157 clone 3-1B-I1, FJ677073.1 gg_id:517736 Synecology primary and secondary habitats Escherichia coli O157:H7 fecal MARC beef cattle feedlot animal #4225 pen 301 was negative STEC O157 clone 3-1B-I1,9,8.0,1.0,1.0,0.07099809375980366,1019.0,779.4485992318185,0.6829598733032564,0.9207147820005681,0.12222222222222222,True,1.0,12921.0,Healthy,Male,Placebo-resistant (STRICT-ADAPTIVE)
48899, g__unclassified, s__unclassified, p__Firmicutes, c__Clostridia, o__Natranaerobiales, f__ML1228J-1,k__Bacteria; p__Firmicutes; c__Clostridia; o__Natranaerobiales; f__ML1228J-1; g__unclassified; s__unclassified; 48899; DQ837275.1 gg_id:244602 Archaeal and pristine National Park Spain Donana coastal aquifer clone 56S_1B_61, DQ837275.1 gg_id:244602 Archaeal and pristine National Park Spain Donana coastal aquifer clone 56S_1B_61,9,-147.0,0.65234375,1.0,0.08247398383846982,1243.0,738.1448110258883,0.8382564863858263,0.9581536201140475,-0.06666666666666667,True,1.0,10712.0,Healthy,Male,Placebo-resistant (STRICT-ADAPTIVE)
27229, g__unclassified, s__unclassified, p__Firmicutes, c__Clostridia, o__Clostridiales, f__Ruminococcaceae,k__Bacteria; p__Firmicutes; c__Clostridia; o__Clostridiales; f__Ruminococcaceae; g__unclassified; s__unclassified; 27229; FJ366734.1 gg_id:367775 feces adult twins and mothers; TS27 clone TS27_a03c04, FJ366734.1 gg_id:367775 feces adult twins and mothers TS27 clone TS27_a03c04,9,-188.0,1.0,1.0,0.04189775173894172,563.0,464.0516351058839,0.9025232501776794,0.9754023282151151,0.044444444444444446,True,1.0,13682.0,Healthy,Male,Placebo-resistant (STRICT-ADAPTIVE)
25093, g__Faecalibacterium, s__unclassified, p__Firmicutes, c__Clostridia, o__Clostridiales, f__Ruminococcaceae,k__Bacteria; p__Firmicutes; c__Clostridia; o__Clostridiales; f__Ruminococcaceae; g__Faecalibacterium; s__unclassified; 25093; DQ794046.1 gg_id:185772 human fecal clone RL176_aan57b11, DQ794046.1 gg_id:185772 human fecal clone RL176_aan57b11,9,55.0,0.8203125,1.0,0.03680015305620696,499.0,458.97980889988804,0.774955307165551,0.9376534160753778,0.08888888888888889,True,1.0,13727.0,Healthy,Male,Placebo-resistant (STRICT-ADAPTIVE)
41158, g__Microbacterium, s__unclassified, p__Actinobacteria, c__Actinobacteria, o__Actinomycetales, f__Microbacteriaceae,k__Bacteria; p__Actinobacteria; c__Actinobacteria; o__Actinomycetales; f__Microbacteriaceae; g__Microbacterium; s__unclassified; 41158; FJ950591.1 gg_id:428235 Microbacterium oxydans str. c97, FJ950591.1 gg_id:428235 Microbacterium oxydans str. c97,9,17.0,1.0,1.0,0.051112732111305265,532.0,582.9386496021687,0.7750513736700824,0.9376534160753778,0.08888888888888889,True,1.0,12256.0,Healthy,Male,Placebo-resistant (STRICT-ADAPTIVE)
11581, g__Aquabacterium, s__unclassified, p__Proteobacteria, c__Betaproteobacteria, o__Burkholderiales, f__Aquabacteriaceae,k__Bacteria; p__Proteobacteria; c__Betaproteobacteria; o__Burkholderiales; f__Aquabacteriaceae; g__Aquabacterium; s__unclassified; 11581; GQ103964.1 gg_id:445028 Topographical and Temporal Human Skin Microbiome skin antecubital fossa clone nbw516e02c1, GQ103964.1 gg_id:445028 Topographical and Temporal Human Skin Microbiome skin antecubital fossa clone nbw516e02c1,9,167.0,0.91015625,1.0,0.0648184859713802,759.0,652.2274485007341,0.7750513736700824,0.9376534160753778,0.08888888888888889,True,1.0,11889.0,Healthy,Male,Placebo-resistant (STRICT-ADAPTIVE)
69494, g__unclassified, s__unclassified, p__Bacteroidetes, c__Bacteroidia, o__Bacteroidales, f__RikenellaceaeII,k__Bacteria; p__Bacteroidetes; c__Bacteroidia; o__Bacteroidales; f__RikenellaceaeII; g__unclassified; s__unclassified; 69494; EU779130.1 gg_id:331919 Trancaspian Urial feces clone TU2_aaa01a05, EU779130.1 gg_id:331919 Trancaspian Urial feces clone TU2_aaa01a05,9,66.0,0.5703125,1.0,0.08854651715841518,1053.0,728.7825343071218,0.967435545139537,0.9928887934220945,0.022222222222222223,True,1.0,12195.0,Healthy,Male,Placebo-resistant (STRICT-ADAPTIVE)
5043, g__Serratia, s__unclassified, p__Proteobacteria, c__Gammaproteobacteria, o__Enterobacteriales, f__Enterobacteriaceae,k__Bacteria; p__Proteobacteria; c__Gammaproteobacteria; o__Enterobacteriales; f__Enterobacteriaceae; g__Serratia; s__unclassified; 5043; AM696754.1 gg_id:218671 sequencing libraries indoor dust clone BF0001A041, AM696754.1 gg_id:218671 sequencing libraries indoor dust clone BF0001A041,9,-119.0,1.0,1.0,0.12570954377328192,1631.0,1291.6482801616098,0.7750513736700824,0.9376534160753778,0.08888888888888889,True,1.0,10853.0,Healthy,Male,Placebo-resistant (STRICT-ADAPTIVE)
45582, g__Streptococcus, s__Streptococcus pseudopneumoniae, p__Firmicutes, c__Bacilli, o__Lactobacillales, f__Streptococcaceae,k__Bacteria; p__Firmicutes; c__Bacilli; o__Lactobacillales; f__Streptococcaceae; g__Streptococcus; s__Streptococcus pseudopneumoniae; 45582; GQ074070.1 gg_id:443358 Topographical and Temporal Human Skin Microbiome skin interdigital web space clone nbw212h06c1, GQ074070.1 gg_id:443358 Topographical and Temporal Human Skin Microbiome skin interdigital web space clone nbw212h06c1,9,61.0,0.734375,1.0,0.034930471856287705,549.0,381.1279297034002,0.8382564863858263,0.9581536201140475,0.06666666666666667,True,1.0,11402.0,Healthy,Male,Placebo-resistant (STRICT-ADAPTIVE)
50811, g__Veillonella, s__unclassified, p__Firmicutes, c__Clostridia, o__Clostridiales, f__Veillonellaceae,k__Bacteria; p__Firmicutes; c__Clostridia; o__Clostridiales; f__Veillonellaceae; g__Veillonella; s__unclassified; 50811; GQ006838.1 gg_id:502826 Topographical and Temporal Human Skin Microbiome skin occiput clone nbu88d03c1, GQ006838.1 gg_id:502826 Topographical and Temporal Human Skin Microbiome skin occiput clone nbu88d03c1,9,-76.0,1.0,1.0,0.2080876064296896,3322.0,1904.0423973687607,0.967435545139537,0.9928887934220945,-0.022222222222222223,True,1.0,10464.0,Healthy,Male,Placebo-resistant (STRICT-ADAPTIVE)
35254, g__Corynebacterium, s__unclassified, p__Actinobacteria, c__Actinobacteria, o__Actinomycetales, f__Corynebacteriaceae,k__Bacteria; p__Actinobacteria; c__Actinobacteria; o__Actinomycetales; f__Corynebacteriaceae; g__Corynebacterium; s__unclassified; 35254; GQ042089.1 gg_id:454579 Topographical and Temporal Human Skin Microbiome skin alar crease clone nbw936b08c1, GQ042089.1 gg_id:454579 Topographical and Temporal Human Skin Microbiome skin alar crease clone nbw936b08c1,9,-22.0,1.0,1.0,0.027899320586072217,331.0,372.56171784014526,0.9674212610240318,0.9928887934220945,0.022222222222222223,True,1.0,14443.0,Healthy,Male,Placebo-resistant (STRICT-ADAPTIVE)
25869, g__Faecalibacterium, s__unclassified, p__Firmicutes, c__Clostridia, o__Clostridiales, f__Ruminococcaceae,k__Bacteria; p__Firmicutes; c__Clostridia; o__Clostridiales; f__Ruminococcaceae; g__Faecalibacterium; s__unclassified; 25869; FJ677406.1 gg_id:520572 Synecology primary and secondary habitats Escherichia coli O157:H7 fecal MARC beef cattle feedlot animal #4225 pen 301; was negative STEC O157 clone 3-2I3, FJ677406.1 gg_id:520572 Synecology primary and secondary habitats Escherichia coli O157:H7 fecal MARC beef cattle feedlot animal #4225 pen 301 was negative STEC O157 clone 3-2I3,9,186.0,0.734375,1.0,0.06757058092918203,499.0,891.8678374687088,0.8382564863858263,0.9581536201140475,0.06666666666666667,True,1.0,12862.0,Healthy,Male,Placebo-resistant (STRICT-ADAPTIVE)
50211, g__Desulfosporomusa, s__unclassified, p__Firmicutes, c__Clostridia, o__Clostridiales, f__Veillonellaceae,k__Bacteria; p__Firmicutes; c__Clostridia; o__Clostridiales; f__Veillonellaceae; g__Desulfosporomusa; s__unclassified; 50211; EF454547.2 gg_id:224315 termite hindgut clone 290cost002-P3L-2304, EF454547.2 gg_id:224315 termite hindgut clone 290cost002-P3L-2304,9,-114.0,0.91015625,1.0,0.09152116331950622,757.0,865.4213045935744,0.6533789106936937,0.9002109436224224,0.13333333333333333,True,1.0,11495.0,Healthy,Male,Placebo-resistant (STRICT-ADAPTIVE)
57892, g__sfB, s__unclassified, p__Firmicutes, c__Clostridia, o__OPB54, f__unclassified,k__Bacteria; p__Firmicutes; c__Clostridia; o__OPB54; f__unclassified; g__sfB; s__unclassified; 57892; EU887985.1 gg_id:339192 Microbial structure hydrolytic stage two-stage anaerobic digestion grass silage leach bed reactor clone L5, EU887985.1 gg_id:339192 Microbial structure hydrolytic stage two-stage anaerobic digestion grass silage leach bed reactor clone L5,9,117.0,1.0,1.0,0.09296602105809687,1093.0,855.8600902276285,0.9025232501776794,0.9754023282151151,0.044444444444444446,True,1.0,11149.0,Healthy,Male,Placebo-resistant (STRICT-ADAPTIVE)
26134, g__Faecalibacterium, s__unclassified, p__Firmicutes, c__Clostridia, o__Clostridiales, f__Ruminococcaceae,k__Bacteria; p__Firmicutes; c__Clostridia; o__Clostridiales; f__Ruminococcaceae; g__Faecalibacterium; s__unclassified; 26134; FJ673187.1 gg_id:524511 Synecology primary and secondary habitats Escherichia coli O157:H7 fecal MARC beef cattle feedlot animal #4262 pen 301; was positive STEC O157 clone 130-1L21, FJ673187.1 gg_id:524511 Synecology primary and secondary habitats Escherichia coli O157:H7 fecal MARC beef cattle feedlot animal #4262 pen 301 was positive STEC O157 clone 130-1L21,9,8.0,0.734375,1.0,0.1007185835305662,606.0,839.1639767715908,0.9025232501776794,0.9754023282151151,0.044444444444444446,True,1.0,13870.0,Healthy,Male,Placebo-resistant (STRICT-ADAPTIVE)
68623, g__Bacteroides, s__unclassified, p__Bacteroidetes, c__Bacteroidia, o__Bacteroidales, f__Bacteroidaceae,k__Bacteria; p__Bacteroidetes; c__Bacteroidia; o__Bacteroidales; f__Bacteroidaceae; g__Bacteroides; s__unclassified; 68623; AY985214.1 gg_id:127000 human stool clone C078, AY985214.1 gg_id:127000 human stool clone C078,9,-10.0,0.734375,1.0,0.07003827857063834,1117.0,1079.6212554615827,0.5674585271954133,0.8815286128988666,0.13333333333333333,True,1.0,13800.0,Healthy,Male,Placebo-resistant (STRICT-ADAPTIVE)
25284, g__Faecalibacterium, s__Faecalibacterium prausnitzii, p__Firmicutes, c__Clostridia, o__Clostridiales, f__Ruminococcaceae,k__Bacteria; p__Firmicutes; c__Clostridia; o__Clostridiales; f__Ruminococcaceae; g__Faecalibacterium; s__Faecalibacterium prausnitzii; 25284; FJ683091.1 gg_id:525598 Synecology primary and secondary habitats Escherichia coli O157:H7 fecal MARC beef cattle feedlot animal #4351 pen 301; was negative STEC O157 clone 8-5H10, FJ683091.1 gg_id:525598 Synecology primary and secondary habitats Escherichia coli O157:H7 fecal MARC beef cattle feedlot animal #4351 pen 301 was negative STEC O157 clone 8-5H10,9,-72.0,0.91015625,1.0,0.08006049204369735,895.0,794.6095818702415,0.6533789106936937,0.9002109436224224,0.13333333333333333,True,1.0,14037.0,Healthy,Male,Placebo-resistant (STRICT-ADAPTIVE)
67066, g__Prevotella, s__unclassified, p__Bacteroidetes, c__Bacteroidia, o__Bacteroidales, f__Prevotellaceae,k__Bacteria; p__Bacteroidetes; c__Bacteroidia; o__Bacteroidales; f__Prevotellaceae; g__Prevotella; s__unclassified; 67066; FJ673617.1 gg_id:525511 Synecology primary and secondary habitats Escherichia coli O157:H7 fecal MARC beef cattle feedlot animal #4262 pen 301; was positive STEC O157 clone 130-5M19, FJ673617.1 gg_id:525511 Synecology primary and secondary habitats Escherichia coli O157:H7 fecal MARC beef cattle feedlot animal #4262 pen 301 was positive STEC O157 clone 130-5M19,9,-226.0,1.0,1.0,0.0552307375175628,897.0,623.6510399253737,0.6533789106936937,0.9002109436224224,0.13333333333333333,True,1.0,13521.0,Healthy,Male,Placebo-resistant (STRICT-ADAPTIVE)
16020, g__Succinivibrio, s__unclassified, p__Proteobacteria, c__Gammaproteobacteria, o__Aeromonadales, f__Succinivibrionaceae,k__Bacteria; p__Proteobacteria; c__Gammaproteobacteria; o__Aeromonadales; f__Succinivibrionaceae; g__Succinivibrio; s__unclassified; 16020; FJ680138.1 gg_id:514703 Synecology primary and secondary habitats Escherichia coli O157:H7 fecal MARC beef cattle feedlot animal #4017 pen 301; was positive STEC O157 clone 4-4B18, FJ680138.1 gg_id:514703 Synecology primary and secondary habitats Escherichia coli O157:H7 fecal MARC beef cattle feedlot animal #4017 pen 301 was positive STEC O157 clone 4-4B18,9,-137.0,0.91015625,1.0,0.03287914514842728,670.0,562.2857146010776,0.774955307165551,0.9376534160753778,0.08888888888888889,True,1.0,13668.0,Healthy,Male,Placebo-resistant (STRICT-ADAPTIVE)
26408, g__Faecalibacterium, s__Faecalibacterium prausnitzii, p__Firmicutes, c__Clostridia, o__Clostridiales, f__Ruminococcaceae,k__Bacteria; p__Firmicutes; c__Clostridia; o__Clostridiales; f__Ruminococcaceae; g__Faecalibacterium; s__Faecalibacterium prausnitzii; 26408; FJ681202.1 gg_id:521577 Synecology primary and secondary habitats Escherichia coli O157:H7 fecal MARC beef cattle feedlot animal #4281 pen 301; was positive STEC O157 clone 5-6B21, FJ681202.1 gg_id:521577 Synecology primary and secondary habitats Escherichia coli O157:H7 fecal MARC beef cattle feedlot animal #4281 pen 301 was positive STEC O157 clone 5-6B21,9,-184.0,0.734375,1.0,0.15010030008071465,914.0,1205.0052859819514,0.7133031738784577,0.9207147820005681,0.1111111111111111,True,1.0,13380.0,Healthy,Male,Placebo-resistant (STRICT-ADAPTIVE)
71852, g__unclassified, s__unclassified, p__Firmicutes, c__Clostridia, o__Clostridiales, f__Clostridiaceae,k__Bacteria; p__Firmicutes; c__Clostridia; o__Clostridiales; f__Clostridiaceae; g__unclassified; s__unclassified; 71852; AF069742.1 gg_id:16220 Clostridium frigidicarnis str. SPL77A, AF069742.1 gg_id:16220 Clostridium frigidicarnis str. SPL77A,9,278.0,0.8203125,1.0,0.12448278621634139,857.0,1027.0566290997676,0.7133031738784577,0.9207147820005681,0.1111111111111111,True,1.0,8240.0,Healthy,Male,Placebo-resistant (STRICT-ADAPTIVE)
26485, g__Faecalibacterium, s__unclassified, p__Firmicutes, c__Clostridia, o__Clostridiales, f__Ruminococcaceae,k__Bacteria; p__Firmicutes; c__Clostridia; o__Clostridiales; f__Ruminococcaceae; g__Faecalibacterium; s__unclassified; 26485; EU778303.1 gg_id:331363 feces clone RL388_aao93a11, EU778303.1 gg_id:331363 feces clone RL388_aao93a11,9,106.0,1.0,1.0,0.061694944209827476,483.0,646.8003704733358,0.7133031738784577,0.9207147820005681,0.1111111111111111,True,1.0,12781.0,Healthy,Male,Placebo-resistant (STRICT-ADAPTIVE)
55944, g__Akkermansia, s__unclassified, p__Verrucomicrobia, c__Verrucomicrobiae, o__Verrucomicrobiales, f__Verrucomicrobiaceae,k__Bacteria; p__Verrucomicrobia; c__Verrucomicrobiae; o__Verrucomicrobiales; f__Verrucomicrobiaceae; g__Akkermansia; s__unclassified; 55944; EU507293.1 gg_id:262054 cecal contents Mus musculus strain C57BL/6J; MD23 clone MD23_2aaa01c03, EU507293.1 gg_id:262054 cecal contents Mus musculus strain C57BL/6J MD23 clone MD23_2aaa01c03,9,-13.0,0.8203125,1.0,0.08003666677707208,1271.0,812.258204705321,0.8382564863858263,0.9581536201140475,0.06666666666666667,True,1.0,12598.0,Healthy,Male,Placebo-resistant (STRICT-ADAPTIVE)
19791, g__Coprococcus, s__unclassified, p__Firmicutes, c__Clostridia, o__Clostridiales, f__Lachnospiraceae,k__Bacteria; p__Firmicutes; c__Clostridia; o__Clostridiales; f__Lachnospiraceae; g__Coprococcus; s__unclassified; 19791; FJ369957.1 gg_id:361190 feces adult twins and mothers; TS55 clone TS55_a02g02, FJ369957.1 gg_id:361190 feces adult twins and mothers TS55 clone TS55_a02g02,9,59.0,0.91015625,1.0,0.04404358095367971,497.0,381.115552964073,0.967435545139537,0.9928887934220945,-0.022222222222222223,True,1.0,12282.0,Healthy,Male,Placebo-resistant (STRICT-ADAPTIVE)
50038, g__Veillonella, s__Veillonella dispar, p__Firmicutes, c__Clostridia, o__Clostridiales, f__Veillonellaceae,k__Bacteria; p__Firmicutes; c__Clostridia; o__Clostridiales; f__Veillonellaceae; g__Veillonella; s__Veillonella dispar; 50038; GQ081299.1 gg_id:452838 Topographical and Temporal Human Skin Microbiome skin external auditory canal clone nbw1143h03c1, GQ081299.1 gg_id:452838 Topographical and Temporal Human Skin Microbiome skin external auditory canal clone nbw1143h03c1,9,173.0,0.91015625,1.0,0.15263443849244396,1508.0,1503.4964958315593,1.0,1.0,0.0,True,1.0,12462.0,Healthy,Male,Placebo-resistant (STRICT-ADAPTIVE)
38118, g__Mycobacterium, s__unclassified, p__Actinobacteria, c__Actinobacteria, o__Actinomycetales, f__Mycobacteriaceae,k__Bacteria; p__Actinobacteria; c__Actinobacteria; o__Actinomycetales; f__Mycobacteriaceae; g__Mycobacterium; s__unclassified; 38118; FJ382322.1 gg_id:577540 Potentially pathogenic and air stem cell transplant summer hospital shower water BMT unit clone 4S_4g02, FJ382322.1 gg_id:577540 Potentially pathogenic and air stem cell transplant summer hospital shower water BMT unit clone 4S_4g02,9,11.0,0.8203125,1.0,0.05350537747163802,722.0,540.6231241817168,0.7750513736700824,0.9376534160753778,0.08888888888888889,True,1.0,12100.0,Healthy,Male,Placebo-resistant (STRICT-ADAPTIVE)
52408, g__sfA, s__unclassified, p__Proteobacteria, c__Deltaproteobacteria, o__DTB120/49S1_2B, f__unclassified,k__Bacteria; p__Proteobacteria; c__Deltaproteobacteria; o__DTB120/49S1_2B; f__unclassified; g__sfA; s__unclassified; 52408; GQ433929.1 gg_id:580755 Subseafloor ocean crust microbial observatories: (F-through Osmo Colonization System) and evaluation borehole materials seafloor Black FLOCS colonization experiment glass wool clone BlkFLOCS_C04, GQ433929.1 gg_id:580755 Subseafloor ocean crust microbial observatories: (F-through Osmo Colonization System) and evaluation borehole materials seafloor Black FLOCS colonization experiment glass wool clone BlkFLOCS_C04,9,479.0,0.5703125,1.0,0.08261375047722681,1335.0,751.0608441693952,0.9025232501776794,0.9754023282151151,-0.044444444444444446,True,1.0,10949.0,Healthy,Male,Placebo-resistant (STRICT-ADAPTIVE)
70540, g__unclassified, s__unclassified, p__Firmicutes, c__Clostridia, o__Clostridiales, f__Lachnospiraceae,k__Bacteria; p__Firmicutes; c__Clostridia; o__Clostridiales; f__Lachnospiraceae; g__unclassified; s__unclassified; 70540; EU774684.1 gg_id:346374 Angola Colobus feces clone EAC_2_aaa04d04, EU774684.1 gg_id:346374 Angola Colobus feces clone EAC_2_aaa04d04,9,-109.0,1.0,1.0,0.08033865613446786,799.0,800.8956055428059,0.9025232501776794,0.9754023282151151,0.044444444444444446,True,1.0,12205.0,Healthy,Male,Placebo-resistant (STRICT-ADAPTIVE)
5211, g__unclassified, s__unclassified, p__Proteobacteria, c__Gammaproteobacteria, o__Enterobacteriales, f__Enterobacteriaceae,k__Bacteria; p__Proteobacteria; c__Gammaproteobacteria; o__Enterobacteriales; f__Enterobacteriaceae; g__unclassified; s__unclassified; 5211; AB273742.1 gg_id:245432 Cedecea lapagei str. GTC 346, AB273742.1 gg_id:245432 Cedecea lapagei str. GTC 346,9,-394.0,0.8203125,1.0,0.09263342922546183,1687.0,1180.423786442818,0.7133031738784577,0.9207147820005681,0.1111111111111111,True,1.0,11641.0,Healthy,Male,Placebo-resistant (STRICT-ADAPTIVE)
25992, g__Faecalibacterium, s__Faecalibacterium prausnitzii, p__Firmicutes, c__Clostridia, o__Clostridiales, f__Ruminococcaceae,k__Bacteria; p__Firmicutes; c__Clostridia; o__Clostridiales; f__Ruminococcaceae; g__Faecalibacterium; s__Faecalibacterium prausnitzii; 25992; FJ371968.1 gg_id:363824 feces adult twins and mothers; TS8 clone TS8_a04c05, FJ371968.1 gg_id:363824 feces adult twins and mothers TS8 clone TS8_a04c05,9,-148.0,1.0,1.0,0.14352567787622933,1407.0,1252.356552814644,0.7750513736700824,0.9376534160753778,0.08888888888888889,True,1.0,13324.0,Healthy,Male,Placebo-resistant (STRICT-ADAPTIVE)
72490, g__Lactobacillus, s__unclassified, p__Firmicutes, c__Bacilli, o__Lactobacillales, f__Lactobacillaceae,k__Bacteria; p__Firmicutes; c__Bacilli; o__Lactobacillales; f__Lactobacillaceae; g__Lactobacillus; s__unclassified; 72490; AY690834.1 gg_id:123663 Lactobacillus nantesii str. Lp33, AY690834.1 gg_id:123663 Lactobacillus nantesii str. Lp33,9,-18.0,1.0,1.0,0.048214099814652994,807.0,501.9404532190823,0.6533789106936937,0.9002109436224224,0.13333333333333333,True,1.0,12793.0,Healthy,Male,Placebo-resistant (STRICT-ADAPTIVE)
24552, g__Faecalibacterium, s__Faecalibacterium prausnitzii, p__Firmicutes, c__Clostridia, o__Clostridiales, f__Ruminococcaceae,k__Bacteria; p__Firmicutes; c__Clostridia; o__Clostridiales; f__Ruminococcaceae; g__Faecalibacterium; s__Faecalibacterium prausnitzii; 24552; DQ801056.1 gg_id:186986 human fecal clone RL387_aao91e05, DQ801056.1 gg_id:186986 human fecal clone RL387_aao91e05,9,-119.0,0.91015625,1.0,0.05962074098251639,632.0,761.2641869942393,0.9025232501776794,0.9754023282151151,0.044444444444444446,True,1.0,14202.0,Healthy,Male,Placebo-resistant (STRICT-ADAPTIVE)
34070, g__Corynebacterium, s__unclassified, p__Actinobacteria, c__Actinobacteria, o__Actinomycetales, f__Corynebacteriaceae,k__Bacteria; p__Actinobacteria; c__Actinobacteria; o__Actinomycetales; f__Corynebacteriaceae; g__Corynebacterium; s__unclassified; 34070; GQ013334.1 gg_id:496332 Topographical and Temporal Human Skin Microbiome skin axillary vault clone nbw804e03c1, GQ013334.1 gg_id:496332 Topographical and Temporal Human Skin Microbiome skin axillary vault clone nbw804e03c1,9,-214.0,0.8203125,1.0,0.06769378125310328,887.0,610.8037864977591,0.6533789106936937,0.9002109436224224,0.13333333333333333,True,1.0,12018.0,Healthy,Male,Placebo-resistant (STRICT-ADAPTIVE)
56130, g__Akkermansia, s__unclassified, p__Verrucomicrobia, c__Verrucomicrobiae, o__Verrucomicrobiales, f__Verrucomicrobiaceae,k__Bacteria; p__Verrucomicrobia; c__Verrucomicrobiae; o__Verrucomicrobiales; f__Verrucomicrobiaceae; g__Akkermansia; s__unclassified; 56130; GQ493932.1 gg_id:570491 Effect Diet on Human Gut Microbiome: Metagenomic Humanized Gnotobiotic Mice cecal contents Mus musculus strain C57BL/6J; PM8 clone PM8_a04e03, GQ493932.1 gg_id:570491 Effect Diet on Human Gut Microbiome: Metagenomic Humanized Gnotobiotic Mice cecal contents Mus musculus strain C57BL/6J PM8 clone PM8_a04e03,9,375.0,0.734375,1.0,0.1458850992292739,1470.0,1490.664638445251,0.7750513736700824,0.9376534160753778,0.08888888888888889,True,1.0,12838.0,Healthy,Male,Placebo-resistant (STRICT-ADAPTIVE)
26507, g__Faecalibacterium, s__Faecalibacterium prausnitzii, p__Firmicutes, c__Clostridia, o__Clostridiales, f__Ruminococcaceae,k__Bacteria; p__Firmicutes; c__Clostridia; o__Clostridiales; f__Ruminococcaceae; g__Faecalibacterium; s__Faecalibacterium prausnitzii; 26507; EU763004.1 gg_id:352406 Pervasive effects antibiotic on human gut microbiota deep sequencing fecal clone Ax3_724, EU763004.1 gg_id:352406 Pervasive effects antibiotic on human gut microbiota deep sequencing fecal clone Ax3_724,9,-30.0,1.0,1.0,0.0676962785791329,799.0,783.670091669816,0.6533789106936937,0.9002109436224224,0.13333333333333333,True,1.0,13889.0,Healthy,Male,Placebo-resistant (STRICT-ADAPTIVE)
27873, g__unclassified, s__unclassified, p__Firmicutes, c__Clostridia, o__Clostridiales, f__Lachnospiraceae,k__Bacteria; p__Firmicutes; c__Clostridia; o__Clostridiales; f__Lachnospiraceae; g__unclassified; s__unclassified; 27873; EU776749.1 gg_id:317127 Mongoose lemur feces clone ML_aae89h02, EU776749.1 gg_id:317127 Mongoose lemur feces clone ML_aae89h02,9,338.0,0.49609375,1.0,0.10286812758685433,1227.0,1006.4394153648792,0.967435545139537,0.9928887934220945,-0.022222222222222223,True,1.0,11458.0,Healthy,Male,Placebo-resistant (STRICT-ADAPTIVE)
50151, g__Dialister, s__unclassified, p__Firmicutes, c__Clostridia, o__Clostridiales, f__Veillonellaceae,k__Bacteria; p__Firmicutes; c__Clostridia; o__Clostridiales; f__Veillonellaceae; g__Dialister; s__unclassified; 50151; EU464320.1 gg_id:293799 hamadryas baboon feces clone AFBAB_aai02f07, EU464320.1 gg_id:293799 hamadryas baboon feces clone AFBAB_aai02f07,9,-150.0,0.91015625,1.0,0.029093276984400108,402.0,816.1814739382413,0.967435545139537,0.9928887934220945,-0.022222222222222223,True,1.0,13109.0,Healthy,Male,Placebo-resistant (STRICT-ADAPTIVE)
70434, g__unclassified, s__unclassified, p__Firmicutes, c__Clostridia, o__Clostridiales, f__Lachnospiraceae,k__Bacteria; p__Firmicutes; c__Clostridia; o__Clostridiales; f__Lachnospiraceae; g__unclassified; s__unclassified; 70434; DQ905434.1 gg_id:166928 human fecal clone 013C-F8, DQ905434.1 gg_id:166928 human fecal clone 013C-F8,9,123.0,0.734375,1.0,0.045035329473598396,586.0,482.0552840125751,0.967435545139537,0.9928887934220945,-0.022222222222222223,True,1.0,13341.0,Healthy,Male,Placebo-resistant (STRICT-ADAPTIVE)
55929, g__Akkermansia, s__Akkermansia muciniphila, p__Verrucomicrobia, c__Verrucomicrobiae, o__Verrucomicrobiales, f__Verrucomicrobiaceae,k__Bacteria; p__Verrucomicrobia; c__Verrucomicrobiae; o__Verrucomicrobiales; f__Verrucomicrobiaceae; g__Akkermansia; s__Akkermansia muciniphila; 55929; EU763518.1 gg_id:324181 Pervasive effects antibiotic on human gut microbiota deep sequencing fecal clone A4_766, EU763518.1 gg_id:324181 Pervasive effects antibiotic on human gut microbiota deep sequencing fecal clone A4_766,9,254.0,0.8203125,1.0,0.0997544724030735,1222.0,886.1117064519073,0.9025232501776794,0.9754023282151151,-0.044444444444444446,True,1.0,12854.0,Healthy,Male,Placebo-resistant (STRICT-ADAPTIVE)
61637, g__Paracoccus, s__unclassified, p__Proteobacteria, c__Alphaproteobacteria, o__Rhodobacterales, f__Rhodobacteraceae,k__Bacteria; p__Proteobacteria; c__Alphaproteobacteria; o__Rhodobacterales; f__Rhodobacteraceae; g__Paracoccus; s__unclassified; 61637; EU341164.1 gg_id:238449 Evaluation Rapid Technologies Estimate Microbial Burden and Commercial Airline Cabin Air commercial aircraft cabin air clone AV_4S-I01, EU341164.1 gg_id:238449 Evaluation Rapid Technologies Estimate Microbial Burden and Commercial Airline Cabin Air commercial aircraft cabin air clone AV_4S-I01,9,116.0,0.91015625,1.0,0.17494999840458048,1889.0,1339.5218808382506,0.6533789106936937,0.9002109436224224,0.13333333333333333,True,1.0,9947.0,Healthy,Male,Placebo-resistant (STRICT-ADAPTIVE)
44446, g__Clostridium, s__unclassified, p__Firmicutes, c__Clostridia, o__Clostridiales, f__Clostridiaceae,k__Bacteria; p__Firmicutes; c__Clostridia; o__Clostridiales; f__Clostridiaceae; g__Clostridium; s__unclassified; 44446; GQ129976.1 gg_id:403839 Genetic inventory 'JPL-SAF' during MSL mission spacecraft assembly clean room floor clone GI8-sp-J09, GQ129976.1 gg_id:403839 Genetic inventory 'JPL-SAF' during MSL mission spacecraft assembly clean room floor clone GI8-sp-J09,9,-219.0,0.8203125,1.0,0.07030839340719693,716.0,752.6486752204584,1.0,1.0,0.0,True,1.0,12059.0,Healthy,Male,Placebo-resistant (STRICT-ADAPTIVE)
27093, g__Ruminococcus, s__Ruminococcus bromii, p__Firmicutes, c__Clostridia, o__Clostridiales, f__Ruminococcaceae,k__Bacteria; p__Firmicutes; c__Clostridia; o__Clostridiales; f__Ruminococcaceae; g__Ruminococcus; s__Ruminococcus bromii; 27093; FJ363691.1 gg_id:358965 feces adult twins and mothers; TS14 clone TS14_a02b08, FJ363691.1 gg_id:358965 feces adult twins and mothers TS14 clone TS14_a02b08,9,-69.0,0.91015625,1.0,0.05556230702290274,741.0,610.0665845627017,0.8382564863858263,0.9581536201140475,0.06666666666666667,True,1.0,13441.0,Healthy,Male,Placebo-resistant (STRICT-ADAPTIVE)
25399, g__Faecalibacterium, s__Faecalibacterium prausnitzii, p__Firmicutes, c__Clostridia, o__Clostridiales, f__Ruminococcaceae,k__Bacteria; p__Firmicutes; c__Clostridia; o__Clostridiales; f__Ruminococcaceae; g__Faecalibacterium; s__Faecalibacterium prausnitzii; 25399; AY984008.1 gg_id:117564 human descending colon mucosal biopsy clone MD39, AY984008.1 gg_id:117564 human descending colon mucosal biopsy clone MD39,9,39.0,0.91015625,1.0,0.05931663216466061,719.0,610.166813183994,0.8382564863858263,0.9581536201140475,0.06666666666666667,True,1.0,14155.0,Healthy,Male,Placebo-resistant (STRICT-ADAPTIVE)
55410, g__Akkermansia, s__Akkermansia muciniphila, p__Verrucomicrobia, c__Verrucomicrobiae, o__Verrucomicrobiales, f__Verrucomicrobiaceae,k__Bacteria; p__Verrucomicrobia; c__Verrucomicrobiae; o__Verrucomicrobiales; f__Verrucomicrobiaceae; g__Akkermansia; s__Akkermansia muciniphila; 55410; EF099126.1 gg_id:181513 mouse cecum clone SWPT2_aaa02f08, EF099126.1 gg_id:181513 mouse cecum clone SWPT2_aaa02f08,9,175.0,0.8203125,1.0,0.1063431926727591,790.0,884.5175519142877,0.8382564863858263,0.9581536201140475,-0.06666666666666667,True,1.0,10888.0,Healthy,Male,Placebo-resistant (STRICT-ADAPTIVE)
17670, g__Roseburia, s__Eubacterium rectale, p__Firmicutes, c__Clostridia, o__Clostridiales, f__Lachnospiraceae,k__Bacteria; p__Firmicutes; c__Clostridia; o__Clostridiales; f__Lachnospiraceae; g__Roseburia; s__Eubacterium rectale; 17670; DQ327557.1 gg_id:146527 Metagenomic gut microbiome healthy human stool clone EB40, DQ327557.1 gg_id:146527 Metagenomic gut microbiome healthy human stool clone EB40,9,-308.0,0.734375,1.0,0.10008392613176921,1631.0,1029.7073235525606,0.6533789106936937,0.9002109436224224,0.13333333333333333,True,1.0,14249.0,Healthy,Male,Placebo-resistant (STRICT-ADAPTIVE)
25754, g__Faecalibacterium, s__unclassified, p__Firmicutes, c__Clostridia, o__Clostridiales, f__Ruminococcaceae,k__Bacteria; p__Firmicutes; c__Clostridia; o__Clostridiales; f__Ruminococcaceae; g__Faecalibacterium; s__unclassified; 25754; FJ673880.1 gg_id:509345 Synecology primary and secondary habitats Escherichia coli O157:H7 fecal MARC beef cattle feedlot animal #4262 pen 301; was positive STEC O157 clone 130-6I9, FJ673880.1 gg_id:509345 Synecology primary and secondary habitats Escherichia coli O157:H7 fecal MARC beef cattle feedlot animal #4262 pen 301 was positive STEC O157 clone 130-6I9,9,28.0,0.8203125,1.0,0.07427438156340142,534.0,791.1003089368629,0.967435545139537,0.9928887934220945,-0.022222222222222223,True,1.0,11662.0,Healthy,Male,Placebo-resistant (STRICT-ADAPTIVE)
22395, g__unclassified, s__unclassified, p__Firmicutes, c__Clostridia, o__Clostridiales, f__Ruminococcaceae,k__Bacteria; p__Firmicutes; c__Clostridia; o__Clostridiales; f__Ruminococcaceae; g__unclassified; s__unclassified; 22395; EU458617.1 gg_id:293735 European rabbit feces clone RA_f11, EU458617.1 gg_id:293735 European rabbit feces clone RA_f11,9,193.0,0.8203125,1.0,0.07586657326774837,1037.0,738.6337541704955,1.0,1.0,0.0,True,1.0,12640.0,Healthy,Male,Placebo-resistant (STRICT-ADAPTIVE)
67117, g__Prevotella, s__unclassified, p__Bacteroidetes, c__Bacteroidia, o__Bacteroidales, f__Prevotellaceae,k__Bacteria; p__Bacteroidetes; c__Bacteroidia; o__Bacteroidales; f__Prevotellaceae; g__Prevotella; s__unclassified; 67117; GQ493115.1 gg_id:581089 Effect Diet on Human Gut Microbiome: Metagenomic Humanized Gnotobiotic Mice cecal contents Mus musculus strain C57BL/6J; PM1 clone PM1_a03f04, GQ493115.1 gg_id:581089 Effect Diet on Human Gut Microbiome: Metagenomic Humanized Gnotobiotic Mice cecal contents Mus musculus strain C57BL/6J PM1 clone PM1_a03f04,9,213.0,0.91015625,1.0,0.1082035439217276,1421.0,1234.8051831766825,0.7750513736700824,0.9376534160753778,0.08888888888888889,True,1.0,14021.0,Healthy,Male,Placebo-resistant (STRICT-ADAPTIVE)
50309, g__Veillonella, s__Veillonella dispar, p__Firmicutes, c__Clostridia, o__Clostridiales, f__Veillonellaceae,k__Bacteria; p__Firmicutes; c__Clostridia; o__Clostridiales; f__Veillonellaceae; g__Veillonella; s__Veillonella dispar; 50309; GQ057614.1 gg_id:372040 Topographical and Temporal Human Skin Microbiome skin antecubital fossa clone nbw1066c01c1, GQ057614.1 gg_id:372040 Topographical and Temporal Human Skin Microbiome skin antecubital fossa clone nbw1066c01c1,9,-63.0,1.0,1.0,0.13151995846745884,1131.0,1171.3099291723681,0.7133031738784577,0.9207147820005681,0.1111111111111111,True,1.0,11530.0,Healthy,Male,Placebo-resistant (STRICT-ADAPTIVE)
18126, g__unclassified, s__unclassified, p__Firmicutes, c__Clostridia, o__Clostridiales, f__Lachnospiraceae,k__Bacteria; p__Firmicutes; c__Clostridia; o__Clostridiales; f__Lachnospiraceae; g__unclassified; s__unclassified; 18126; EF099347.1 gg_id:192378 mouse cecum clone SWPT3_aaa02a09, EF099347.1 gg_id:192378 mouse cecum clone SWPT3_aaa02a09,9,398.0,0.30078125,1.0,0.05830760445802504,1063.0,592.1621269363466,1.0,1.0,0.0,True,1.0,12933.0,Healthy,Male,Placebo-resistant (STRICT-ADAPTIVE)
25076, g__Faecalibacterium, s__Faecalibacterium prausnitzii, p__Firmicutes, c__Clostridia, o__Clostridiales, f__Ruminococcaceae,k__Bacteria; p__Firmicutes; c__Clostridia; o__Clostridiales; f__Ruminococcaceae; g__Faecalibacterium; s__Faecalibacterium prausnitzii; 25076; DQ823651.1 gg_id:186746 human fecal clone RL250_aaj77b05, DQ823651.1 gg_id:186746 human fecal clone RL250_aaj77b05,9,-34.0,0.8203125,1.0,0.0922564161448283,580.0,822.5666236846715,1.0,1.0,0.0,True,1.0,13860.0,Healthy,Male,Placebo-resistant (STRICT-ADAPTIVE)
45258, g__Clostridium, s__unclassified, p__Firmicutes, c__Clostridia, o__Clostridiales, f__Clostridiaceae,k__Bacteria; p__Firmicutes; c__Clostridia; o__Clostridiales; f__Clostridiaceae; g__Clostridium; s__unclassified; 45258; DQ796807.1 gg_id:184442 human fecal clone RL179_aao54g10, DQ796807.1 gg_id:184442 human fecal clone RL179_aao54g10,9,248.0,0.8203125,1.0,0.0730125841683021,776.0,632.5982947951866,0.6533789106936937,0.9002109436224224,0.13333333333333333,True,1.0,12075.0,Healthy,Male,Placebo-resistant (STRICT-ADAPTIVE)
55593, g__Akkermansia, s__Akkermansia muciniphila, p__Verrucomicrobia, c__Verrucomicrobiae, o__Verrucomicrobiales, f__Verrucomicrobiaceae,k__Bacteria; p__Verrucomicrobia; c__Verrucomicrobiae; o__Verrucomicrobiales; f__Verrucomicrobiaceae; g__Akkermansia; s__Akkermansia muciniphila; 55593; EF099031.1 gg_id:188922 mouse cecum clone SWPT2_aaa01c10, EF099031.1 gg_id:188922 mouse cecum clone SWPT2_aaa01c10,9,-369.0,0.91015625,1.0,0.10001917166261376,1356.0,991.7796636574298,0.7133031738784577,0.9207147820005681,0.1111111111111111,True,1.0,12857.0,Healthy,Male,Placebo-resistant (STRICT-ADAPTIVE)
67668, g__Prevotella, s__unclassified, p__Bacteroidetes, c__Bacteroidia, o__Bacteroidales, f__Prevotellaceae,k__Bacteria; p__Bacteroidetes; c__Bacteroidia; o__Bacteroidales; f__Prevotellaceae; g__Prevotella; s__unclassified; 67668; FJ679626.1 gg_id:524036 Synecology primary and secondary habitats Escherichia coli O157:H7 fecal MARC beef cattle feedlot animal #4017 pen 301; was positive STEC O157 clone 4-2H17, FJ679626.1 gg_id:524036 Synecology primary and secondary habitats Escherichia coli O157:H7 fecal MARC beef cattle feedlot animal #4017 pen 301 was positive STEC O157 clone 4-2H17,9,415.0,0.49609375,1.0,0.07645495605594205,982.0,816.2272666359536,0.967435545139537,0.9928887934220945,-0.022222222222222223,True,1.0,13888.0,Healthy,Male,Placebo-resistant (STRICT-ADAPTIVE)
3189, g__Legionella, s__unclassified, p__Proteobacteria, c__Gammaproteobacteria, o__Legionellales, f__Legionellaceae,k__Bacteria; p__Proteobacteria; c__Gammaproteobacteria; o__Legionellales; f__Legionellaceae; g__Legionella; s__unclassified; 3189; FJ382013.1 gg_id:543450 Potentially pathogenic and air stem cell transplant winter hospital shower water BMT unit clone 4W_01e01, FJ382013.1 gg_id:543450 Potentially pathogenic and air stem cell transplant winter hospital shower water BMT unit clone 4W_01e01,9,546.0,0.30078125,1.0,0.1286498958784409,1286.0,896.9411468120104,0.967435545139537,0.9928887934220945,0.022222222222222223,True,1.0,9578.0,Healthy,Male,Placebo-resistant (STRICT-ADAPTIVE)
26424, g__Faecalibacterium, s__unclassified, p__Firmicutes, c__Clostridia, o__Clostridiales, f__Ruminococcaceae,k__Bacteria; p__Firmicutes; c__Clostridia; o__Clostridiales; f__Ruminococcaceae; g__Faecalibacterium; s__unclassified; 26424; FJ682360.1 gg_id:524527 Synecology primary and secondary habitats Escherichia coli O157:H7 fecal MARC beef cattle feedlot animal #4351 pen 301; was negative STEC O157 clone 8-3B3, FJ682360.1 gg_id:524527 Synecology primary and secondary habitats Escherichia coli O157:H7 fecal MARC beef cattle feedlot animal #4351 pen 301 was negative STEC O157 clone 8-3B3,9,247.0,1.0,1.0,0.10830545013845931,1616.0,1217.0052774650476,0.7133031738784577,0.9207147820005681,0.1111111111111111,True,1.0,12779.0,Healthy,Male,Placebo-resistant (STRICT-ADAPTIVE)
50283, g__Veillonella, s__Veillonella dispar, p__Firmicutes, c__Clostridia, o__Clostridiales, f__Veillonellaceae,k__Bacteria; p__Firmicutes; c__Clostridia; o__Clostridiales; f__Veillonellaceae; g__Veillonella; s__Veillonella dispar; 50283; GQ073344.1 gg_id:393528 Topographical and Temporal Human Skin Microbiome skin palm clone nbw207h08c1, GQ073344.1 gg_id:393528 Topographical and Temporal Human Skin Microbiome skin palm clone nbw207h08c1,9,447.0,0.91015625,1.0,0.1395512240698637,3067.0,1597.474323187839,0.9025232501776794,0.9754023282151151,0.044444444444444446,True,1.0,11881.0,Healthy,Male,Placebo-resistant (STRICT-ADAPTIVE)
41582, g__sfA, s__unclassified, p__Actinobacteria, c__Actinobacteria, o__MC47, f__unclassified,k__Bacteria; p__Actinobacteria; c__Actinobacteria; o__MC47; f__unclassified; g__sfA; s__unclassified; 41582; DQ906785.1 gg_id:242006 Oman subsurface soil clone 2B-7, DQ906785.1 gg_id:242006 Oman subsurface soil clone 2B-7,9,137.0,0.75390625,1.0,0.07023221201344335,750.0,688.9341502478867,0.7750513736700824,0.9376534160753778,-0.08888888888888889,True,1.0,11396.0,Healthy,Male,Placebo-resistant (STRICT-ADAPTIVE)
50750, g__Veillonella, s__unclassified, p__Firmicutes, c__Clostridia, o__Clostridiales, f__Veillonellaceae,k__Bacteria; p__Firmicutes; c__Clostridia; o__Clostridiales; f__Veillonellaceae; g__Veillonella; s__unclassified; 50750; GQ114743.1 gg_id:381926 Topographical and Temporal Human Skin Microbiome skin interdigital web space clone nbw682h08c1, GQ114743.1 gg_id:381926 Topographical and Temporal Human Skin Microbiome skin interdigital web space clone nbw682h08c1,9,146.0,0.65234375,1.0,0.09722499799180657,1519.0,857.6631338701693,0.7750513736700824,0.9376534160753778,-0.08888888888888889,True,1.0,11968.0,Healthy,Male,Placebo-resistant (STRICT-ADAPTIVE)
67221, g__Prevotella, s__unclassified, p__Bacteroidetes, c__Bacteroidia, o__Bacteroidales, f__Prevotellaceae,k__Bacteria; p__Bacteroidetes; c__Bacteroidia; o__Bacteroidales; f__Prevotellaceae; g__Prevotella; s__unclassified; 67221; EF510483.1 gg_id:222154 Loss During Antibiotic Treatment 1 Intubated Patients Colonized Pseudomonas aeruginosa endotracheal aspirate clone P2D1-513, EF510483.1 gg_id:222154 Loss During Antibiotic Treatment 1 Intubated Patients Colonized Pseudomonas aeruginosa endotracheal aspirate clone P2D1-513,9,-101.0,1.0,1.0,0.1161743510406351,1773.0,1084.7309718901631,0.7133031738784577,0.9207147820005681,0.1111111111111111,True,1.0,11782.0,Healthy,Male,Placebo-resistant (STRICT-ADAPTIVE)
55253, g__Akkermansia, s__unclassified, p__Verrucomicrobia, c__Verrucomicrobiae, o__Verrucomicrobiales, f__Verrucomicrobiaceae,k__Bacteria; p__Verrucomicrobia; c__Verrucomicrobiae; o__Verrucomicrobiales; f__Verrucomicrobiaceae; g__Akkermansia; s__unclassified; 55253; EU506565.1 gg_id:277003 cecal contents Mus musculus strain C57BL/6J; MD19 clone MD19_aaa04d05, EU506565.1 gg_id:277003 cecal contents Mus musculus strain C57BL/6J MD19 clone MD19_aaa04d05,9,153.0,0.8203125,1.0,0.2015953297238982,1452.0,1445.782816608359,0.967435545139537,0.9928887934220945,0.022222222222222223,True,1.0,12508.0,Healthy,Male,Placebo-resistant (STRICT-ADAPTIVE)
15197, g__Sutterella, s__unclassified, p__Proteobacteria, c__Betaproteobacteria, o__Burkholderiales, f__Alcaligenaceae,k__Bacteria; p__Proteobacteria; c__Betaproteobacteria; o__Burkholderiales; f__Alcaligenaceae; g__Sutterella; s__unclassified; 15197; AJ566849.1 gg_id:104793 Sutterella stercoricanis str. CCUG 47620, AJ566849.1 gg_id:104793 Sutterella stercoricanis str. CCUG 47620,9,-237.0,0.91015625,1.0,0.2046497309807335,1331.0,1538.8473695738783,0.7133031738784577,0.9207147820005681,0.1111111111111111,True,1.0,10963.0,Healthy,Male,Placebo-resistant (STRICT-ADAPTIVE)
17947, g__Roseburia, s__Eubacterium rectale, p__Firmicutes, c__Clostridia, o__Clostridiales, f__Lachnospiraceae,k__Bacteria; p__Firmicutes; c__Clostridia; o__Clostridiales; f__Lachnospiraceae; g__Roseburia; s__Eubacterium rectale; 17947; AY978123.1 gg_id:124624 human cecum mucosal biopsy clone LI93, AY978123.1 gg_id:124624 human cecum mucosal biopsy clone LI93,9,-247.0,0.8203125,1.0,0.1380892422079651,1260.0,1151.0840125338857,0.774955307165551,0.9376534160753778,0.08888888888888889,True,1.0,13894.0,Healthy,Male,Placebo-resistant (STRICT-ADAPTIVE)
30308, g__Corynebacterium, s__unclassified, p__Actinobacteria, c__Actinobacteria, o__Actinomycetales, f__Corynebacteriaceae,k__Bacteria; p__Actinobacteria; c__Actinobacteria; o__Actinomycetales; f__Corynebacteriaceae; g__Corynebacterium; s__unclassified; 30308; FM875163.1 gg_id:367677 occupant source house dust skin surface swab clone SB03F10, FM875163.1 gg_id:367677 occupant source house dust skin surface swab clone SB03F10,9,-273.0,0.91015625,1.0,0.08193769480944953,1188.0,1226.090124981756,1.0,1.0,0.0,True,1.0,12511.0,Healthy,Male,Placebo-resistant (STRICT-ADAPTIVE)
22757, g__unclassified, s__unclassified, p__Firmicutes, c__Clostridia, o__Clostridiales, f__Lachnospiraceae,k__Bacteria; p__Firmicutes; c__Clostridia; o__Clostridiales; f__Lachnospiraceae; g__unclassified; s__unclassified; 22757; EU454681.1 gg_id:334577 Innate immunity and intestinal microbiota Type 1 diabetes mouse cecum clone K78S2_44d07, EU454681.1 gg_id:334577 Innate immunity and intestinal microbiota Type 1 diabetes mouse cecum clone K78S2_44d07,9,410.0,0.8203125,1.0,0.09509152683328993,1461.0,882.8940247718169,0.6533789106936937,0.9002109436224224,0.13333333333333333,True,1.0,10450.0,Healthy,Male,Placebo-resistant (STRICT-ADAPTIVE)
24781, g__Faecalibacterium, s__unclassified, p__Firmicutes, c__Clostridia, o__Clostridiales, f__Ruminococcaceae,k__Bacteria; p__Firmicutes; c__Clostridia; o__Clostridiales; f__Ruminococcaceae; g__Faecalibacterium; s__unclassified; 24781; DQ825301.1 gg_id:189448 human fecal clone RL185_aan88b03, DQ825301.1 gg_id:189448 human fecal clone RL185_aan88b03,9,61.0,0.91015625,1.0,0.08949651674882046,651.0,931.5893013554847,0.7133031738784577,0.9207147820005681,0.1111111111111111,True,1.0,13612.0,Healthy,Male,Placebo-resistant (STRICT-ADAPTIVE)
45472, g__Clostridium, s__unclassified, p__Firmicutes, c__Clostridia, o__Clostridiales, f__Clostridiaceae,k__Bacteria; p__Firmicutes; c__Clostridia; o__Clostridiales; f__Clostridiaceae; g__Clostridium; s__unclassified; 45472; DQ810116.1 gg_id:196719 human fecal clone RL184_aao68c04, DQ810116.1 gg_id:196719 human fecal clone RL184_aao68c04,9,-227.0,0.65234375,1.0,0.1098708845896286,1543.0,1122.887184379822,0.9025232501776794,0.9754023282151151,0.044444444444444446,True,1.0,10521.0,Healthy,Male,Placebo-resistant (STRICT-ADAPTIVE)
16756, g__Azospira, s__unclassified, p__Proteobacteria, c__Betaproteobacteria, o__Rhodocyclales, f__Rhodocyclaceae,k__Bacteria; p__Proteobacteria; c__Betaproteobacteria; o__Rhodocyclales; f__Rhodocyclaceae; g__Azospira; s__unclassified; 16756; AF170348.1 gg_id:6722 Azospira oryzae str. PS, AF170348.1 gg_id:6722 Azospira oryzae str. PS,9,400.0,0.359375,1.0,0.0990567092295554,1058.0,1172.7487903970643,0.6533789106936937,0.9002109436224224,-0.13333333333333333,True,1.0,9683.0,Healthy,Male,Placebo-resistant (STRICT-ADAPTIVE)
25279, g__Faecalibacterium, s__unclassified, p__Firmicutes, c__Clostridia, o__Clostridiales, f__Ruminococcaceae,k__Bacteria; p__Firmicutes; c__Clostridia; o__Clostridiales; f__Ruminococcaceae; g__Faecalibacterium; s__unclassified; 25279; FJ683865.1 gg_id:523118 Synecology primary and secondary habitats Escherichia coli O157:H7 fecal MARC beef cattle feedlot animal #4351 pen 301; was negative STEC O157 clone 8-8H15, FJ683865.1 gg_id:523118 Synecology primary and secondary habitats Escherichia coli O157:H7 fecal MARC beef cattle feedlot animal #4351 pen 301 was negative STEC O157 clone 8-8H15,9,151.0,0.8203125,1.0,0.05529656796439244,599.0,615.6517962109571,0.9025232501776794,0.9754023282151151,0.044444444444444446,True,1.0,13701.0,Healthy,Male,Placebo-resistant (STRICT-ADAPTIVE)
24806, g__Faecalibacterium, s__unclassified, p__Firmicutes, c__Clostridia, o__Clostridiales, f__Ruminococcaceae,k__Bacteria; p__Firmicutes; c__Clostridia; o__Clostridiales; f__Ruminococcaceae; g__Faecalibacterium; s__unclassified; 24806; DQ808926.1 gg_id:195680 human fecal clone RL243_aai87a12, DQ808926.1 gg_id:195680 human fecal clone RL243_aai87a12,9,1.0,0.734375,1.0,0.05809067795157898,385.0,605.5006137073686,1.0,1.0,0.0,True,1.0,13609.0,Healthy,Male,Placebo-resistant (STRICT-ADAPTIVE)
72685, g__unclassified, s__unclassified, p__Firmicutes, c__Clostridia, o__Clostridiales, f__Clostridiaceae,k__Bacteria; p__Firmicutes; c__Clostridia; o__Clostridiales; f__Clostridiaceae; g__unclassified; s__unclassified; 72685; EU470690.1 gg_id:300663 red panda feces clone RP_1aaa01a07, EU470690.1 gg_id:300663 red panda feces clone RP_1aaa01a07,9,101.0,0.5703125,1.0,0.021454050417542548,282.0,234.75256174202752,0.967435545139537,0.9928887934220945,0.022222222222222223,True,1.0,13789.0,Healthy,Male,Placebo-resistant (STRICT-ADAPTIVE)
67419, g__Prevotella, s__unclassified, p__Bacteroidetes, c__Bacteroidia, o__Bacteroidales, f__Prevotellaceae,k__Bacteria; p__Bacteroidetes; c__Bacteroidia; o__Bacteroidales; f__Prevotellaceae; g__Prevotella; s__unclassified; 67419; GQ492677.1 gg_id:588173 Effect Diet on Human Gut Microbiome: Metagenomic Humanized Gnotobiotic Mice cecal contents Mus musculus strain C57BL/6J; PM2 clone PM2_a03c06, GQ492677.1 gg_id:588173 Effect Diet on Human Gut Microbiome: Metagenomic Humanized Gnotobiotic Mice cecal contents Mus musculus strain C57BL/6J PM2 clone PM2_a03c06,9,140.0,0.91015625,1.0,0.12848711983081856,1279.0,1307.4180805099968,0.6533789106936937,0.9002109436224224,0.13333333333333333,True,1.0,13220.0,Healthy,Male,Placebo-resistant (STRICT-ADAPTIVE)
50207, g__Paenibacillus, s__unclassified, p__Firmicutes, c__Bacilli, o__Bacillales, f__Paenibacillaceae,k__Bacteria; p__Firmicutes; c__Bacilli; o__Bacillales; f__Paenibacillaceae; g__Paenibacillus; s__unclassified; 50207; AY772704.1 gg_id:110061 Paenibacillus polymyxa str. CP7, AY772704.1 gg_id:110061 Paenibacillus polymyxa str. CP7,9,-94.0,0.91015625,1.0,0.0648368551752368,799.0,531.7444422945209,0.6533789106936937,0.9002109436224224,-0.13333333333333333,True,1.0,10919.0,Healthy,Male,Placebo-resistant (STRICT-ADAPTIVE)
60736, g__unclassified, s__unclassified, p__Proteobacteria, c__Alphaproteobacteria, o__Rhodospirillales, f__Rhodospirillaceae,k__Bacteria; p__Proteobacteria; c__Alphaproteobacteria; o__Rhodospirillales; f__Rhodospirillaceae; g__unclassified; s__unclassified; 60736; EF471702.1 gg_id:265895 Fast Screening and Estuarine Operon Libraries whole surface water Chesapeake Bay clone CB22D08, EF471702.1 gg_id:265895 Fast Screening and Estuarine Operon Libraries whole surface water Chesapeake Bay clone CB22D08,9,332.0,0.8203125,1.0,0.06780517543211188,1334.0,724.644566329667,0.9025232501776794,0.9754023282151151,-0.044444444444444446,True,1.0,11355.0,Healthy,Male,Placebo-resistant (STRICT-ADAPTIVE)
25882, g__Faecalibacterium, s__Faecalibacterium prausnitzii, p__Firmicutes, c__Clostridia, o__Clostridiales, f__Ruminococcaceae,k__Bacteria; p__Firmicutes; c__Clostridia; o__Clostridiales; f__Ruminococcaceae; g__Faecalibacterium; s__Faecalibacterium prausnitzii; 25882; DQ806550.1 gg_id:177636 human fecal clone RL186_aao46a01, DQ806550.1 gg_id:177636 human fecal clone RL186_aao46a01,9,-105.0,1.0,1.0,0.1021466473894863,954.0,875.2914438060045,0.8382564863858263,0.9581536201140475,0.06666666666666667,True,1.0,14458.0,Healthy,Male,Placebo-resistant (STRICT-ADAPTIVE)
27585, g__Ruminococcus, s__unclassified, p__Firmicutes, c__Clostridia, o__Clostridiales, f__Ruminococcaceae,k__Bacteria; p__Firmicutes; c__Clostridia; o__Clostridiales; f__Ruminococcaceae; g__Ruminococcus; s__unclassified; 27585; FJ366403.1 gg_id:356858 feces adult twins and mothers; TS26 clone TS26_a02f09, FJ366403.1 gg_id:356858 feces adult twins and mothers TS26 clone TS26_a02f09,9,-105.0,0.8203125,1.0,0.028582581933150605,456.0,550.6924992326582,0.9025232501776794,0.9754023282151151,0.044444444444444446,True,1.0,13616.0,Healthy,Male,Placebo-resistant (STRICT-ADAPTIVE)
18960, g__Clostridium, s__unclassified, p__Firmicutes, c__Clostridia, o__Clostridiales, f__Lachnospiraceae,k__Bacteria; p__Firmicutes; c__Clostridia; o__Clostridiales; f__Lachnospiraceae; g__Clostridium; s__unclassified; 18960; DQ803468.1 gg_id:188970 human fecal clone RL251_aaj86b09, DQ803468.1 gg_id:188970 human fecal clone RL251_aaj86b09,9,185.0,0.734375,1.0,0.06637014064976735,643.0,572.4919975374717,0.7750513736700824,0.9376534160753778,-0.08888888888888889,True,1.0,11494.0,Healthy,Male,Placebo-resistant (STRICT-ADAPTIVE)
25302, g__Faecalibacterium, s__unclassified, p__Firmicutes, c__Clostridia, o__Clostridiales, f__Ruminococcaceae,k__Bacteria; p__Firmicutes; c__Clostridia; o__Clostridiales; f__Ruminococcaceae; g__Faecalibacterium; s__unclassified; 25302; FJ679377.1 gg_id:516690 Synecology primary and secondary habitats Escherichia coli O157:H7 fecal MARC beef cattle feedlot animal #4017 pen 301; was positive STEC O157 clone 4-1J3, FJ679377.1 gg_id:516690 Synecology primary and secondary habitats Escherichia coli O157:H7 fecal MARC beef cattle feedlot animal #4017 pen 301 was positive STEC O157 clone 4-1J3,9,197.0,0.42578125,1.0,0.07478205894719657,663.0,824.7375071163215,0.967435545139537,0.9928887934220945,-0.022222222222222223,True,1.0,12339.0,Healthy,Male,Placebo-resistant (STRICT-ADAPTIVE)
55073, g__Akkermansia, s__unclassified, p__Verrucomicrobia, c__Verrucomicrobiae, o__Verrucomicrobiales, f__Verrucomicrobiaceae,k__Bacteria; p__Verrucomicrobia; c__Verrucomicrobiae; o__Verrucomicrobiales; f__Verrucomicrobiaceae; g__Akkermansia; s__unclassified; 55073; DQ803798.1 gg_id:179022 human fecal clone RL200_aai58e08, DQ803798.1 gg_id:179022 human fecal clone RL200_aai58e08,9,402.0,0.8203125,1.0,0.11657875215812669,1344.0,1054.3749595112947,0.8382564863858263,0.9581536201140475,0.06666666666666667,True,1.0,12793.0,Healthy,Male,Placebo-resistant (STRICT-ADAPTIVE)
8663, g__Diaphorobacter, s__unclassified, p__Proteobacteria, c__Betaproteobacteria, o__Burkholderiales, f__Comamonadaceae,k__Bacteria; p__Proteobacteria; c__Betaproteobacteria; o__Burkholderiales; f__Comamonadaceae; g__Diaphorobacter; s__unclassified; 8663; GQ060009.1 gg_id:424823 Topographical and Temporal Human Skin Microbiome skin toe web space clone nbw42h09c1, GQ060009.1 gg_id:424823 Topographical and Temporal Human Skin Microbiome skin toe web space clone nbw42h09c1,9,109.0,0.8203125,1.0,0.06954514101050943,952.0,631.3182557509679,0.967435545139537,0.9928887934220945,0.022222222222222223,True,1.0,10966.0,Healthy,Male,Placebo-resistant (STRICT-ADAPTIVE)
22338, g__unclassified, s__unclassified, p__Firmicutes, c__Clostridia, o__Clostridiales, f__Ruminococcaceae,k__Bacteria; p__Firmicutes; c__Clostridia; o__Clostridiales; f__Ruminococcaceae; g__unclassified; s__unclassified; 22338; EU771370.1 gg_id:345938 Asiatic elephant feces clone AE2_aaa01h05, EU771370.1 gg_id:345938 Asiatic elephant feces clone AE2_aaa01h05,9,453.0,0.30078125,1.0,0.10365408343224447,1278.0,1005.5861664610238,0.8382564863858263,0.9581536201140475,-0.06666666666666667,True,1.0,10387.0,Healthy,Male,Placebo-resistant (STRICT-ADAPTIVE)
73765, g__Mycoplasma, s__unclassified, p__Tenericutes, c__Mollicutes, o__Mycoplasmatales, f__Mycoplasmataceae,k__Bacteria; p__Tenericutes; c__Mollicutes; o__Mycoplasmatales; f__Mycoplasmataceae; g__Mycoplasma; s__unclassified; 73765; NR_024981.1 gg_id:573950 Mycoplasma subdolum str. TB; ATCC 29870, NR_024981.1 gg_id:573950 Mycoplasma subdolum str. TB ATCC 29870,9,219.0,0.30078125,1.0,0.0875565598344968,998.0,699.8450871760439,0.9025232501776794,0.9754023282151151,-0.044444444444444446,True,1.0,10808.0,Healthy,Male,Placebo-resistant (STRICT-ADAPTIVE)
50105, g__Veillonella, s__unclassified, p__Firmicutes, c__Clostridia, o__Clostridiales, f__Veillonellaceae,k__Bacteria; p__Firmicutes; c__Clostridia; o__Clostridiales; f__Veillonellaceae; g__Veillonella; s__unclassified; 50105; FJ558085.1 gg_id:528199 Survey Approach Assess Endotracheal Tube Biofilms and their Origins biofilm extubated endotracheal tube ICU patient clone ET_A_3g07, FJ558085.1 gg_id:528199 Survey Approach Assess Endotracheal Tube Biofilms and their Origins biofilm extubated endotracheal tube ICU patient clone ET_A_3g07,9,351.0,1.0,1.0,0.22868257585728985,2661.0,1776.450317171234,0.9025232501776794,0.9754023282151151,0.044444444444444446,True,1.0,8618.0,Healthy,Male,Placebo-resistant (STRICT-ADAPTIVE)
30164, g__Corynebacterium, s__unclassified, p__Actinobacteria, c__Actinobacteria, o__Actinomycetales, f__Corynebacteriaceae,k__Bacteria; p__Actinobacteria; c__Actinobacteria; o__Actinomycetales; f__Corynebacteriaceae; g__Corynebacterium; s__unclassified; 30164; GQ025586.1 gg_id:465626 Topographical and Temporal Human Skin Microbiome skin antecubital fossa clone nbw890h11c1, GQ025586.1 gg_id:465626 Topographical and Temporal Human Skin Microbiome skin antecubital fossa clone nbw890h11c1,9,-77.0,0.91015625,1.0,0.04099193848564187,465.0,406.30933393714264,0.6533789106936937,0.9002109436224224,0.13333333333333333,True,1.0,13804.0,Healthy,Male,Placebo-resistant (STRICT-ADAPTIVE)
55971, g__Akkermansia, s__Akkermansia muciniphila, p__Verrucomicrobia, c__Verrucomicrobiae, o__Verrucomicrobiales, f__Verrucomicrobiaceae,k__Bacteria; p__Verrucomicrobia; c__Verrucomicrobiae; o__Verrucomicrobiales; f__Verrucomicrobiaceae; g__Akkermansia; s__Akkermansia muciniphila; 55971; AY979545.1 gg_id:122434 human transverse colon mucosal biopsy clone M203, AY979545.1 gg_id:122434 human transverse colon mucosal biopsy clone M203,9,203.0,1.0,1.0,0.1501583578746892,1385.0,1269.2602533759577,0.967435545139537,0.9928887934220945,-0.022222222222222223,True,1.0,12600.0,Healthy,Male,Placebo-resistant (STRICT-ADAPTIVE)
20405, g__Clostridium, s__unclassified, p__Firmicutes, c__Clostridia, o__Clostridiales, f__Lachnospiraceae,k__Bacteria; p__Firmicutes; c__Clostridia; o__Clostridiales; f__Lachnospiraceae; g__Clostridium; s__unclassified; 20405; GQ492220.1 gg_id:592784 Effect Diet on Human Gut Microbiome: Metagenomic Humanized Gnotobiotic Mice cecal contents Mus musculus strain C57BL/6J; PM3t2 clone PM3t2_a04c06, GQ492220.1 gg_id:592784 Effect Diet on Human Gut Microbiome: Metagenomic Humanized Gnotobiotic Mice cecal contents Mus musculus strain C57BL/6J PM3t2 clone PM3t2_a04c06,9,-288.0,0.42578125,1.0,0.046715749683946706,762.0,500.4074743646422,0.7133031738784577,0.9207147820005681,0.1111111111111111,True,1.0,13257.0,Healthy,Male,Placebo-resistant (STRICT-ADAPTIVE)
25709, g__Faecalibacterium, s__unclassified, p__Firmicutes, c__Clostridia, o__Clostridiales, f__Ruminococcaceae,k__Bacteria; p__Firmicutes; c__Clostridia; o__Clostridiales; f__Ruminococcaceae; g__Faecalibacterium; s__unclassified; 25709; FJ684204.1 gg_id:528631 Synecology primary and secondary habitats Escherichia coli O157:H7 fecal MARC beef cattle feedlot animal #4228 pen 301; was negative STEC O157 clone 6-4B22, FJ684204.1 gg_id:528631 Synecology primary and secondary habitats Escherichia coli O157:H7 fecal MARC beef cattle feedlot animal #4228 pen 301 was negative STEC O157 clone 6-4B22,9,-14.0,0.91015625,1.0,0.16119094489633845,1092.0,1706.8715417915248,0.7133031738784577,0.9207147820005681,0.1111111111111111,True,1.0,12820.0,Healthy,Male,Placebo-resistant (STRICT-ADAPTIVE)
40537, g__Actinomyces, s__unclassified, p__Actinobacteria, c__Actinobacteria, o__Actinomycetales, f__Actinomycetaceae,k__Bacteria; p__Actinobacteria; c__Actinobacteria; o__Actinomycetales; f__Actinomycetaceae; g__Actinomyces; s__unclassified; 40537; AJ243792.1 gg_id:16513 Actinomyces cf. urogenitalis M560/98/1, AJ243792.1 gg_id:16513 Actinomyces cf. urogenitalis M560/98/1,9,-564.0,0.25,1.0,0.13578775128920542,1258.0,1133.103472729261,0.7750513736700824,0.9376534160753778,0.08888888888888889,True,1.0,8679.0,Healthy,Male,Placebo-resistant (STRICT-ADAPTIVE)
56208, g__Akkermansia, s__unclassified, p__Verrucomicrobia, c__Verrucomicrobiae, o__Verrucomicrobiales, f__Verrucomicrobiaceae,k__Bacteria; p__Verrucomicrobia; c__Verrucomicrobiae; o__Verrucomicrobiales; f__Verrucomicrobiaceae; g__Akkermansia; s__unclassified; 56208; EU506595.1 gg_id:269033 cecal contents Mus musculus strain C57BL/6J; MD20 clone MD20_aap53a03, EU506595.1 gg_id:269033 cecal contents Mus musculus strain C57BL/6J MD20 clone MD20_aap53a03,9,297.0,0.25,1.0,0.10364380202886263,1070.0,718.9285007565078,0.7133031738784577,0.9207147820005681,0.1111111111111111,True,1.0,10109.0,Healthy,Male,Placebo-resistant (STRICT-ADAPTIVE)
19527, g__Lachnospira, s__unclassified, p__Firmicutes, c__Clostridia, o__Clostridiales, f__Lachnospiraceae,k__Bacteria; p__Firmicutes; c__Clostridia; o__Clostridiales; f__Lachnospiraceae; g__Lachnospira; s__unclassified; 19527; DQ797586.1 gg_id:197341 human fecal clone RL206_aaj13d03, DQ797586.1 gg_id:197341 human fecal clone RL206_aaj13d03,9,156.0,0.91015625,1.0,0.054912712658681195,815.0,569.7340544499688,0.9025232501776794,0.9754023282151151,-0.044444444444444446,True,1.0,12626.0,Healthy,Male,Placebo-resistant (STRICT-ADAPTIVE)
26415, g__Faecalibacterium, s__unclassified, p__Firmicutes, c__Clostridia, o__Clostridiales, f__Ruminococcaceae,k__Bacteria; p__Firmicutes; c__Clostridia; o__Clostridiales; f__Ruminococcaceae; g__Faecalibacterium; s__unclassified; 26415; FJ368096.1 gg_id:357577 feces adult twins and mothers; TS30 clone TS30_a03h12, FJ368096.1 gg_id:357577 feces adult twins and mothers TS30 clone TS30_a03h12,9,128.0,0.65234375,1.0,0.036754446071044125,460.0,482.12184287561354,0.7133031738784577,0.9207147820005681,-0.1111111111111111,True,1.0,12564.0,Healthy,Male,Placebo-resistant (STRICT-ADAPTIVE)
26572, g__Faecalibacterium, s__Faecalibacterium prausnitzii, p__Firmicutes, c__Clostridia, o__Clostridiales, f__Ruminococcaceae,k__Bacteria; p__Firmicutes; c__Clostridia; o__Clostridiales; f__Ruminococcaceae; g__Faecalibacterium; s__Faecalibacterium prausnitzii; 26572; FJ363314.1 gg_id:364280 feces adult twins and mothers; TS149 clone TS149_a01g05, FJ363314.1 gg_id:364280 feces adult twins and mothers TS149 clone TS149_a01g05,9,-46.0,0.91015625,1.0,0.07150983333114311,718.0,791.2418091694711,0.7750513736700824,0.9376534160753778,0.08888888888888889,True,1.0,14004.0,Healthy,Male,Placebo-resistant (STRICT-ADAPTIVE)
25034, g__Faecalibacterium, s__unclassified, p__Firmicutes, c__Clostridia, o__Clostridiales, f__Ruminococcaceae,k__Bacteria; p__Firmicutes; c__Clostridia; o__Clostridiales; f__Ruminococcaceae; g__Faecalibacterium; s__unclassified; 25034; EF402269.1 gg_id:211130 human fecal clone SJTU_B_05_74, EF402269.1 gg_id:211130 human fecal clone SJTU_B_05_74,9,-5.0,0.65234375,1.0,0.017061567929033048,331.0,219.58154111855578,0.6533789106936937,0.9002109436224224,0.13333333333333333,True,1.0,14223.0,Healthy,Male,Placebo-resistant (STRICT-ADAPTIVE)
67453, g__Prevotella, s__unclassified, p__Bacteroidetes, c__Bacteroidia, o__Bacteroidales, f__Prevotellaceae,k__Bacteria; p__Bacteroidetes; c__Bacteroidia; o__Bacteroidales; f__Prevotellaceae; g__Prevotella; s__unclassified; 67453; DQ801108.1 gg_id:176761 human fecal clone RL387_aao92c09, DQ801108.1 gg_id:176761 human fecal clone RL387_aao92c09,9,244.0,0.734375,1.0,0.11441983522387648,1347.0,1131.8274488238528,0.9025232501776794,0.9754023282151151,0.044444444444444446,True,1.0,13793.0,Healthy,Male,Placebo-resistant (STRICT-ADAPTIVE)
20447, g__unclassified, s__unclassified, p__Firmicutes, c__Clostridia, o__Clostridiales, f__Lachnospiraceae,k__Bacteria; p__Firmicutes; c__Clostridia; o__Clostridiales; f__Lachnospiraceae; g__unclassified; s__unclassified; 20447; FJ363748.1 gg_id:366612 feces adult twins and mothers; TS14 clone TS14_a02g11, FJ363748.1 gg_id:366612 feces adult twins and mothers TS14 clone TS14_a02g11,9,122.0,0.65234375,1.0,0.050432233116846165,642.0,427.3085450948894,0.7750513736700824,0.9376534160753778,-0.08888888888888889,True,1.0,10903.0,Healthy,Male,Placebo-resistant (STRICT-ADAPTIVE)
3112, g__unclassified, s__unclassified, p__Proteobacteria, c__Gammaproteobacteria, o__Chromatiales, f__Chromatiaceae,k__Bacteria; p__Proteobacteria; c__Gammaproteobacteria; o__Chromatiales; f__Chromatiaceae; g__unclassified; s__unclassified; 3112; GU061223.1 gg_id:560363 Evaluation culturing methods cultivate previously Yel Sea intertidal beach seawater 5 m depth clone 5m-26, GU061223.1 gg_id:560363 Evaluation culturing methods cultivate previously Yel Sea intertidal beach seawater 5 m depth clone 5m-26,9,47.0,0.49609375,1.0,0.06929748776705916,764.0,562.2380900571493,0.8382564863858263,0.9581536201140475,-0.06666666666666667,True,1.0,11972.0,Healthy,Male,Placebo-resistant (STRICT-ADAPTIVE)
39503, g__Streptomyces, s__Streptomyces chrestomyceticus, p__Actinobacteria, c__Actinobacteria, o__Actinomycetales, f__Streptomycetaceae,k__Bacteria; p__Actinobacteria; c__Actinobacteria; o__Actinomycetales; f__Streptomycetaceae; g__Streptomyces; s__Streptomyces chrestomyceticus; 39503; X81573.1 gg_id:11846 Amycolatopsis lurida str. DSM43187, X81573.1 gg_id:11846 Amycolatopsis lurida str. DSM43187,9,162.0,0.49609375,1.0,0.04517380354750314,681.0,516.0087764542167,0.7750513736700824,0.9376534160753778,0.08888888888888889,True,1.0,13418.0,Healthy,Male,Placebo-resistant (STRICT-ADAPTIVE)
40723, g__Arthrobacter, s__unclassified, p__Actinobacteria, c__Actinobacteria, o__Actinomycetales, f__Micrococcaceae,k__Bacteria; p__Actinobacteria; c__Actinobacteria; o__Actinomycetales; f__Micrococcaceae; g__Arthrobacter; s__unclassified; 40723; EU466295.1 gg_id:300985 bighorn sheep feces clone BH2_aao21e07, EU466295.1 gg_id:300985 bighorn sheep feces clone BH2_aao21e07,9,-60.0,0.49609375,1.0,0.037770789211286966,383.0,408.8571809324131,0.9025232501776794,0.9754023282151151,0.044444444444444446,True,1.0,12322.0,Healthy,Male,Placebo-resistant (STRICT-ADAPTIVE)
50557, g__Veillonella, s__Veillonella dispar, p__Firmicutes, c__Clostridia, o__Clostridiales, f__Veillonellaceae,k__Bacteria; p__Firmicutes; c__Clostridia; o__Clostridiales; f__Veillonellaceae; g__Veillonella; s__Veillonella dispar; 50557; GQ033104.1 gg_id:434692 Topographical and Temporal Human Skin Microbiome skin antecubital fossa clone nbw1024g01c1, GQ033104.1 gg_id:434692 Topographical and Temporal Human Skin Microbiome skin antecubital fossa clone nbw1024g01c1,9,379.0,1.0,1.0,0.2109553473892625,4227.0,2248.592655012859,0.9025232501776794,0.9754023282151151,0.044444444444444446,True,1.0,11384.0,Healthy,Male,Placebo-resistant (STRICT-ADAPTIVE)
5754, g__Citrobacter, s__unclassified, p__Proteobacteria, c__Gammaproteobacteria, o__Enterobacteriales, f__Enterobacteriaceae,k__Bacteria; p__Proteobacteria; c__Gammaproteobacteria; o__Enterobacteriales; f__Enterobacteriaceae; g__Citrobacter; s__unclassified; 5754; GQ154756.1 gg_id:510480 Human gut microbiome adopts alternative state bowel transplantation ileum intestinal transplant clone SHZA473, GQ154756.1 gg_id:510480 Human gut microbiome adopts alternative state bowel transplantation ileum intestinal transplant clone SHZA473,9,-248.0,0.65234375,1.0,0.1562834503842471,1301.0,1694.237948105283,0.9025232501776794,0.9754023282151151,0.044444444444444446,True,1.0,10136.0,Healthy,Male,Placebo-resistant (STRICT-ADAPTIVE)
43335, g__Lactococcus, s__Lactococcus lactis, p__Firmicutes, c__Bacilli, o__Lactobacillales, f__Streptococcaceae,k__Bacteria; p__Firmicutes; c__Bacilli; o__Lactobacillales; f__Streptococcaceae; g__Lactococcus; s__Lactococcus lactis; 43335; AY348313.1 gg_id:93048 Lactococcus lactis str. Akira2, AY348313.1 gg_id:93048 Lactococcus lactis str. Akira2,9,-471.0,0.65234375,1.0,0.16465687496909187,1465.0,1803.7489337611385,0.967435545139537,0.9928887934220945,-0.022222222222222223,True,1.0,9756.0,Healthy,Male,Placebo-resistant (STRICT-ADAPTIVE)
24940, g__Faecalibacterium, s__unclassified, p__Firmicutes, c__Clostridia, o__Clostridiales, f__Ruminococcaceae,k__Bacteria; p__Firmicutes; c__Clostridia; o__Clostridiales; f__Ruminococcaceae; g__Faecalibacterium; s__unclassified; 24940; FJ683292.1 gg_id:516858 Synecology primary and secondary habitats Escherichia coli O157:H7 fecal MARC beef cattle feedlot animal #4351 pen 301; was negative STEC O157 clone 8-6D21, FJ683292.1 gg_id:516858 Synecology primary and secondary habitats Escherichia coli O157:H7 fecal MARC beef cattle feedlot animal #4351 pen 301 was negative STEC O157 clone 8-6D21,9,-17.0,0.65234375,1.0,0.018888221720454443,351.0,190.74349559319475,0.8382564863858263,0.9581536201140475,0.06666666666666667,True,1.0,13624.0,Healthy,Male,Placebo-resistant (STRICT-ADAPTIVE)
5498, g__Klebsiella, s__unclassified, p__Proteobacteria, c__Gammaproteobacteria, o__Enterobacteriales, f__Enterobacteriaceae,k__Bacteria; p__Proteobacteria; c__Gammaproteobacteria; o__Enterobacteriales; f__Enterobacteriaceae; g__Klebsiella; s__unclassified; 5498; EU661378.1 gg_id:278276 Klebsiella pneumoniae str. K42, EU661378.1 gg_id:278276 Klebsiella pneumoniae str. K42,9,-404.0,0.734375,1.0,0.12740093144731834,1511.0,1109.9703525770406,0.6533789106936937,0.9002109436224224,0.13333333333333333,True,1.0,10460.0,Healthy,Male,Placebo-resistant (STRICT-ADAPTIVE)
50982, g__unclassified, s__unclassified, p__Acidobacteria, c__Acidobacteria, o__Acidobacteriales, f__Acidobacteriaceae,k__Bacteria; p__Acidobacteria; c__Acidobacteria; o__Acidobacteriales; f__Acidobacteriaceae; g__unclassified; s__unclassified; 50982; EF492914.1 gg_id:243138 Iron-manganese Nodule and Its Surrounding Soil soil around iron-manganese nodule clone JH-WH54, EF492914.1 gg_id:243138 Iron-manganese Nodule and Its Surrounding Soil soil around iron-manganese nodule clone JH-WH54,9,93.0,0.5703125,1.0,0.060704875641129745,585.0,632.9251447051223,0.967435545139537,0.9928887934220945,-0.022222222222222223,True,1.0,12468.0,Healthy,Male,Placebo-resistant (STRICT-ADAPTIVE)
24673, g__Faecalibacterium, s__unclassified, p__Firmicutes, c__Clostridia, o__Clostridiales, f__Ruminococcaceae,k__Bacteria; p__Firmicutes; c__Clostridia; o__Clostridiales; f__Ruminococcaceae; g__Faecalibacterium; s__unclassified; 24673; DQ326396.1 gg_id:147155 Metagenomic gut microbiome healthy human stool clone C433, DQ326396.1 gg_id:147155 Metagenomic gut microbiome healthy human stool clone C433,9,22.0,0.734375,1.0,0.13272491354192817,672.0,1204.0130395934718,0.7133031738784577,0.9207147820005681,0.1111111111111111,True,1.0,13337.0,Healthy,Male,Placebo-resistant (STRICT-ADAPTIVE)
51329, g__unclassified, s__unclassified, p__Acidobacteria, c__Acidobacteria, o__Acidobacteriales, f__Acidobacteriaceae,k__Bacteria; p__Acidobacteria; c__Acidobacteria; o__Acidobacteriales; f__Acidobacteriaceae; g__unclassified; s__unclassified; 51329; DQ837260.1 gg_id:256297 Archaeal and pristine National Park Spain Donana coastal aquifer clone 49S1_2B_67, DQ837260.1 gg_id:256297 Archaeal and pristine National Park Spain Donana coastal aquifer clone 49S1_2B_67,9,-18.0,0.49609375,1.0,0.027301890733071474,439.0,275.31624854176533,0.6533789106936937,0.9002109436224224,0.13333333333333333,True,1.0,12845.0,Healthy,Male,Placebo-resistant (STRICT-ADAPTIVE)
68935, g__Bacteroides, s__Bacteroides ovatus, p__Bacteroidetes, c__Bacteroidia, o__Bacteroidales, f__Bacteroidaceae,k__Bacteria; p__Bacteroidetes; c__Bacteroidia; o__Bacteroidales; f__Bacteroidaceae; g__Bacteroides; s__Bacteroides ovatus; 68935; EU762338.1 gg_id:345835 Pervasive effects antibiotic on human gut microbiota deep sequencing fecal clone Ax2_110, EU762338.1 gg_id:345835 Pervasive effects antibiotic on human gut microbiota deep sequencing fecal clone Ax2_110,9,219.0,0.8203125,1.0,0.08504261767715549,972.0,1199.968668924318,0.9025232501776794,0.9754023282151151,0.044444444444444446,True,1.0,12142.0,Healthy,Male,Placebo-resistant (STRICT-ADAPTIVE)
34158, g__Corynebacterium, s__unclassified, p__Actinobacteria, c__Actinobacteria, o__Actinomycetales, f__Corynebacteriaceae,k__Bacteria; p__Actinobacteria; c__Actinobacteria; o__Actinomycetales; f__Corynebacteriaceae; g__Corynebacterium; s__unclassified; 34158; GQ025486.1 gg_id:456315 Topographical and Temporal Human Skin Microbiome skin retroauricular crease clone nbw723d03c1, GQ025486.1 gg_id:456315 Topographical and Temporal Human Skin Microbiome skin retroauricular crease clone nbw723d03c1,9,560.0,0.65234375,1.0,0.10207022550033554,1305.0,900.1808147502614,1.0,1.0,0.0,True,1.0,10656.0,Healthy,Male,Placebo-resistant (STRICT-ADAPTIVE)
58293, g__sfA, s__unclassified, p__Acidobacteria, c__MVS-40, o__unclassified, f__unclassified,k__Bacteria; p__Acidobacteria; c__MVS-40; o__unclassified; f__unclassified; g__sfA; s__unclassified; 58293; EU132238.1 gg_id:237679 tallgrass prarie soil clone FFCH15579, EU132238.1 gg_id:237679 tallgrass prarie soil clone FFCH15579,9,267.0,0.5703125,1.0,0.05463609160479829,1011.0,589.9216758557397,0.7133031738784577,0.9207147820005681,-0.1111111111111111,True,1.0,12592.0,Healthy,Male,Placebo-resistant (STRICT-ADAPTIVE)
26630, g__unclassified, s__unclassified, p__Firmicutes, c__Clostridia, o__Clostridiales, f__Ruminococcaceae,k__Bacteria; p__Firmicutes; c__Clostridia; o__Clostridiales; f__Ruminococcaceae; g__unclassified; s__unclassified; 26630; EU778221.1 gg_id:306021 feces clone RL387_aao90e02, EU778221.1 gg_id:306021 feces clone RL387_aao90e02,9,155.0,0.42578125,1.0,0.08842827245748096,876.0,824.8047739920034,0.7750513736700824,0.9376534160753778,-0.08888888888888889,True,1.0,13069.0,Healthy,Male,Placebo-resistant (STRICT-ADAPTIVE)
58197, g__sfA, s__unclassified, p__GN04, c__GN15, o__unclassified, f__unclassified,k__Bacteria; p__GN04; c__GN15; o__unclassified; f__unclassified; g__sfA; s__unclassified; 58197; EU245804.1 gg_id:257757 Miniprimer new lens viewing world hypersaline microbial mat clone MAT-CR-M6-F03, EU245804.1 gg_id:257757 Miniprimer new lens viewing world hypersaline microbial mat clone MAT-CR-M6-F03,9,-409.0,0.8203125,1.0,0.1810462911316399,970.0,1419.8308340237031,0.7133031738784577,0.9207147820005681,0.1111111111111111,True,1.0,10629.0,Healthy,Male,Placebo-resistant (STRICT-ADAPTIVE)
48809, g__Bacillus, s__unclassified, p__Firmicutes, c__Bacilli, o__Bacillales, f__Bacillaceae,k__Bacteria; p__Firmicutes; c__Bacilli; o__Bacillales; f__Bacillaceae; g__Bacillus; s__unclassified; 48809; AY167806.1 gg_id:77320 Bacillus licheniformis str. SAFN-031, AY167806.1 gg_id:77320 Bacillus licheniformis str. SAFN-031,9,-19.0,1.0,1.0,0.025979896361561738,353.0,304.90074567162196,0.8702263458891504,0.9754023282151151,0.03333333333333333,True,1.0,13345.0,Healthy,Male,Placebo-resistant (STRICT-ADAPTIVE)
41673, g__sfA, s__unclassified, p__Actinobacteria, c__Actinobacteria, o__unclassified, f__unclassified,k__Bacteria; p__Actinobacteria; c__Actinobacteria; o__unclassified; f__unclassified; g__sfA; s__unclassified; 41673; GQ010603.1 gg_id:499063 Topographical and Temporal Human Skin Microbiome skin antecubital fossa clone nbw788b11c1, GQ010603.1 gg_id:499063 Topographical and Temporal Human Skin Microbiome skin antecubital fossa clone nbw788b11c1,9,631.0,0.359375,1.0,0.14895132984618104,1461.0,1067.630403359598,0.967435545139537,0.9928887934220945,0.022222222222222223,True,1.0,10083.0,Healthy,Male,Placebo-resistant (STRICT-ADAPTIVE)
41147, g__Microbacterium, s__Microbacterium kitamiense, p__Actinobacteria, c__Actinobacteria, o__Actinomycetales, f__Microbacteriaceae,k__Bacteria; p__Actinobacteria; c__Actinobacteria; o__Actinomycetales; f__Microbacteriaceae; g__Microbacterium; s__Microbacterium kitamiense; 41147; AB004726.1 gg_id:12238 Microbacterium laevaniformans str. IFO15234T, AB004726.1 gg_id:12238 Microbacterium laevaniformans str. IFO15234T,9,-29.0,0.5703125,1.0,0.05914666014676783,1029.0,536.6211421270855,0.6533789106936937,0.9002109436224224,0.13333333333333333,True,1.0,10999.0,Healthy,Male,Placebo-resistant (STRICT-ADAPTIVE)
25039, g__Faecalibacterium, s__unclassified, p__Firmicutes, c__Clostridia, o__Clostridiales, f__Ruminococcaceae,k__Bacteria; p__Firmicutes; c__Clostridia; o__Clostridiales; f__Ruminococcaceae; g__Faecalibacterium; s__unclassified; 25039; DQ796342.1 gg_id:192023 human fecal clone RL179_aah26a05, DQ796342.1 gg_id:192023 human fecal clone RL179_aah26a05,9,108.0,0.65234375,1.0,0.02187016443521643,464.0,348.6725237239092,0.9025232501776794,0.9754023282151151,-0.044444444444444446,True,1.0,13330.0,Healthy,Male,Placebo-resistant (STRICT-ADAPTIVE)
5326, g__unclassified, s__unclassified, p__Proteobacteria, c__Gammaproteobacteria, o__Enterobacteriales, f__Enterobacteriaceae,k__Bacteria; p__Proteobacteria; c__Gammaproteobacteria; o__Enterobacteriales; f__Enterobacteriaceae; g__unclassified; s__unclassified; 5326; EU470599.1 gg_id:303181 red panda feces clone RP_1aaa01f04, EU470599.1 gg_id:303181 red panda feces clone RP_1aaa01f04,9,266.0,0.49609375,1.0,0.1006724559705419,1104.0,980.5244265754479,0.7750513736700824,0.9376534160753778,-0.08888888888888889,True,1.0,12372.0,Healthy,Male,Placebo-resistant (STRICT-ADAPTIVE)
304, g__Pseudomonas, s__unclassified, p__Proteobacteria, c__Gammaproteobacteria, o__Pseudomonadales, f__Pseudomonadaceae,k__Bacteria; p__Proteobacteria; c__Gammaproteobacteria; o__Pseudomonadales; f__Pseudomonadaceae; g__Pseudomonas; s__unclassified; 304; EU537190.1 gg_id:286488 profile human microbiota antecubital fossa (inner elbow) skin clone nbt68b06, EU537190.1 gg_id:286488 profile human microbiota antecubital fossa (inner elbow) skin clone nbt68b06,9,-109.0,0.65234375,1.0,0.042198138064766404,416.0,359.7533368542643,0.7438630522159773,0.9376534160753778,-0.12222222222222222,True,1.0,11674.0,Healthy,Male,Placebo-resistant (STRICT-ADAPTIVE)
25370, g__Faecalibacterium, s__unclassified, p__Firmicutes, c__Clostridia, o__Clostridiales, f__Ruminococcaceae,k__Bacteria; p__Firmicutes; c__Clostridia; o__Clostridiales; f__Ruminococcaceae; g__Faecalibacterium; s__unclassified; 25370; FJ682107.1 gg_id:516615 Synecology primary and secondary habitats Escherichia coli O157:H7 fecal MARC beef cattle feedlot animal #4351 pen 301; was negative STEC O157 clone 8-1N3, FJ682107.1 gg_id:516615 Synecology primary and secondary habitats Escherichia coli O157:H7 fecal MARC beef cattle feedlot animal #4351 pen 301 was negative STEC O157 clone 8-1N3,9,-15.0,0.8203125,1.0,0.13673219179197474,982.0,1170.4711210448552,0.7133031738784577,0.9207147820005681,0.1111111111111111,True,1.0,13024.0,Healthy,Male,Placebo-resistant (STRICT-ADAPTIVE)
50379, g__Veillonella, s__unclassified, p__Firmicutes, c__Clostridia, o__Clostridiales, f__Veillonellaceae,k__Bacteria; p__Firmicutes; c__Clostridia; o__Clostridiales; f__Veillonellaceae; g__Veillonella; s__unclassified; 50379; GQ113791.1 gg_id:414090 Topographical and Temporal Human Skin Microbiome skin volar forearm clone nbw635h08c1, GQ113791.1 gg_id:414090 Topographical and Temporal Human Skin Microbiome skin volar forearm clone nbw635h08c1,9,394.0,0.734375,1.0,0.12227335707987642,2657.0,1344.443527230174,0.9025232501776794,0.9754023282151151,-0.044444444444444446,True,1.0,11855.0,Healthy,Male,Placebo-resistant (STRICT-ADAPTIVE)
34945, g__Corynebacterium, s__unclassified, p__Actinobacteria, c__Actinobacteria, o__Actinomycetales, f__Corynebacteriaceae,k__Bacteria; p__Actinobacteria; c__Actinobacteria; o__Actinomycetales; f__Corynebacteriaceae; g__Corynebacterium; s__unclassified; 34945; GQ062533.1 gg_id:419864 Topographical and Temporal Human Skin Microbiome skin interdigital web space clone nbw33g06c1, GQ062533.1 gg_id:419864 Topographical and Temporal Human Skin Microbiome skin interdigital web space clone nbw33g06c1,9,186.0,0.8203125,1.0,0.043313241025705614,429.0,507.4373860881754,0.967435545139537,0.9928887934220945,-0.022222222222222223,True,1.0,12355.0,Healthy,Male,Placebo-resistant (STRICT-ADAPTIVE)
28516, g__Corynebacterium, s__unclassified, p__Actinobacteria, c__Actinobacteria, o__Actinomycetales, f__Corynebacteriaceae,k__Bacteria; p__Actinobacteria; c__Actinobacteria; o__Actinomycetales; f__Corynebacteriaceae; g__Corynebacterium; s__unclassified; 28516; GQ005197.1 gg_id:504466 Topographical and Temporal Human Skin Microbiome skin toe web space clone nbu75c02c1, GQ005197.1 gg_id:504466 Topographical and Temporal Human Skin Microbiome skin toe web space clone nbu75c02c1,9,6.0,0.91015625,1.0,0.027348864335855483,300.0,323.3492693667329,0.7750513736700824,0.9376534160753778,0.08888888888888889,True,1.0,13631.0,Healthy,Male,Placebo-resistant (STRICT-ADAPTIVE)
15666, g__Massilia, s__Massilia timonae, p__Proteobacteria, c__Betaproteobacteria, o__Burkholderiales, f__Oxalobacteraceae,k__Bacteria; p__Proteobacteria; c__Betaproteobacteria; o__Burkholderiales; f__Oxalobacteraceae; g__Massilia; s__Massilia timonae; 15666; AM412141.1 gg_id:235451 Oxalobacter sp. str. P-154, AM412141.1 gg_id:235451 Oxalobacter sp. str. P-154,9,-46.0,0.91015625,1.0,0.05691333499583756,713.0,503.30995808856306,0.7133031738784577,0.9207147820005681,0.1111111111111111,True,1.0,12425.0,Healthy,Male,Placebo-resistant (STRICT-ADAPTIVE)
50761, g__Veillonella, s__Veillonella dispar, p__Firmicutes, c__Clostridia, o__Clostridiales, f__Veillonellaceae,k__Bacteria; p__Firmicutes; c__Clostridia; o__Clostridiales; f__Veillonellaceae; g__Veillonella; s__Veillonella dispar; 50761; GQ027702.1 gg_id:462502 Topographical and Temporal Human Skin Microbiome skin volar forearm clone nbw905h12c1, GQ027702.1 gg_id:462502 Topographical and Temporal Human Skin Microbiome skin volar forearm clone nbw905h12c1,9,119.0,0.4765625,1.0,0.1534730926297127,1345.0,1270.2690874159084,0.9674212610240318,0.9928887934220945,0.022222222222222223,True,1.0,11265.0,Healthy,Male,Placebo-resistant (STRICT-ADAPTIVE)
15937, g__Comamonas, s__unclassified, p__Proteobacteria, c__Betaproteobacteria, o__Burkholderiales, f__Comamonadaceae,k__Bacteria; p__Proteobacteria; c__Betaproteobacteria; o__Burkholderiales; f__Comamonadaceae; g__Comamonas; s__unclassified; 15937; DQ824755.1 gg_id:189547 human fecal clone RL185_aaj72g08, DQ824755.1 gg_id:189547 human fecal clone RL185_aaj72g08,9,-204.0,0.30078125,1.0,0.053140983440522614,858.0,522.3797423331039,0.6533789106936937,0.9002109436224224,0.13333333333333333,True,1.0,11493.0,Healthy,Male,Placebo-resistant (STRICT-ADAPTIVE)
17652, g__Roseburia, s__Eubacterium rectale, p__Firmicutes, c__Clostridia, o__Clostridiales, f__Lachnospiraceae,k__Bacteria; p__Firmicutes; c__Clostridia; o__Clostridiales; f__Lachnospiraceae; g__Roseburia; s__Eubacterium rectale; 17652; DQ795543.1 gg_id:197014 human fecal clone RL178_aan65h12, DQ795543.1 gg_id:197014 human fecal clone RL178_aan65h12,9,-560.0,0.49609375,1.0,0.07083372384613118,1376.0,860.2854691321945,0.6533789106936937,0.9002109436224224,0.13333333333333333,True,1.0,13378.0,Healthy,Male,Placebo-resistant (STRICT-ADAPTIVE)
26658, g__Clostridium, s__unclassified, p__Firmicutes, c__Clostridia, o__Clostridiales, f__Ruminococcaceae,k__Bacteria; p__Firmicutes; c__Clostridia; o__Clostridiales; f__Ruminococcaceae; g__Clostridium; s__unclassified; 26658; AM277367.2 gg_id:228080 fecal microbiota irritable bowel syndrome patients significantly that healthy subjects human faecal clone AP07S.64, AM277367.2 gg_id:228080 fecal microbiota irritable bowel syndrome patients significantly that healthy subjects human faecal clone AP07S.64,9,116.0,0.66796875,1.0,0.03282230557567213,625.0,389.02606756417293,0.6533789106936937,0.9002109436224224,0.13333333333333333,True,1.0,13526.0,Healthy,Male,Placebo-resistant (STRICT-ADAPTIVE)
72926, g__Clostridium, s__unclassified, p__Firmicutes, c__Clostridia, o__Clostridiales, f__Clostridiaceae,k__Bacteria; p__Firmicutes; c__Clostridia; o__Clostridiales; f__Clostridiaceae; g__Clostridium; s__unclassified; 72926; AB487443.1 gg_id:551963 Microbial responsive denitrification-inducing conditions rice paddy soil clone TSNIR003_P04, AB487443.1 gg_id:551963 Microbial responsive denitrification-inducing conditions rice paddy soil clone TSNIR003_P04,9,197.0,0.8203125,1.0,0.09938992486011125,980.0,889.3230331987234,0.7750513736700824,0.9376534160753778,0.08888888888888889,True,1.0,12712.0,Healthy,Male,Placebo-resistant (STRICT-ADAPTIVE)
3562, g__Acinetobacter, s__unclassified, p__Proteobacteria, c__Gammaproteobacteria, o__Pseudomonadales, f__Moraxellaceae,k__Bacteria; p__Proteobacteria; c__Gammaproteobacteria; o__Pseudomonadales; f__Moraxellaceae; g__Acinetobacter; s__unclassified; 3562; GQ045794.1 gg_id:391261 Topographical and Temporal Human Skin Microbiome skin antecubital fossa clone nbu550c08c1, GQ045794.1 gg_id:391261 Topographical and Temporal Human Skin Microbiome skin antecubital fossa clone nbu550c08c1,9,234.0,0.5703125,1.0,0.1750594944859296,2081.0,1372.9816450015312,0.9025232501776794,0.9754023282151151,0.044444444444444446,True,1.0,8439.0,Healthy,Male,Placebo-resistant (STRICT-ADAPTIVE)
26435, g__Faecalibacterium, s__unclassified, p__Firmicutes, c__Clostridia, o__Clostridiales, f__Ruminococcaceae,k__Bacteria; p__Firmicutes; c__Clostridia; o__Clostridiales; f__Ruminococcaceae; g__Faecalibacterium; s__unclassified; 26435; DQ801695.1 gg_id:185663 human fecal clone RL201_aai45f02, DQ801695.1 gg_id:185663 human fecal clone RL201_aai45f02,9,-64.0,1.0,1.0,0.025654590674476264,388.0,360.3358241665374,0.967435545139537,0.9928887934220945,0.022222222222222223,True,1.0,13538.0,Healthy,Male,Placebo-resistant (STRICT-ADAPTIVE)
25395, g__Faecalibacterium, s__unclassified, p__Firmicutes, c__Clostridia, o__Clostridiales, f__Ruminococcaceae,k__Bacteria; p__Firmicutes; c__Clostridia; o__Clostridiales; f__Ruminococcaceae; g__Faecalibacterium; s__unclassified; 25395; FJ673672.1 gg_id:524310 Synecology primary and secondary habitats Escherichia coli O157:H7 fecal MARC beef cattle feedlot animal #4262 pen 301; was positive STEC O157 clone 130-5P13, FJ673672.1 gg_id:524310 Synecology primary and secondary habitats Escherichia coli O157:H7 fecal MARC beef cattle feedlot animal #4262 pen 301 was positive STEC O157 clone 130-5P13,9,327.0,0.49609375,1.0,0.14855268385808845,1284.0,1416.8668406656209,0.967435545139537,0.9928887934220945,-0.022222222222222223,True,1.0,11783.0,Healthy,Male,Placebo-resistant (STRICT-ADAPTIVE)
24344, g__unclassified, s__unclassified, p__Firmicutes, c__Clostridia, o__Clostridiales, f__Lachnospiraceae,k__Bacteria; p__Firmicutes; c__Clostridia; o__Clostridiales; f__Lachnospiraceae; g__unclassified; s__unclassified; 24344; FJ681997.1 gg_id:522026 Synecology primary and secondary habitats Escherichia coli O157:H7 fecal MARC beef cattle feedlot animal #4351 pen 301; was negative STEC O157 clone 8-1E7, FJ681997.1 gg_id:522026 Synecology primary and secondary habitats Escherichia coli O157:H7 fecal MARC beef cattle feedlot animal #4351 pen 301 was negative STEC O157 clone 8-1E7,9,27.0,0.5703125,1.0,0.04236471640004866,506.0,442.24595424316146,0.9025232501776794,0.9754023282151151,0.044444444444444446,True,1.0,13244.0,Healthy,Male,Placebo-resistant (STRICT-ADAPTIVE)
55248, g__Akkermansia, s__Akkermansia muciniphila, p__Verrucomicrobia, c__Verrucomicrobiae, o__Verrucomicrobiales, f__Verrucomicrobiaceae,k__Bacteria; p__Verrucomicrobia; c__Verrucomicrobiae; o__Verrucomicrobiales; f__Verrucomicrobiaceae; g__Akkermansia; s__Akkermansia muciniphila; 55248; AY986145.1 gg_id:116910 human stool clone D491, AY986145.1 gg_id:116910 human stool clone D491,9,91.0,0.65234375,1.0,0.07135978331712398,1408.0,751.9979039273388,0.8382564863858263,0.9581536201140475,0.06666666666666667,True,1.0,11983.0,Healthy,Male,Placebo-resistant (STRICT-ADAPTIVE)
54919, g__Akkermansia, s__unclassified, p__Verrucomicrobia, c__Verrucomicrobiae, o__Verrucomicrobiales, f__Verrucomicrobiaceae,k__Bacteria; p__Verrucomicrobia; c__Verrucomicrobiae; o__Verrucomicrobiales; f__Verrucomicrobiaceae; g__Akkermansia; s__unclassified; 54919; EU006393.1 gg_id:253279 Salmonella enterica serovar typhimurium exploits inflammation compete intestinal microbiota fecal clone 16saw17a01.p1k, EU006393.1 gg_id:253279 Salmonella enterica serovar typhimurium exploits inflammation compete intestinal microbiota fecal clone 16saw17a01.p1k,9,44.0,1.0,1.0,0.08266828125306255,875.0,882.8833937603412,0.7133031738784577,0.9207147820005681,0.1111111111111111,True,1.0,13250.0,Healthy,Male,Placebo-resistant (STRICT-ADAPTIVE)
26601, g__Faecalibacterium, s__unclassified, p__Firmicutes, c__Clostridia, o__Clostridiales, f__Ruminococcaceae,k__Bacteria; p__Firmicutes; c__Clostridia; o__Clostridiales; f__Ruminococcaceae; g__Faecalibacterium; s__unclassified; 26601; FJ678240.1 gg_id:525494 Synecology primary and secondary habitats Escherichia coli O157:H7 fecal MARC beef cattle feedlot animal #4017 pen 301; was positive STEC O157 clone 4-4J22, FJ678240.1 gg_id:525494 Synecology primary and secondary habitats Escherichia coli O157:H7 fecal MARC beef cattle feedlot animal #4017 pen 301 was positive STEC O157 clone 4-4J22,9,27.0,0.91015625,1.0,0.08007205594344081,669.0,787.5325687515689,0.9025232501776794,0.9754023282151151,0.044444444444444446,True,1.0,14114.0,Healthy,Male,Placebo-resistant (STRICT-ADAPTIVE)
26502, g__Faecalibacterium, s__Faecalibacterium prausnitzii, p__Firmicutes, c__Clostridia, o__Clostridiales, f__Ruminococcaceae,k__Bacteria; p__Firmicutes; c__Clostridia; o__Clostridiales; f__Ruminococcaceae; g__Faecalibacterium; s__Faecalibacterium prausnitzii; 26502; FJ677780.1 gg_id:514577 Synecology primary and secondary habitats Escherichia coli O157:H7 fecal MARC beef cattle feedlot animal #4225 pen 301; was negative STEC O157 clone 3-3L21, FJ677780.1 gg_id:514577 Synecology primary and secondary habitats Escherichia coli O157:H7 fecal MARC beef cattle feedlot animal #4225 pen 301 was negative STEC O157 clone 3-3L21,9,50.0,1.0,1.0,0.06441181072362238,498.0,734.6394144370722,0.9025232501776794,0.9754023282151151,0.044444444444444446,True,1.0,14057.0,Healthy,Male,Placebo-resistant (STRICT-ADAPTIVE)
71736, g__Bulleidia, s__unclassified, p__Tenericutes, c__Erysipelotrichi, o__Erysipelotrichales, f__Erysipelotrichaceae,k__Bacteria; p__Tenericutes; c__Erysipelotrichi; o__Erysipelotrichales; f__Erysipelotrichaceae; g__Bulleidia; s__unclassified; 71736; AF371517.1 gg_id:54730 swine intestine clone p-2772-24E5, AF371517.1 gg_id:54730 swine intestine clone p-2772-24E5,9,202.0,0.49609375,1.0,0.11068683694593337,1826.0,1172.423738548103,0.967435545139537,0.9928887934220945,-0.022222222222222223,True,1.0,11407.0,Healthy,Male,Placebo-resistant (STRICT-ADAPTIVE)
37253, g__Corynebacterium, s__unclassified, p__Actinobacteria, c__Actinobacteria, o__Actinomycetales, f__Corynebacteriaceae,k__Bacteria; p__Actinobacteria; c__Actinobacteria; o__Actinomycetales; f__Corynebacteriaceae; g__Corynebacterium; s__unclassified; 37253; FJ675132.1 gg_id:513556 Synecology primary and secondary habitats Escherichia coli O157:H7 feedlot surface MARC beef cattle feedlot; top 3 cm behind feedbunk west pen 301; was negative STEC O157 clone LL141-6M15, FJ675132.1 gg_id:513556 Synecology primary and secondary habitats Escherichia coli O157:H7 feedlot surface MARC beef cattle feedlot top 3 cm behind feedbunk west pen 301 was negative STEC O157 clone LL141-6M15,9,49.0,1.0,1.0,0.027914879323274494,242.0,274.7995117252657,0.7133031738784577,0.9207147820005681,0.1111111111111111,True,1.0,13609.0,Healthy,Male,Placebo-resistant (STRICT-ADAPTIVE)
158, g__Pseudomonas, s__unclassified, p__Proteobacteria, c__Gammaproteobacteria, o__Pseudomonadales, f__Pseudomonadaceae,k__Bacteria; p__Proteobacteria; c__Gammaproteobacteria; o__Pseudomonadales; f__Pseudomonadaceae; g__Pseudomonas; s__unclassified; 158; EU538358.1 gg_id:280546 profile human microbiota antecubital fossa (inner elbow) skin clone nbt87a03, EU538358.1 gg_id:280546 profile human microbiota antecubital fossa (inner elbow) skin clone nbt87a03,9,168.0,0.734375,1.0,0.04877254361487448,740.0,587.2917203949366,0.6829598733032564,0.9207147820005681,0.12222222222222222,True,1.0,12612.0,Healthy,Male,Placebo-resistant (STRICT-ADAPTIVE)
67681, g__Prevotella, s__unclassified, p__Bacteroidetes, c__Bacteroidia, o__Bacteroidales, f__Prevotellaceae,k__Bacteria; p__Bacteroidetes; c__Bacteroidia; o__Bacteroidales; f__Prevotellaceae; g__Prevotella; s__unclassified; 67681; GQ491841.1 gg_id:538267 Effect Diet on Human Gut Microbiome: Metagenomic Humanized Gnotobiotic Mice cecal contents Mus musculus strain C57BL/6J; PM1t2 clone PM1t2_a01f06, GQ491841.1 gg_id:538267 Effect Diet on Human Gut Microbiome: Metagenomic Humanized Gnotobiotic Mice cecal contents Mus musculus strain C57BL/6J PM1t2 clone PM1t2_a01f06,9,92.0,0.8203125,1.0,0.14555358047741226,1418.0,1502.879375924022,0.7750513736700824,0.9376534160753778,0.08888888888888889,True,1.0,12983.0,Healthy,Male,Placebo-resistant (STRICT-ADAPTIVE)
55312, g__Akkermansia, s__Akkermansia muciniphila, p__Verrucomicrobia, c__Verrucomicrobiae, o__Verrucomicrobiales, f__Verrucomicrobiaceae,k__Bacteria; p__Verrucomicrobia; c__Verrucomicrobiae; o__Verrucomicrobiales; f__Verrucomicrobiaceae; g__Akkermansia; s__Akkermansia muciniphila; 55312; DQ803989.1 gg_id:181549 human fecal clone RL200_aai60g06, DQ803989.1 gg_id:181549 human fecal clone RL200_aai60g06,9,-426.0,1.0,1.0,0.091797823548068,1177.0,983.6384358086054,0.6533789106936937,0.9002109436224224,0.13333333333333333,True,1.0,13119.0,Healthy,Male,Placebo-resistant (STRICT-ADAPTIVE)
46219, g__Staphylococcus, s__Staphylococcus epidermidis, p__Firmicutes, c__Bacilli, o__Bacillales, f__Staphylococcaceae,k__Bacteria; p__Firmicutes; c__Bacilli; o__Bacillales; f__Staphylococcaceae; g__Staphylococcus; s__Staphylococcus epidermidis; 46219; EU373429.1 gg_id:259221 Staphylococcus epidermidis str. TPR16, EU373429.1 gg_id:259221 Staphylococcus epidermidis str. TPR16,9,123.0,0.65234375,1.0,0.07453775750223189,697.0,735.1222216142776,0.6533789106936937,0.9002109436224224,0.13333333333333333,True,1.0,12644.0,Healthy,Male,Placebo-resistant (STRICT-ADAPTIVE)
26511, g__unclassified, s__unclassified, p__Firmicutes, c__Clostridia, o__Clostridiales, f__Ruminococcaceae,k__Bacteria; p__Firmicutes; c__Clostridia; o__Clostridiales; f__Ruminococcaceae; g__unclassified; s__unclassified; 26511; EU763901.1 gg_id:345683 Pervasive effects antibiotic on human gut microbiota deep sequencing fecal clone A5_748, EU763901.1 gg_id:345683 Pervasive effects antibiotic on human gut microbiota deep sequencing fecal clone A5_748,9,176.0,0.734375,1.0,0.06500795019186319,758.0,770.9550211119827,0.967435545139537,0.9928887934220945,0.022222222222222223,True,1.0,12156.0,Healthy,Male,Placebo-resistant (STRICT-ADAPTIVE)
57665, g__unclassified, s__unclassified, p__Proteobacteria, c__Deltaproteobacteria, o__NB1-j, f__MND4,k__Bacteria; p__Proteobacteria; c__Deltaproteobacteria; o__NB1-j; f__MND4; g__unclassified; s__unclassified; 57665; FM253643.1 gg_id:334324 Rock gold mine unusually microbial biofilm clone C01-2, FM253643.1 gg_id:334324 Rock gold mine unusually microbial biofilm clone C01-2,9,604.0,0.734375,1.0,0.13428543903103313,2144.0,1242.6841313865725,0.8382564863858263,0.9581536201140475,0.06666666666666667,True,1.0,10953.0,Healthy,Male,Placebo-resistant (STRICT-ADAPTIVE)
56046, g__Anaerobaculum, s__unclassified, p__Synergistetes, c__Synergistia, o__Synergistales, f__Anaerobaculaceae,k__Bacteria; p__Synergistetes; c__Synergistia; o__Synergistales; f__Anaerobaculaceae; g__Anaerobaculum; s__unclassified; 56046; CU919006.1 gg_id:533770 Towards definition core microorganisms involved digestion mesophilic anaerobic digester which treats municipal wastewater sludge clone, CU919006.1 gg_id:533770 Towards definition core microorganisms involved digestion mesophilic anaerobic digester which treats municipal wastewater sludge clone,9,273.0,0.359375,1.0,0.16212921366523086,1588.0,1222.7773182572714,0.7750513736700824,0.9376534160753778,0.08888888888888889,True,1.0,9545.0,Healthy,Male,Placebo-resistant (STRICT-ADAPTIVE)
22964, g__unclassified, s__unclassified, p__Firmicutes, c__Clostridia, o__Clostridiales, f__Lachnospiraceae,k__Bacteria; p__Firmicutes; c__Clostridia; o__Clostridiales; f__Lachnospiraceae; g__unclassified; s__unclassified; 22964; AM420062.1 gg_id:256659 Noma subgingival plaque clone 301C11(oral), AM420062.1 gg_id:256659 Noma subgingival plaque clone 301C11(oral),9,383.0,1.0,1.0,0.09814126071864068,1099.0,861.5662871770227,0.8382564863858263,0.9581536201140475,0.06666666666666667,True,1.0,10346.0,Healthy,Male,Placebo-resistant (STRICT-ADAPTIVE)
72487, g__Clostridium, s__unclassified, p__Firmicutes, c__Clostridia, o__Clostridiales, f__Clostridiaceae,k__Bacteria; p__Firmicutes; c__Clostridia; o__Clostridiales; f__Clostridiaceae; g__Clostridium; s__unclassified; 72487; AB486869.1 gg_id:558685 Microbial responsive denitrification-inducing conditions rice paddy soil clone TSCOR003_C06, AB486869.1 gg_id:558685 Microbial responsive denitrification-inducing conditions rice paddy soil clone TSCOR003_C06,9,669.0,0.5703125,1.0,0.15496102188200186,2144.0,1207.8939541201455,0.8382564863858263,0.9581536201140475,-0.06666666666666667,True,1.0,10035.0,Healthy,Male,Placebo-resistant (STRICT-ADAPTIVE)
70272, g__unclassified, s__unclassified, p__Firmicutes, c__Clostridia, o__Clostridiales, f__Lachnospiraceae,k__Bacteria; p__Firmicutes; c__Clostridia; o__Clostridiales; f__Lachnospiraceae; g__unclassified; s__unclassified; 70272; DQ809985.1 gg_id:182869 human fecal clone RL184_aao66f11, DQ809985.1 gg_id:182869 human fecal clone RL184_aao66f11,9,356.0,0.25,1.0,0.08039878664205609,1066.0,799.9093391128772,0.7750513736700824,0.9376534160753778,-0.08888888888888889,True,1.0,12677.0,Healthy,Male,Placebo-resistant (STRICT-ADAPTIVE)
25041, g__Faecalibacterium, s__unclassified, p__Firmicutes, c__Clostridia, o__Clostridiales, f__Ruminococcaceae,k__Bacteria; p__Firmicutes; c__Clostridia; o__Clostridiales; f__Ruminococcaceae; g__Faecalibacterium; s__unclassified; 25041; FJ682336.1 gg_id:526850 Synecology primary and secondary habitats Escherichia coli O157:H7 fecal MARC beef cattle feedlot animal #4351 pen 301; was negative STEC O157 clone 8-3A18, FJ682336.1 gg_id:526850 Synecology primary and secondary habitats Escherichia coli O157:H7 fecal MARC beef cattle feedlot animal #4351 pen 301 was negative STEC O157 clone 8-3A18,9,114.0,0.65234375,1.0,0.10771498579510771,557.0,1000.1590835017752,0.7750513736700824,0.9376534160753778,-0.08888888888888889,True,1.0,13375.0,Healthy,Male,Placebo-resistant (STRICT-ADAPTIVE)
47824, g__Geobacillus, s__unclassified, p__Firmicutes, c__Bacilli, o__Bacillales, f__Bacillaceae,k__Bacteria; p__Firmicutes; c__Bacilli; o__Bacillales; f__Bacillaceae; g__Geobacillus; s__unclassified; 47824; AF276305.1 gg_id:23251 Geobacillus uzenensis str. X, AF276305.1 gg_id:23251 Geobacillus uzenensis str. X,9,-27.0,0.8203125,1.0,0.022242509480933984,325.0,545.5057297590924,0.967435545139537,0.9928887934220945,0.022222222222222223,True,1.0,13417.0,Healthy,Male,Placebo-resistant (STRICT-ADAPTIVE)
14676, g__unclassified, s__unclassified, p__Proteobacteria, c__Betaproteobacteria, o__Burkholderiales, f__Alcaligenaceae,k__Bacteria; p__Proteobacteria; c__Betaproteobacteria; o__Burkholderiales; f__Alcaligenaceae; g__unclassified; s__unclassified; 14676; DQ905687.1 gg_id:165322 human fecal clone 014C-G4, DQ905687.1 gg_id:165322 human fecal clone 014C-G4,9,-201.0,0.734375,1.0,0.0633136985209106,480.0,1201.4398388600239,1.0,1.0,0.0,True,1.0,14183.0,Healthy,Male,Placebo-resistant (STRICT-ADAPTIVE)
4406, g__Klebsiella, s__unclassified, p__Proteobacteria, c__Gammaproteobacteria, o__Enterobacteriales, f__Enterobacteriaceae,k__Bacteria; p__Proteobacteria; c__Gammaproteobacteria; o__Enterobacteriales; f__Enterobacteriaceae; g__Klebsiella; s__unclassified; 4406; AF228920.1 gg_id:72626 Klebsiella pneumoniae str. NLEP98-0472, AF228920.1 gg_id:72626 Klebsiella pneumoniae str. NLEP98-0472,9,-295.0,1.0,1.0,0.1562756801322763,2226.0,1342.4576415084553,0.6533789106936937,0.9002109436224224,0.13333333333333333,True,1.0,10648.0,Healthy,Male,Placebo-resistant (STRICT-ADAPTIVE)
41380, g__Microbacterium, s__Microbacterium kitamiense, p__Actinobacteria, c__Actinobacteria, o__Actinomycetales, f__Microbacteriaceae,k__Bacteria; p__Actinobacteria; c__Actinobacteria; o__Actinomycetales; f__Microbacteriaceae; g__Microbacterium; s__Microbacterium kitamiense; 41380; AB002639.1 gg_id:12245 deepest sea mud Mariana Trench clone, AB002639.1 gg_id:12245 deepest sea mud Mariana Trench clone,9,23.0,0.91015625,1.0,0.056487607912521214,998.0,502.0854602333927,0.7133031738784577,0.9207147820005681,0.1111111111111111,True,1.0,11289.0,Healthy,Male,Placebo-resistant (STRICT-ADAPTIVE)
71428, g__Holdemania, s__unclassified, p__Tenericutes, c__Erysipelotrichi, o__Erysipelotrichales, f__Erysipelotrichaceae,k__Bacteria; p__Tenericutes; c__Erysipelotrichi; o__Erysipelotrichales; f__Erysipelotrichaceae; g__Holdemania; s__unclassified; 71428; FJ371255.1 gg_id:366464 feces adult twins and mothers; TS6 clone TS6_a02g10, FJ371255.1 gg_id:366464 feces adult twins and mothers TS6 clone TS6_a02g10,9,-180.0,0.734375,1.0,0.09909940945818302,1254.0,881.7891540372776,0.6533789106936937,0.9002109436224224,-0.13333333333333333,True,1.0,11486.0,Healthy,Male,Placebo-resistant (STRICT-ADAPTIVE)
26921, g__unclassified, s__unclassified, p__Firmicutes, c__Clostridia, o__Clostridiales, f__Ruminococcaceae,k__Bacteria; p__Firmicutes; c__Clostridia; o__Clostridiales; f__Ruminococcaceae; g__unclassified; s__unclassified; 26921; DQ809978.1 gg_id:189758 human fecal clone RL184_aao66f03, DQ809978.1 gg_id:189758 human fecal clone RL184_aao66f03,9,-243.0,1.0,1.0,0.07309983855397664,1108.0,884.2080501279725,0.967435545139537,0.9928887934220945,-0.022222222222222223,True,1.0,13438.0,Healthy,Male,Placebo-resistant (STRICT-ADAPTIVE)
50375, g__Veillonella, s__Veillonella dispar, p__Firmicutes, c__Clostridia, o__Clostridiales, f__Veillonellaceae,k__Bacteria; p__Firmicutes; c__Clostridia; o__Clostridiales; f__Veillonellaceae; g__Veillonella; s__Veillonella dispar; 50375; GQ073109.1 gg_id:378037 Topographical and Temporal Human Skin Microbiome skin palm clone nbw205b12c1, GQ073109.1 gg_id:378037 Topographical and Temporal Human Skin Microbiome skin palm clone nbw205b12c1,9,232.0,0.8203125,1.0,0.18293183196886292,1629.0,1582.756760971186,1.0,1.0,0.0,True,1.0,11453.0,Healthy,Male,Placebo-resistant (STRICT-ADAPTIVE)
26368, g__Faecalibacterium, s__unclassified, p__Firmicutes, c__Clostridia, o__Clostridiales, f__Ruminococcaceae,k__Bacteria; p__Firmicutes; c__Clostridia; o__Clostridiales; f__Ruminococcaceae; g__Faecalibacterium; s__unclassified; 26368; FJ685187.1 gg_id:530922 Synecology primary and secondary habitats Escherichia coli O157:H7 fecal MARC beef cattle feedlot animal #4228 pen 301; was negative STEC O157 clone 6-2E5, FJ685187.1 gg_id:530922 Synecology primary and secondary habitats Escherichia coli O157:H7 fecal MARC beef cattle feedlot animal #4228 pen 301 was negative STEC O157 clone 6-2E5,9,-24.0,0.91015625,1.0,0.061931532081100554,645.0,663.9405937615537,0.6533789106936937,0.9002109436224224,0.13333333333333333,True,1.0,14394.0,Healthy,Male,Placebo-resistant (STRICT-ADAPTIVE)
55991, g__Akkermansia, s__Akkermansia muciniphila, p__Verrucomicrobia, c__Verrucomicrobiae, o__Verrucomicrobiales, f__Verrucomicrobiaceae,k__Bacteria; p__Verrucomicrobia; c__Verrucomicrobiae; o__Verrucomicrobiales; f__Verrucomicrobiaceae; g__Akkermansia; s__Akkermansia muciniphila; 55991; DQ805309.1 gg_id:190845 human fecal clone RL203_aai61a01, DQ805309.1 gg_id:190845 human fecal clone RL203_aai61a01,9,343.0,0.91015625,1.0,0.10561643392998432,1340.0,1031.5519098911116,0.8382564863858263,0.9581536201140475,0.06666666666666667,True,1.0,12225.0,Healthy,Male,Placebo-resistant (STRICT-ADAPTIVE)
52569, g__sfD, s__unclassified, p__Planctomycetes, c__vadinHA49, o__unclassified, f__unclassified,k__Bacteria; p__Planctomycetes; c__vadinHA49; o__unclassified; f__unclassified; g__sfD; s__unclassified; 52569; EF032766.1 gg_id:189073 cyanobacterial mat in lava cave clone HAVOmat101, EF032766.1 gg_id:189073 cyanobacterial mat in lava cave clone HAVOmat101,9,95.0,1.0,1.0,0.08649180547579582,1340.0,699.1258239004223,0.8382564863858263,0.9581536201140475,0.06666666666666667,True,1.0,10430.0,Healthy,Male,Placebo-resistant (STRICT-ADAPTIVE)
28282, g__unclassified, s__unclassified, p__Firmicutes, c__Clostridia, o__Clostridiales, f__Lachnospiraceae,k__Bacteria; p__Firmicutes; c__Clostridia; o__Clostridiales; f__Lachnospiraceae; g__unclassified; s__unclassified; 28282; DQ394663.1 gg_id:155156 on -Arctic peninsula Svalbard Norway determined genes and rumen isolates reindeer fed pelleted concentrates (RF-80) clone AF1, DQ394663.1 gg_id:155156 on -Arctic peninsula Svalbard Norway determined genes and rumen isolates reindeer fed pelleted concentrates (RF-80) clone AF1,9,16.0,1.0,1.0,0.04947504631548928,639.0,457.2803629187581,0.7133031738784577,0.9207147820005681,0.1111111111111111,True,1.0,11687.0,Healthy,Male,Placebo-resistant (STRICT-ADAPTIVE)
16263, g__Succinivibrio, s__unclassified, p__Proteobacteria, c__Gammaproteobacteria, o__Aeromonadales, f__Succinivibrionaceae,k__Bacteria; p__Proteobacteria; c__Gammaproteobacteria; o__Aeromonadales; f__Succinivibrionaceae; g__Succinivibrio; s__unclassified; 16263; FJ685307.1 gg_id:526414 Synecology primary and secondary habitats Escherichia coli O157:H7 fecal MARC beef cattle feedlot animal #4228 pen 301; was negative STEC O157 clone 6-2L20, FJ685307.1 gg_id:526414 Synecology primary and secondary habitats Escherichia coli O157:H7 fecal MARC beef cattle feedlot animal #4228 pen 301 was negative STEC O157 clone 6-2L20,9,297.0,0.5703125,1.0,0.1006335035581068,1663.0,1115.5808166949528,0.9025232501776794,0.9754023282151151,0.044444444444444446,True,1.0,12094.0,Healthy,Male,Placebo-resistant (STRICT-ADAPTIVE)
67979, g__Prevotella, s__unclassified, p__Bacteroidetes, c__Bacteroidia, o__Bacteroidales, f__Prevotellaceae,k__Bacteria; p__Bacteroidetes; c__Bacteroidia; o__Bacteroidales; f__Prevotellaceae; g__Prevotella; s__unclassified; 67979; FJ675976.1 gg_id:509430 Synecology primary and secondary habitats Escherichia coli O157:H7 fecal MARC beef cattle feedlot animal #4225 pen 301; was negative STEC O157 clone 3-6A10, FJ675976.1 gg_id:509430 Synecology primary and secondary habitats Escherichia coli O157:H7 fecal MARC beef cattle feedlot animal #4225 pen 301 was negative STEC O157 clone 3-6A10,9,-319.0,0.65234375,1.0,0.09805738198872935,1616.0,923.8490157547991,0.9025232501776794,0.9754023282151151,-0.044444444444444446,True,1.0,12767.0,Healthy,Male,Placebo-resistant (STRICT-ADAPTIVE)
26256, g__Faecalibacterium, s__Faecalibacterium prausnitzii, p__Firmicutes, c__Clostridia, o__Clostridiales, f__Ruminococcaceae,k__Bacteria; p__Firmicutes; c__Clostridia; o__Clostridiales; f__Ruminococcaceae; g__Faecalibacterium; s__Faecalibacterium prausnitzii; 26256; FJ368256.1 gg_id:362528 feces adult twins and mothers; TS3 clone TS3_a02b02, FJ368256.1 gg_id:362528 feces adult twins and mothers TS3 clone TS3_a02b02,9,-173.0,1.0,1.0,0.08640355038033591,1070.0,918.401284430964,0.7133031738784577,0.9207147820005681,0.1111111111111111,True,1.0,14039.0,Healthy,Male,Placebo-resistant (STRICT-ADAPTIVE)
37440, g__unclassified, s__unclassified, p__Actinobacteria, c__Actinobacteria, o__Actinomycetales, f__Corynebacteriaceae,k__Bacteria; p__Actinobacteria; c__Actinobacteria; o__Actinomycetales; f__Corynebacteriaceae; g__unclassified; s__unclassified; 37440; GQ010682.1 gg_id:498982 Topographical and Temporal Human Skin Microbiome skin glabella clone nbw737e12c1, GQ010682.1 gg_id:498982 Topographical and Temporal Human Skin Microbiome skin glabella clone nbw737e12c1,9,28.0,1.0,1.0,0.024603441808244603,453.0,304.29923438031267,0.7750513736700824,0.9376534160753778,-0.08888888888888889,True,1.0,14715.0,Healthy,Male,Placebo-resistant (STRICT-ADAPTIVE)
56293, g__Akkermansia, s__unclassified, p__Verrucomicrobia, c__Verrucomicrobiae, o__Verrucomicrobiales, f__Verrucomicrobiaceae,k__Bacteria; p__Verrucomicrobia; c__Verrucomicrobiae; o__Verrucomicrobiales; f__Verrucomicrobiaceae; g__Akkermansia; s__unclassified; 56293; EF602896.1 gg_id:234636 Salmonella typhimurium Exploits Inflammation Compete Intestinal Microbiota mouse cecum clone 16saw12-3f03.p1k, EF602896.1 gg_id:234636 Salmonella typhimurium Exploits Inflammation Compete Intestinal Microbiota mouse cecum clone 16saw12-3f03.p1k,9,135.0,1.0,1.0,0.05905839411292539,724.0,635.9852537423943,0.9025232501776794,0.9754023282151151,0.044444444444444446,True,1.0,13611.0,Healthy,Male,Placebo-resistant (STRICT-ADAPTIVE)
49990, g__Veillonella, s__unclassified, p__Firmicutes, c__Clostridia, o__Clostridiales, f__Veillonellaceae,k__Bacteria; p__Firmicutes; c__Clostridia; o__Clostridiales; f__Veillonellaceae; g__Veillonella; s__unclassified; 49990; GQ102701.1 gg_id:458599 Topographical and Temporal Human Skin Microbiome skin volar forearm clone nbw695b08c1, GQ102701.1 gg_id:458599 Topographical and Temporal Human Skin Microbiome skin volar forearm clone nbw695b08c1,9,391.0,0.25,1.0,0.08188723115891128,1387.0,839.7952230818601,0.967435545139537,0.9928887934220945,-0.022222222222222223,True,1.0,12827.0,Healthy,Male,Placebo-resistant (STRICT-ADAPTIVE)
25133, g__Faecalibacterium, s__unclassified, p__Firmicutes, c__Clostridia, o__Clostridiales, f__Ruminococcaceae,k__Bacteria; p__Firmicutes; c__Clostridia; o__Clostridiales; f__Ruminococcaceae; g__Faecalibacterium; s__unclassified; 25133; FJ678365.1 gg_id:528634 Synecology primary and secondary habitats Escherichia coli O157:H7 fecal MARC beef cattle feedlot animal #4017 pen 301; was positive STEC O157 clone 4-4P9, FJ678365.1 gg_id:528634 Synecology primary and secondary habitats Escherichia coli O157:H7 fecal MARC beef cattle feedlot animal #4017 pen 301 was positive STEC O157 clone 4-4P9,9,214.0,1.0,1.0,0.07930876398686425,1542.0,811.1730727231466,0.8382564863858263,0.9581536201140475,-0.06666666666666667,True,1.0,12901.0,Healthy,Male,Placebo-resistant (STRICT-ADAPTIVE)
54614, g__Campylobacter, s__Campylobacter mucosalis, p__Proteobacteria, c__Epsilonproteobacteria, o__Campylobacterales, f__Campylobacteraceae,k__Bacteria; p__Proteobacteria; c__Epsilonproteobacteria; o__Campylobacterales; f__Campylobacteraceae; g__Campylobacter; s__Campylobacter mucosalis; 54614; AF550661.1 gg_id:57347 Campylobacter mucosalis str. ATCC 49353, AF550661.1 gg_id:57347 Campylobacter mucosalis str. ATCC 49353,9,26.0,0.91015625,1.0,0.15007730853922724,1722.0,1114.3592393837814,0.967435545139537,0.9928887934220945,0.022222222222222223,True,1.0,9132.0,Healthy,Male,Placebo-resistant (STRICT-ADAPTIVE)
18440, g__Ruminococcus, s__unclassified, p__Firmicutes, c__Clostridia, o__Clostridiales, f__Lachnospiraceae,k__Bacteria; p__Firmicutes; c__Clostridia; o__Clostridiales; f__Lachnospiraceae; g__Ruminococcus; s__unclassified; 18440; FJ365747.1 gg_id:370361 feces adult twins and mothers; TS21 clone TS21_a02e07, FJ365747.1 gg_id:370361 feces adult twins and mothers TS21 clone TS21_a02e07,9,101.0,0.8203125,1.0,0.08380587559020548,1122.0,833.7058663581539,0.967435545139537,0.9928887934220945,-0.022222222222222223,True,1.0,12959.0,Healthy,Male,Placebo-resistant (STRICT-ADAPTIVE)
43327, g__unclassified, s__unclassified, p__Firmicutes, c__Bacilli, o__Lactobacillales, f__Carnobacteriaceae,k__Bacteria; p__Firmicutes; c__Bacilli; o__Lactobacillales; f__Carnobacteriaceae; g__unclassified; s__unclassified; 43327; FJ672294.1 gg_id:517005 Synecology primary and secondary habitats Escherichia coli O157:H7 feedlot surface MARC beef cattle feedlot; top 3 cm behind feedbunk east pen 301; was negative STEC O157 clone Ll142-3L20, FJ672294.1 gg_id:517005 Synecology primary and secondary habitats Escherichia coli O157:H7 feedlot surface MARC beef cattle feedlot top 3 cm behind feedbunk east pen 301 was negative STEC O157 clone Ll142-3L20,9,158.0,0.65234375,1.0,0.05507412863195661,761.0,558.9816306264256,0.7750513736700824,0.9376534160753778,0.08888888888888889,True,1.0,11930.0,Healthy,Male,Placebo-resistant (STRICT-ADAPTIVE)
67642, g__Prevotella, s__unclassified, p__Bacteroidetes, c__Bacteroidia, o__Bacteroidales, f__Prevotellaceae,k__Bacteria; p__Bacteroidetes; c__Bacteroidia; o__Bacteroidales; f__Prevotellaceae; g__Prevotella; s__unclassified; 67642; DQ797023.1 gg_id:188921 human fecal clone RL386_aao85h09, DQ797023.1 gg_id:188921 human fecal clone RL386_aao85h09,9,30.0,0.65234375,1.0,0.07540902390815493,1225.0,952.796272452826,0.9025232501776794,0.9754023282151151,0.044444444444444446,True,1.0,12851.0,Healthy,Male,Placebo-resistant (STRICT-ADAPTIVE)
36901, g__Corynebacterium, s__unclassified, p__Actinobacteria, c__Actinobacteria, o__Actinomycetales, f__Corynebacteriaceae,k__Bacteria; p__Actinobacteria; c__Actinobacteria; o__Actinomycetales; f__Corynebacteriaceae; g__Corynebacterium; s__unclassified; 36901; U87815.1 gg_id:13379 Corynebacterium jeikeium str. ATCC 43217, U87815.1 gg_id:13379 Corynebacterium jeikeium str. ATCC 43217,9,35.0,0.734375,1.0,0.03063928586158624,508.0,323.63524042422273,0.8382564863858263,0.9581536201140475,-0.06666666666666667,True,1.0,12564.0,Healthy,Male,Placebo-resistant (STRICT-ADAPTIVE)
50821, g__Dialister, s__unclassified, p__Firmicutes, c__Clostridia, o__Clostridiales, f__Veillonellaceae,k__Bacteria; p__Firmicutes; c__Clostridia; o__Clostridiales; f__Veillonellaceae; g__Dialister; s__unclassified; 50821; DQ325932.1 gg_id:150078 Metagenomic gut microbiome healthy human stool clone B792, DQ325932.1 gg_id:150078 Metagenomic gut microbiome healthy human stool clone B792,9,-159.0,0.91015625,1.0,0.06671645315489853,1030.0,1706.5912706913743,1.0,1.0,0.0,True,1.0,13300.0,Healthy,Male,Placebo-resistant (STRICT-ADAPTIVE)
67754, g__Prevotella, s__unclassified, p__Bacteroidetes, c__Bacteroidia, o__Bacteroidales, f__Prevotellaceae,k__Bacteria; p__Bacteroidetes; c__Bacteroidia; o__Bacteroidales; f__Prevotellaceae; g__Prevotella; s__unclassified; 67754; GQ492017.1 gg_id:581481 Effect Diet on Human Gut Microbiome: Metagenomic Humanized Gnotobiotic Mice cecal contents Mus musculus strain C57BL/6J; PM6 clone PM6_a03a12, GQ492017.1 gg_id:581481 Effect Diet on Human Gut Microbiome: Metagenomic Humanized Gnotobiotic Mice cecal contents Mus musculus strain C57BL/6J PM6 clone PM6_a03a12,9,256.0,0.91015625,1.0,0.13843407368983981,1554.0,1290.9331192246605,0.967435545139537,0.9928887934220945,0.022222222222222223,True,1.0,13838.0,Healthy,Male,Placebo-resistant (STRICT-ADAPTIVE)
49754, g__Peptococcus, s__unclassified, p__Firmicutes, c__Clostridia, o__Clostridiales, f__Peptococcaceae,k__Bacteria; p__Firmicutes; c__Clostridia; o__Clostridiales; f__Peptococcaceae; g__Peptococcus; s__unclassified; 49754; EU459357.1 gg_id:300587 cheetah feces clone CE3_aai05d05, EU459357.1 gg_id:300587 cheetah feces clone CE3_aai05d05,9,361.0,0.359375,1.0,0.08129256582018184,1175.0,793.9055538286655,0.967435545139537,0.9928887934220945,0.022222222222222223,True,1.0,12210.0,Healthy,Male,Placebo-resistant (STRICT-ADAPTIVE)
25697, g__Faecalibacterium, s__unclassified, p__Firmicutes, c__Clostridia, o__Clostridiales, f__Ruminococcaceae,k__Bacteria; p__Firmicutes; c__Clostridia; o__Clostridiales; f__Ruminococcaceae; g__Faecalibacterium; s__unclassified; 25697; FJ674211.1 gg_id:521267 Synecology primary and secondary habitats Escherichia coli O157:H7 fecal MARC beef cattle feedlot animal #4262 pen 301; was positive STEC O157 clone 130-8D6, FJ674211.1 gg_id:521267 Synecology primary and secondary habitats Escherichia coli O157:H7 fecal MARC beef cattle feedlot animal #4262 pen 301 was positive STEC O157 clone 130-8D6,9,28.0,0.65234375,1.0,0.04468494643715128,885.0,462.12755329141663,0.6240539694958962,0.9002109436224224,0.12222222222222222,True,1.0,13388.0,Healthy,Male,Placebo-resistant (STRICT-ADAPTIVE)
40631, g__Janibacter, s__unclassified, p__Actinobacteria, c__Actinobacteria, o__Actinomycetales, f__Intrasporangiaceae,k__Bacteria; p__Actinobacteria; c__Actinobacteria; o__Actinomycetales; f__Intrasporangiaceae; g__Janibacter; s__unclassified; 40631; AB089480.1 gg_id:75998 Janibacter sp. str. YY-1, AB089480.1 gg_id:75998 Janibacter sp. str. YY-1,9,-135.0,0.49609375,1.0,0.06114863622698478,794.0,1096.3238778755115,0.7133031738784577,0.9207147820005681,0.1111111111111111,True,1.0,11976.0,Healthy,Male,Placebo-resistant (STRICT-ADAPTIVE)
55826, g__Akkermansia, s__unclassified, p__Verrucomicrobia, c__Verrucomicrobiae, o__Verrucomicrobiales, f__Verrucomicrobiaceae,k__Bacteria; p__Verrucomicrobia; c__Verrucomicrobiae; o__Verrucomicrobiales; f__Verrucomicrobiaceae; g__Akkermansia; s__unclassified; 55826; DQ795332.1 gg_id:189416 human fecal clone RL178_aah53a10, DQ795332.1 gg_id:189416 human fecal clone RL178_aah53a10,9,359.0,0.91015625,1.0,0.05008667932286928,1145.0,593.3572559596789,0.8382564863858263,0.9581536201140475,-0.06666666666666667,True,1.0,13454.0,Healthy,Male,Placebo-resistant (STRICT-ADAPTIVE)
3395, g__Acinetobacter, s__Acinetobacter rhizosphaerae, p__Proteobacteria, c__Gammaproteobacteria, o__Pseudomonadales, f__Moraxellaceae,k__Bacteria; p__Proteobacteria; c__Gammaproteobacteria; o__Pseudomonadales; f__Moraxellaceae; g__Acinetobacter; s__Acinetobacter rhizosphaerae; 3395; AM157426.1 gg_id:141393 Acinetobacter calcoaceticus mother C3, AM157426.1 gg_id:141393 Acinetobacter calcoaceticus mother C3,9,5.0,0.8203125,1.0,0.03143235553921977,425.0,432.051995019118,0.7750513736700824,0.9376534160753778,0.08888888888888889,True,1.0,13037.0,Healthy,Male,Placebo-resistant (STRICT-ADAPTIVE)
70250, g__unclassified, s__unclassified, p__Firmicutes, c__Clostridia, o__Clostridiales, f__Lachnospiraceae,k__Bacteria; p__Firmicutes; c__Clostridia; o__Clostridiales; f__Lachnospiraceae; g__unclassified; s__unclassified; 70250; FJ681155.1 gg_id:520505 Synecology primary and secondary habitats Escherichia coli O157:H7 fecal MARC beef cattle feedlot animal #4281 pen 301; was positive STEC O157 clone 5-5N6, FJ681155.1 gg_id:520505 Synecology primary and secondary habitats Escherichia coli O157:H7 fecal MARC beef cattle feedlot animal #4281 pen 301 was positive STEC O157 clone 5-5N6,9,-57.0,0.8203125,1.0,0.030379257807924356,420.0,398.7204956413006,0.7133031738784577,0.9207147820005681,0.1111111111111111,True,1.0,14012.0,Healthy,Male,Placebo-resistant (STRICT-ADAPTIVE)
15574, g__Thiomonas, s__unclassified, p__Proteobacteria, c__Betaproteobacteria, o__Burkholderiales, f__Thiomonaceae,k__Bacteria; p__Proteobacteria; c__Betaproteobacteria; o__Burkholderiales; f__Thiomonaceae; g__Thiomonas; s__unclassified; 15574; DQ145997.1 gg_id:138475 Thiomonas sp. ML1-29, DQ145997.1 gg_id:138475 Thiomonas sp. ML1-29,9,216.0,0.49609375,1.0,0.03356109033137495,591.0,348.27757493126086,1.0,1.0,0.0,True,1.0,13577.0,Healthy,Male,Placebo-resistant (STRICT-ADAPTIVE)
70102, g__unclassified, s__unclassified, p__Firmicutes, c__Clostridia, o__Clostridiales, f__Lachnospiraceae,k__Bacteria; p__Firmicutes; c__Clostridia; o__Clostridiales; f__Lachnospiraceae; g__unclassified; s__unclassified; 70102; AY985323.1 gg_id:124331 human stool clone C233, AY985323.1 gg_id:124331 human stool clone C233,9,59.0,0.5703125,1.0,0.06841542399957223,758.0,691.4137079925448,0.8382564863858263,0.9581536201140475,-0.06666666666666667,True,1.0,12247.0,Healthy,Male,Placebo-resistant (STRICT-ADAPTIVE)
50852, g__Veillonella, s__Veillonella parvula, p__Firmicutes, c__Clostridia, o__Clostridiales, f__Veillonellaceae,k__Bacteria; p__Firmicutes; c__Clostridia; o__Clostridiales; f__Veillonellaceae; g__Veillonella; s__Veillonella parvula; 50852; GQ006604.1 gg_id:503059 Topographical and Temporal Human Skin Microbiome skin occiput clone nbu85e02c1, GQ006604.1 gg_id:503059 Topographical and Temporal Human Skin Microbiome skin occiput clone nbu85e02c1,9,455.0,0.91015625,1.0,0.18087556876475305,2836.0,1751.1021717890833,0.967435545139537,0.9928887934220945,-0.022222222222222223,True,1.0,10499.0,Healthy,Male,Placebo-resistant (STRICT-ADAPTIVE)
5042, g__Citrobacter, s__unclassified, p__Proteobacteria, c__Gammaproteobacteria, o__Enterobacteriales, f__Enterobacteriaceae,k__Bacteria; p__Proteobacteria; c__Gammaproteobacteria; o__Enterobacteriales; f__Enterobacteriaceae; g__Citrobacter; s__unclassified; 5042; GQ155666.1 gg_id:589249 Human gut microbiome adopts alternative state bowel transplantation ileum intestinal transplant clone SHZO759, GQ155666.1 gg_id:589249 Human gut microbiome adopts alternative state bowel transplantation ileum intestinal transplant clone SHZO759,9,75.0,0.8203125,1.0,0.10873160307900338,1104.0,991.4404776440747,0.967435545139537,0.9928887934220945,0.022222222222222223,True,1.0,12382.0,Healthy,Male,Placebo-resistant (STRICT-ADAPTIVE)
54989, g__Akkermansia, s__Akkermansia muciniphila, p__Verrucomicrobia, c__Verrucomicrobiae, o__Verrucomicrobiales, f__Verrucomicrobiaceae,k__Bacteria; p__Verrucomicrobia; c__Verrucomicrobiae; o__Verrucomicrobiales; f__Verrucomicrobiaceae; g__Akkermansia; s__Akkermansia muciniphila; 54989; CP001071.1 gg_id:278234 Akkermansia muciniphila str. ATCC BAA-835, CP001071.1 gg_id:278234 Akkermansia muciniphila str. ATCC BAA-835,9,62.0,0.8203125,1.0,0.09627536622779719,1146.0,1015.9738010401646,0.8382564863858263,0.9581536201140475,0.06666666666666667,True,1.0,12859.0,Healthy,Male,Placebo-resistant (STRICT-ADAPTIVE)
27306, g__Clostridium, s__unclassified, p__Firmicutes, c__Clostridia, o__Clostridiales, f__Lachnospiraceae,k__Bacteria; p__Firmicutes; c__Clostridia; o__Clostridiales; f__Lachnospiraceae; g__Clostridium; s__unclassified; 27306; DQ798696.1 gg_id:198678 human fecal clone RL181_aao00c02, DQ798696.1 gg_id:198678 human fecal clone RL181_aao00c02,9,-11.0,0.5703125,1.0,0.15299824807346854,1895.0,1131.925081698333,0.7750513736700824,0.9376534160753778,0.08888888888888889,True,1.0,9548.0,Healthy,Male,Placebo-resistant (STRICT-ADAPTIVE)
25406, g__Faecalibacterium, s__Faecalibacterium prausnitzii, p__Firmicutes, c__Clostridia, o__Clostridiales, f__Ruminococcaceae,k__Bacteria; p__Firmicutes; c__Clostridia; o__Clostridiales; f__Ruminococcaceae; g__Faecalibacterium; s__Faecalibacterium prausnitzii; 25406; FJ683355.1 gg_id:530874 Synecology primary and secondary habitats Escherichia coli O157:H7 fecal MARC beef cattle feedlot animal #4351 pen 301; was negative STEC O157 clone 8-6H12, FJ683355.1 gg_id:530874 Synecology primary and secondary habitats Escherichia coli O157:H7 fecal MARC beef cattle feedlot animal #4351 pen 301 was negative STEC O157 clone 8-6H12,9,0.0,0.7421875,1.0,0.07080628540797382,479.0,743.1121194304695,0.7750513736700824,0.9376534160753778,-0.08888888888888889,True,1.0,13757.0,Healthy,Male,Placebo-resistant (STRICT-ADAPTIVE)
68560, g__Bacteroides, s__unclassified, p__Bacteroidetes, c__Bacteroidia, o__Bacteroidales, f__Bacteroidaceae,k__Bacteria; p__Bacteroidetes; c__Bacteroidia; o__Bacteroidales; f__Bacteroidaceae; g__Bacteroides; s__unclassified; 68560; EF434324.1 gg_id:205290 gastrointestinal tract microbiota microarray reference pool created pooling products obtained human adult infant stool breast milk and vaginal swabs mothers clone 1099754625509, EF434324.1 gg_id:205290 gastrointestinal tract microbiota microarray reference pool created pooling products obtained human adult infant stool breast milk and vaginal swabs mothers clone 1099754625509,9,32.0,0.49609375,1.0,0.20024070502989622,1300.0,1320.3142123163125,0.9025232501776794,0.9754023282151151,0.044444444444444446,True,1.0,8793.0,Healthy,Male,Placebo-resistant (STRICT-ADAPTIVE)
24511, g__unclassified, s__unclassified, p__Firmicutes, c__Clostridia, o__Clostridiales, f__Ruminococcaceae,k__Bacteria; p__Firmicutes; c__Clostridia; o__Clostridiales; f__Ruminococcaceae; g__unclassified; s__unclassified; 24511; DQ794729.1 gg_id:186912 human fecal clone RL240_aaj31f06, DQ794729.1 gg_id:186912 human fecal clone RL240_aaj31f06,9,-244.0,0.5703125,1.0,0.09076969026216505,1049.0,804.6852256628054,0.7750513736700824,0.9376534160753778,0.08888888888888889,True,1.0,12006.0,Healthy,Male,Placebo-resistant (STRICT-ADAPTIVE)
54826, g__sfA, s__unclassified, p__Verrucomicrobia, c__Verruco-5, o__RFP12, f__unclassified,k__Bacteria; p__Verrucomicrobia; c__Verruco-5; o__RFP12; f__unclassified; g__sfA; s__unclassified; 54826; EU470381.1 gg_id:298808 Grevy's zebra feces clone GZ_aaa02b08, EU470381.1 gg_id:298808 Grevy's zebra feces clone GZ_aaa02b08,9,-98.0,0.42578125,1.0,0.15875785885406613,1648.0,1783.235623466512,0.9025232501776794,0.9754023282151151,0.044444444444444446,True,1.0,10056.0,Healthy,Male,Placebo-resistant (STRICT-ADAPTIVE)
40474, g__Arthrobacter, s__unclassified, p__Actinobacteria, c__Actinobacteria, o__Actinomycetales, f__Micrococcaceae,k__Bacteria; p__Actinobacteria; c__Actinobacteria; o__Actinomycetales; f__Micrococcaceae; g__Arthrobacter; s__unclassified; 40474; DQ177479.1 gg_id:140335 Arthrobacter sp. str. Tibet-IIU24, DQ177479.1 gg_id:140335 Arthrobacter sp. str. Tibet-IIU24,9,-42.0,0.49609375,1.0,0.06078258978486331,469.0,705.1652526890416,0.6533789106936937,0.9002109436224224,0.13333333333333333,True,1.0,10535.0,Healthy,Male,Placebo-resistant (STRICT-ADAPTIVE)
55974, g__Akkermansia, s__Akkermansia muciniphila, p__Verrucomicrobia, c__Verrucomicrobiae, o__Verrucomicrobiales, f__Verrucomicrobiaceae,k__Bacteria; p__Verrucomicrobia; c__Verrucomicrobiae; o__Verrucomicrobiales; f__Verrucomicrobiaceae; g__Akkermansia; s__Akkermansia muciniphila; 55974; AY978016.1 gg_id:116512 human cecum mucosal biopsy clone LH55, AY978016.1 gg_id:116512 human cecum mucosal biopsy clone LH55,9,-60.0,1.0,1.0,0.037625413296455655,589.0,400.72521879434765,1.0,1.0,0.0,True,1.0,13107.0,Healthy,Male,Placebo-resistant (STRICT-ADAPTIVE)
55549, g__Akkermansia, s__Akkermansia muciniphila, p__Verrucomicrobia, c__Verrucomicrobiae, o__Verrucomicrobiales, f__Verrucomicrobiaceae,k__Bacteria; p__Verrucomicrobia; c__Verrucomicrobiae; o__Verrucomicrobiales; f__Verrucomicrobiaceae; g__Akkermansia; s__Akkermansia muciniphila; 55549; DQ793729.1 gg_id:185943 human fecal clone RL246_aai76c11, DQ793729.1 gg_id:185943 human fecal clone RL246_aai76c11,9,-78.0,0.8203125,1.0,0.1165414758608995,1255.0,980.6061380141932,0.7750513736700824,0.9376534160753778,0.08888888888888889,True,1.0,12568.0,Healthy,Male,Placebo-resistant (STRICT-ADAPTIVE)
25277, g__Faecalibacterium, s__unclassified, p__Firmicutes, c__Clostridia, o__Clostridiales, f__Ruminococcaceae,k__Bacteria; p__Firmicutes; c__Clostridia; o__Clostridiales; f__Ruminococcaceae; g__Faecalibacterium; s__unclassified; 25277; FJ673240.1 gg_id:516744 Synecology primary and secondary habitats Escherichia coli O157:H7 fecal MARC beef cattle feedlot animal #4262 pen 301; was positive STEC O157 clone 130-1N5, FJ673240.1 gg_id:516744 Synecology primary and secondary habitats Escherichia coli O157:H7 fecal MARC beef cattle feedlot animal #4262 pen 301 was positive STEC O157 clone 130-1N5,9,100.0,0.5703125,1.0,0.09608353892152077,696.0,925.1795138242092,0.967435545139537,0.9928887934220945,-0.022222222222222223,True,1.0,12905.0,Healthy,Male,Placebo-resistant (STRICT-ADAPTIVE)
50700, g__Dialister, s__unclassified, p__Firmicutes, c__Clostridia, o__Clostridiales, f__Veillonellaceae,k__Bacteria; p__Firmicutes; c__Clostridia; o__Clostridiales; f__Veillonellaceae; g__Dialister; s__unclassified; 50700; DQ325967.1 gg_id:146807 Metagenomic gut microbiome healthy human stool clone B859, DQ325967.1 gg_id:146807 Metagenomic gut microbiome healthy human stool clone B859,9,-121.0,0.91015625,1.0,0.03334103662634123,561.0,597.0963714510414,0.6533789106936937,0.9002109436224224,0.13333333333333333,True,1.0,14082.0,Healthy,Male,Placebo-resistant (STRICT-ADAPTIVE)
45087, g__Streptococcus, s__Streptococcus gordonii, p__Firmicutes, c__Bacilli, o__Lactobacillales, f__Streptococcaceae,k__Bacteria; p__Firmicutes; c__Bacilli; o__Lactobacillales; f__Streptococcaceae; g__Streptococcus; s__Streptococcus gordonii; 45087; AJ427479.1 gg_id:36023 Streptococcus gordonii str. DL1, AJ427479.1 gg_id:36023 Streptococcus gordonii str. DL1,9,-129.0,0.49609375,1.0,0.05708492210248274,520.0,509.84197020035316,0.7133031738784577,0.9207147820005681,0.1111111111111111,True,1.0,12378.0,Healthy,Male,Placebo-resistant (STRICT-ADAPTIVE)
67915, g__Prevotella, s__unclassified, p__Bacteroidetes, c__Bacteroidia, o__Bacteroidales, f__Prevotellaceae,k__Bacteria; p__Bacteroidetes; c__Bacteroidia; o__Bacteroidales; f__Prevotellaceae; g__Prevotella; s__unclassified; 67915; EU461617.1 gg_id:288217 mongoose lemur feces clone ML_aaj25f05, EU461617.1 gg_id:288217 mongoose lemur feces clone ML_aaj25f05,9,111.0,0.8203125,1.0,0.06597209457278352,1170.0,1010.3955595706069,0.6533789106936937,0.9002109436224224,0.13333333333333333,True,1.0,13785.0,Healthy,Male,Placebo-resistant (STRICT-ADAPTIVE)
26567, g__Faecalibacterium, s__unclassified, p__Firmicutes, c__Clostridia, o__Clostridiales, f__Ruminococcaceae,k__Bacteria; p__Firmicutes; c__Clostridia; o__Clostridiales; f__Ruminococcaceae; g__Faecalibacterium; s__unclassified; 26567; DQ825000.1 gg_id:174877 human fecal clone RL185_aao72b01, DQ825000.1 gg_id:174877 human fecal clone RL185_aao72b01,9,35.0,0.42578125,1.0,0.079346470947068,781.0,769.6463858451131,0.8382564863858263,0.9581536201140475,-0.06666666666666667,True,1.0,12704.0,Healthy,Male,Placebo-resistant (STRICT-ADAPTIVE)
69041, g__Bacteroides, s__unclassified, p__Bacteroidetes, c__Bacteroidia, o__Bacteroidales, f__Bacteroidaceae,k__Bacteria; p__Bacteroidetes; c__Bacteroidia; o__Bacteroidales; f__Bacteroidaceae; g__Bacteroides; s__unclassified; 69041; FJ368848.1 gg_id:365266 feces adult twins and mothers; TS4 clone TS4_a01c10, FJ368848.1 gg_id:365266 feces adult twins and mothers TS4 clone TS4_a01c10,9,78.0,0.25,1.0,0.1304957053094078,1473.0,865.6240601503121,0.6829598733032564,0.9207147820005681,-0.12222222222222222,True,1.0,13275.0,Healthy,Male,Placebo-resistant (STRICT-ADAPTIVE)
28196, g__unclassified, s__unclassified, p__Bacteroidetes, c__Bacteroidia, o__Bacteroidales, f__RikenellaceaeII,k__Bacteria; p__Bacteroidetes; c__Bacteroidia; o__Bacteroidales; f__RikenellaceaeII; g__unclassified; s__unclassified; 28196; EU778281.1 gg_id:307742 feces clone RL117_aae92a01, EU778281.1 gg_id:307742 feces clone RL117_aae92a01,9,133.0,0.5703125,1.0,0.07323161075784733,1181.0,879.485736047556,0.9025232501776794,0.9754023282151151,0.044444444444444446,True,1.0,11957.0,Healthy,Male,Placebo-resistant (STRICT-ADAPTIVE)
44441, g__Streptococcus, s__unclassified, p__Firmicutes, c__Bacilli, o__Lactobacillales, f__Streptococcaceae,k__Bacteria; p__Firmicutes; c__Bacilli; o__Lactobacillales; f__Streptococcaceae; g__Streptococcus; s__unclassified; 44441; EU461834.1 gg_id:301274 white-faced saki feces clone Saki_aaj61h04, EU461834.1 gg_id:301274 white-faced saki feces clone Saki_aaj61h04,9,-57.0,0.65234375,1.0,0.02372601567828364,433.0,339.14804201115476,0.7133031738784577,0.9207147820005681,0.1111111111111111,True,1.0,13720.0,Healthy,Male,Placebo-resistant (STRICT-ADAPTIVE)
50006, g__Collinsella, s__unclassified, p__Actinobacteria, c__Actinobacteria, o__Coriobacteriales, f__Coriobacteriaceae,k__Bacteria; p__Actinobacteria; c__Actinobacteria; o__Coriobacteriales; f__Coriobacteriaceae; g__Collinsella; s__unclassified; 50006; EU465454.1 gg_id:289322 lion feces clone LI3_aah77f02, EU465454.1 gg_id:289322 lion feces clone LI3_aah77f02,9,81.0,0.5703125,1.0,0.04774650759661466,589.0,432.7717878975015,0.7133031738784577,0.9207147820005681,0.1111111111111111,True,1.0,13066.0,Healthy,Male,Placebo-resistant (STRICT-ADAPTIVE)
4723, g__unclassified, s__unclassified, p__Proteobacteria, c__Gammaproteobacteria, o__Enterobacteriales, f__Enterobacteriaceae,k__Bacteria; p__Proteobacteria; c__Gammaproteobacteria; o__Enterobacteriales; f__Enterobacteriaceae; g__unclassified; s__unclassified; 4723; GQ025526.1 gg_id:446114 Topographical and Temporal Human Skin Microbiome skin antecubital fossa clone nbw890b02c1, GQ025526.1 gg_id:446114 Topographical and Temporal Human Skin Microbiome skin antecubital fossa clone nbw890b02c1,9,80.0,0.65234375,1.0,0.057311979646701844,632.0,637.725735964224,0.967435545139537,0.9928887934220945,0.022222222222222223,True,1.0,13443.0,Healthy,Male,Placebo-resistant (STRICT-ADAPTIVE)
59202, g__unclassified, s__unclassified, p__Proteobacteria, c__Alphaproteobacteria, o__Caulobacterales, f__Caulobacteraceae,k__Bacteria; p__Proteobacteria; c__Alphaproteobacteria; o__Caulobacterales; f__Caulobacteraceae; g__unclassified; s__unclassified; 59202; GU118509.1 gg_id:573233 Threatened Corals Provide Microbial Habitats clone Gven_K20, GU118509.1 gg_id:573233 Threatened Corals Provide Microbial Habitats clone Gven_K20,9,-32.0,0.91015625,1.0,0.10051855195239408,1111.0,878.0832823827134,0.7750513736700824,0.9376534160753778,0.08888888888888889,True,1.0,10869.0,Healthy,Male,Placebo-resistant (STRICT-ADAPTIVE)
55591, g__Akkermansia, s__unclassified, p__Verrucomicrobia, c__Verrucomicrobiae, o__Verrucomicrobiales, f__Verrucomicrobiaceae,k__Bacteria; p__Verrucomicrobia; c__Verrucomicrobiae; o__Verrucomicrobiales; f__Verrucomicrobiaceae; g__Akkermansia; s__unclassified; 55591; EU507089.1 gg_id:266625 cecal contents Mus musculus strain C57BL/6J; MD22 clone MD22_aaa01a11, EU507089.1 gg_id:266625 cecal contents Mus musculus strain C57BL/6J MD22 clone MD22_aaa01a11,9,-182.0,0.91015625,1.0,0.038254815520647356,595.0,507.3151052791987,0.6533789106936937,0.9002109436224224,0.13333333333333333,True,1.0,13407.0,Healthy,Male,Placebo-resistant (STRICT-ADAPTIVE)
70164, g__Dialister, s__unclassified, p__Firmicutes, c__Clostridia, o__Clostridiales, f__Veillonellaceae,k__Bacteria; p__Firmicutes; c__Clostridia; o__Clostridiales; f__Veillonellaceae; g__Dialister; s__unclassified; 70164; EU775402.1 gg_id:342839 Western lowland gorilla feces clone GOR_aag73e12, EU775402.1 gg_id:342839 Western lowland gorilla feces clone GOR_aag73e12,9,18.0,0.49609375,1.0,0.17226283652625946,1710.0,1494.081017749707,0.7750513736700824,0.9376534160753778,-0.08888888888888889,True,1.0,10913.0,Healthy,Male,Placebo-resistant (STRICT-ADAPTIVE)
24915, g__Faecalibacterium, s__Faecalibacterium prausnitzii, p__Firmicutes, c__Clostridia, o__Clostridiales, f__Ruminococcaceae,k__Bacteria; p__Firmicutes; c__Clostridia; o__Clostridiales; f__Ruminococcaceae; g__Faecalibacterium; s__Faecalibacterium prausnitzii; 24915; FJ683660.1 gg_id:526565 Synecology primary and secondary habitats Escherichia coli O157:H7 fecal MARC beef cattle feedlot animal #4351 pen 301; was negative STEC O157 clone 8-7J9, FJ683660.1 gg_id:526565 Synecology primary and secondary habitats Escherichia coli O157:H7 fecal MARC beef cattle feedlot animal #4351 pen 301 was negative STEC O157 clone 8-7J9,9,-118.0,0.8203125,1.0,0.10732446433629356,990.0,1050.1767740295493,0.7133031738784577,0.9207147820005681,0.1111111111111111,True,1.0,13886.0,Healthy,Male,Placebo-resistant (STRICT-ADAPTIVE)
2094, g__unclassified, s__unclassified, p__Proteobacteria, c__Gammaproteobacteria, o__Oceanospirillales, f__Oceanospirillaceae,k__Bacteria; p__Proteobacteria; c__Gammaproteobacteria; o__Oceanospirillales; f__Oceanospirillaceae; g__unclassified; s__unclassified; 2094; FJ403057.1 gg_id:364908 Disease- changes healthy and diseased colonies Caribbean coral Montastrea faveolata Oceanospirillales clone MD2.8, FJ403057.1 gg_id:364908 Disease- changes healthy and diseased colonies Caribbean coral Montastrea faveolata Oceanospirillales clone MD2.8,9,-92.0,0.88671875,1.0,0.03764605296401785,664.0,456.9510884596342,0.8381864806450703,0.9581536201140475,0.06666666666666667,True,1.0,12760.0,Healthy,Male,Placebo-resistant (STRICT-ADAPTIVE)
66978, g__Prevotella, s__unclassified, p__Bacteroidetes, c__Bacteroidia, o__Bacteroidales, f__Prevotellaceae,k__Bacteria; p__Bacteroidetes; c__Bacteroidia; o__Bacteroidales; f__Prevotellaceae; g__Prevotella; s__unclassified; 66978; AJ581354.1 gg_id:151386 Prevotella sp. str. BI-42, AJ581354.1 gg_id:151386 Prevotella sp. str. BI-42,9,-199.0,0.734375,1.0,0.04807943825182567,1106.0,557.1466569744251,0.8064127004978174,0.9581536201140475,0.08888888888888889,True,1.0,14582.0,Healthy,Male,Placebo-resistant (STRICT-ADAPTIVE)
26534, g__Faecalibacterium, s__unclassified, p__Firmicutes, c__Clostridia, o__Clostridiales, f__Ruminococcaceae,k__Bacteria; p__Firmicutes; c__Clostridia; o__Clostridiales; f__Ruminococcaceae; g__Faecalibacterium; s__unclassified; 26534; DQ806688.1 gg_id:183513 human fecal clone RL186_aao47e12, DQ806688.1 gg_id:183513 human fecal clone RL186_aao47e12,9,168.0,0.5703125,1.0,0.15212764865592482,1629.0,1306.081548823724,0.7750513736700824,0.9376534160753778,-0.08888888888888889,True,1.0,12844.0,Healthy,Male,Placebo-resistant (STRICT-ADAPTIVE)
24867, g__Faecalibacterium, s__Faecalibacterium prausnitzii, p__Firmicutes, c__Clostridia, o__Clostridiales, f__Ruminococcaceae,k__Bacteria; p__Firmicutes; c__Clostridia; o__Clostridiales; f__Ruminococcaceae; g__Faecalibacterium; s__Faecalibacterium prausnitzii; 24867; DQ798615.1 gg_id:192312 human fecal clone RL181_aan99a08, DQ798615.1 gg_id:192312 human fecal clone RL181_aan99a08,9,-26.0,1.0,1.0,0.07333561253989672,775.0,758.60019749829,0.8382564863858263,0.9581536201140475,0.06666666666666667,True,1.0,13059.0,Healthy,Male,Placebo-resistant (STRICT-ADAPTIVE)
26385, g__Faecalibacterium, s__unclassified, p__Firmicutes, c__Clostridia, o__Clostridiales, f__Ruminococcaceae,k__Bacteria; p__Firmicutes; c__Clostridia; o__Clostridiales; f__Ruminococcaceae; g__Faecalibacterium; s__unclassified; 26385; FJ682340.1 gg_id:512027 Synecology primary and secondary habitats Escherichia coli O157:H7 fecal MARC beef cattle feedlot animal #4351 pen 301; was negative STEC O157 clone 8-3A21, FJ682340.1 gg_id:512027 Synecology primary and secondary habitats Escherichia coli O157:H7 fecal MARC beef cattle feedlot animal #4351 pen 301 was negative STEC O157 clone 8-3A21,9,-138.0,0.91015625,1.0,0.041919116142368804,474.0,421.7703683812371,0.6533789106936937,0.9002109436224224,0.13333333333333333,True,1.0,13778.0,Healthy,Male,Placebo-resistant (STRICT-ADAPTIVE)
55956, g__Akkermansia, s__unclassified, p__Verrucomicrobia, c__Verrucomicrobiae, o__Verrucomicrobiales, f__Verrucomicrobiaceae,k__Bacteria; p__Verrucomicrobia; c__Verrucomicrobiae; o__Verrucomicrobiales; f__Verrucomicrobiaceae; g__Akkermansia; s__unclassified; 55956; EU509193.1 gg_id:268293 cecal contents Mus musculus strain C57BL/6J; MD8 clone MD8_aap45f10, EU509193.1 gg_id:268293 cecal contents Mus musculus strain C57BL/6J MD8 clone MD8_aap45f10,9,-86.0,0.42578125,1.0,0.040935834489453884,648.0,429.3954628441143,0.6533789106936937,0.9002109436224224,0.13333333333333333,True,1.0,13586.0,Healthy,Male,Placebo-resistant (STRICT-ADAPTIVE)
67777, g__Prevotella, s__unclassified, p__Bacteroidetes, c__Bacteroidia, o__Bacteroidales, f__Prevotellaceae,k__Bacteria; p__Bacteroidetes; c__Bacteroidia; o__Bacteroidales; f__Prevotellaceae; g__Prevotella; s__unclassified; 67777; EU776856.1 gg_id:313152 Mongoose lemur feces clone ML_aaj27h04, EU776856.1 gg_id:313152 Mongoose lemur feces clone ML_aaj27h04,9,-106.0,0.5703125,1.0,0.0871178007746157,1565.0,1127.7193384880832,0.7750513736700824,0.9376534160753778,0.08888888888888889,True,1.0,13286.0,Healthy,Male,Placebo-resistant (STRICT-ADAPTIVE)
67055, g__Prevotella, s__unclassified, p__Bacteroidetes, c__Bacteroidia, o__Bacteroidales, f__Prevotellaceae,k__Bacteria; p__Bacteroidetes; c__Bacteroidia; o__Bacteroidales; f__Prevotellaceae; g__Prevotella; s__unclassified; 67055; GQ493961.1 gg_id:561151 Effect Diet on Human Gut Microbiome: Metagenomic Humanized Gnotobiotic Mice cecal contents Mus musculus strain C57BL/6J; PM9 clone PM9_a03e03, GQ493961.1 gg_id:561151 Effect Diet on Human Gut Microbiome: Metagenomic Humanized Gnotobiotic Mice cecal contents Mus musculus strain C57BL/6J PM9 clone PM9_a03e03,9,205.0,1.0,1.0,0.11141117834822722,1159.0,1078.7673931750892,0.6533789106936937,0.9002109436224224,0.13333333333333333,True,1.0,14070.0,Healthy,Male,Placebo-resistant (STRICT-ADAPTIVE)
26041, g__Faecalibacterium, s__unclassified, p__Firmicutes, c__Clostridia, o__Clostridiales, f__Ruminococcaceae,k__Bacteria; p__Firmicutes; c__Clostridia; o__Clostridiales; f__Ruminococcaceae; g__Faecalibacterium; s__unclassified; 26041; DQ793443.1 gg_id:180165 human fecal clone RL199_aaj43g08, DQ793443.1 gg_id:180165 human fecal clone RL199_aaj43g08,9,136.0,0.796875,1.0,0.02576573055534279,352.0,347.02047662926174,0.9674212610240318,0.9928887934220945,-0.022222222222222223,True,1.0,14822.0,Healthy,Male,Placebo-resistant (STRICT-ADAPTIVE)
72044, g__Lactobacillus, s__unclassified, p__Firmicutes, c__Bacilli, o__Lactobacillales, f__Lactobacillaceae,k__Bacteria; p__Firmicutes; c__Bacilli; o__Lactobacillales; f__Lactobacillaceae; g__Lactobacillus; s__unclassified; 72044; EU510975.1 gg_id:266415 cecal contents Mus musculus strain C57BL/6J; WD6 clone WD6_aak52f08, EU510975.1 gg_id:266415 cecal contents Mus musculus strain C57BL/6J WD6 clone WD6_aak52f08,9,110.0,0.91015625,1.0,0.06471527452719228,1103.0,985.1561912260975,0.7750513736700824,0.9376534160753778,0.08888888888888889,True,1.0,11313.0,Healthy,Male,Placebo-resistant (STRICT-ADAPTIVE)
26506, g__Faecalibacterium, s__unclassified, p__Firmicutes, c__Clostridia, o__Clostridiales, f__Ruminococcaceae,k__Bacteria; p__Firmicutes; c__Clostridia; o__Clostridiales; f__Ruminococcaceae; g__Faecalibacterium; s__unclassified; 26506; FJ370312.1 gg_id:367326 feces adult twins and mothers; TS56 clone TS56_a03c09, FJ370312.1 gg_id:367326 feces adult twins and mothers TS56 clone TS56_a03c09,9,158.0,0.734375,1.0,0.06162184090183111,588.0,716.0593838502502,0.7133031738784577,0.9207147820005681,-0.1111111111111111,True,1.0,14025.0,Healthy,Male,Placebo-resistant (STRICT-ADAPTIVE)
17804, g__Roseburia, s__Eubacterium rectale, p__Firmicutes, c__Clostridia, o__Clostridiales, f__Lachnospiraceae,k__Bacteria; p__Firmicutes; c__Clostridia; o__Clostridiales; f__Lachnospiraceae; g__Roseburia; s__Eubacterium rectale; 17804; AY980949.1 gg_id:117339 human rectum mucosal biopsy clone V010, AY980949.1 gg_id:117339 human rectum mucosal biopsy clone V010,9,-244.0,0.359375,1.0,0.06483897981081851,655.0,742.4183833332194,0.6533789106936937,0.9002109436224224,0.13333333333333333,True,1.0,14587.0,Healthy,Male,Placebo-resistant (STRICT-ADAPTIVE)
50150, g__Dialister, s__unclassified, p__Firmicutes, c__Clostridia, o__Clostridiales, f__Veillonellaceae,k__Bacteria; p__Firmicutes; c__Clostridia; o__Clostridiales; f__Veillonellaceae; g__Dialister; s__unclassified; 50150; DQ326331.1 gg_id:145728 Metagenomic gut microbiome healthy human stool clone C320, DQ326331.1 gg_id:145728 Metagenomic gut microbiome healthy human stool clone C320,9,-191.0,1.0,1.0,0.045637770629585225,714.0,1091.1721281468126,0.8382564863858263,0.9581536201140475,0.06666666666666667,True,1.0,13443.0,Healthy,Male,Placebo-resistant (STRICT-ADAPTIVE)
50355, g__Veillonella, s__Veillonella parvula, p__Firmicutes, c__Clostridia, o__Clostridiales, f__Veillonellaceae,k__Bacteria; p__Firmicutes; c__Clostridia; o__Clostridiales; f__Veillonellaceae; g__Veillonella; s__Veillonella parvula; 50355; AF439641.1 gg_id:35224 Veillonella atypica str. ATCC 17744, AF439641.1 gg_id:35224 Veillonella atypica str. ATCC 17744,9,-12.0,1.0,1.0,0.1425957522555995,1747.0,1427.9136073306395,0.7133031738784577,0.9207147820005681,0.1111111111111111,True,1.0,12797.0,Healthy,Male,Placebo-resistant (STRICT-ADAPTIVE)
44619, g__Clostridium, s__unclassified, p__Firmicutes, c__Clostridia, o__Clostridiales, f__Clostridiaceae,k__Bacteria; p__Firmicutes; c__Clostridia; o__Clostridiales; f__Clostridiaceae; g__Clostridium; s__unclassified; 44619; EU462622.1 gg_id:302041 Sumatran orangutan feces clone orang2_aai66c04, EU462622.1 gg_id:302041 Sumatran orangutan feces clone orang2_aai66c04,9,-132.0,0.91015625,1.0,0.13245400125122092,1469.0,1233.5455347898592,0.6533789106936937,0.9002109436224224,0.13333333333333333,True,1.0,10736.0,Healthy,Male,Placebo-resistant (STRICT-ADAPTIVE)
41277, g__sfA, s__unclassified, p__Actinobacteria, c__Actinobacteria, o__unclassified, f__unclassified,k__Bacteria; p__Actinobacteria; c__Actinobacteria; o__unclassified; f__unclassified; g__sfA; s__unclassified; 41277; GQ340075.1 gg_id:568363 Prokaryotic Marathonas Reservoir Greece water column clone A07-25-BAC, GQ340075.1 gg_id:568363 Prokaryotic Marathonas Reservoir Greece water column clone A07-25-BAC,9,-10.0,1.0,1.0,0.046371831213724374,465.0,475.9246738718219,0.8381864806450703,0.9581536201140475,0.06666666666666667,True,1.0,12361.0,Healthy,Male,Placebo-resistant (STRICT-ADAPTIVE)
28239, g__unclassified, s__unclassified, p__Firmicutes, c__Clostridia, o__Clostridiales, f__Lachnospiraceae,k__Bacteria; p__Firmicutes; c__Clostridia; o__Clostridiales; f__Lachnospiraceae; g__unclassified; s__unclassified; 28239; DQ456202.1 gg_id:158293 pre-adolescent turkey cecum clone CFT29E12, DQ456202.1 gg_id:158293 pre-adolescent turkey cecum clone CFT29E12,9,438.0,0.5703125,1.0,0.16977245178431372,2018.0,1281.72941607987,0.7750513736700824,0.9376534160753778,-0.08888888888888889,True,1.0,11000.0,Healthy,Male,Placebo-resistant (STRICT-ADAPTIVE)
26155, g__Faecalibacterium, s__unclassified, p__Firmicutes, c__Clostridia, o__Clostridiales, f__Ruminococcaceae,k__Bacteria; p__Firmicutes; c__Clostridia; o__Clostridiales; f__Ruminococcaceae; g__Faecalibacterium; s__unclassified; 26155; FJ678852.1 gg_id:520763 Synecology primary and secondary habitats Escherichia coli O157:H7 fecal MARC beef cattle feedlot animal #4017 pen 301; was positive STEC O157 clone 4-7P8, FJ678852.1 gg_id:520763 Synecology primary and secondary habitats Escherichia coli O157:H7 fecal MARC beef cattle feedlot animal #4017 pen 301 was positive STEC O157 clone 4-7P8,9,-85.0,1.0,1.0,0.0857854650809822,703.0,780.7364873701697,0.6533789106936937,0.9002109436224224,0.13333333333333333,True,1.0,13992.0,Healthy,Male,Placebo-resistant (STRICT-ADAPTIVE)
27005, g__unclassified, s__unclassified, p__Firmicutes, c__Clostridia, o__Clostridiales, f__Ruminococcaceae,k__Bacteria; p__Firmicutes; c__Clostridia; o__Clostridiales; f__Ruminococcaceae; g__unclassified; s__unclassified; 27005; FJ366095.1 gg_id:367681 feces adult twins and mothers; TS25 clone TS25_a02f06, FJ366095.1 gg_id:367681 feces adult twins and mothers TS25 clone TS25_a02f06,9,-169.0,0.91015625,1.0,0.09468394150931289,1627.0,854.8121908349225,0.967435545139537,0.9928887934220945,0.022222222222222223,True,1.0,11627.0,Healthy,Male,Placebo-resistant (STRICT-ADAPTIVE)
25446, g__Faecalibacterium, s__Faecalibacterium prausnitzii, p__Firmicutes, c__Clostridia, o__Clostridiales, f__Ruminococcaceae,k__Bacteria; p__Firmicutes; c__Clostridia; o__Clostridiales; f__Ruminococcaceae; g__Faecalibacterium; s__Faecalibacterium prausnitzii; 25446; FJ673618.1 gg_id:521759 Synecology primary and secondary habitats Escherichia coli O157:H7 fecal MARC beef cattle feedlot animal #4262 pen 301; was positive STEC O157 clone 130-5M2, FJ673618.1 gg_id:521759 Synecology primary and secondary habitats Escherichia coli O157:H7 fecal MARC beef cattle feedlot animal #4262 pen 301 was positive STEC O157 clone 130-5M2,9,-1.0,1.0,1.0,0.027091285017672776,385.0,375.6036608506957,0.9025232501776794,0.9754023282151151,-0.044444444444444446,True,1.0,14583.0,Healthy,Male,Placebo-resistant (STRICT-ADAPTIVE)
35107, g__Corynebacterium, s__unclassified, p__Actinobacteria, c__Actinobacteria, o__Actinomycetales, f__Corynebacteriaceae,k__Bacteria; p__Actinobacteria; c__Actinobacteria; o__Actinomycetales; f__Corynebacteriaceae; g__Corynebacterium; s__unclassified; 35107; GQ038243.1 gg_id:382704 Topographical and Temporal Human Skin Microbiome skin toe web space clone nbu382c03c1, GQ038243.1 gg_id:382704 Topographical and Temporal Human Skin Microbiome skin toe web space clone nbu382c03c1,9,19.0,0.42578125,1.0,0.025950386603592602,272.0,272.0993362726194,1.0,1.0,0.0,True,1.0,14297.0,Healthy,Male,Placebo-resistant (STRICT-ADAPTIVE)
41962, g__sfD, s__unclassified, p__Actinobacteria, c__Actinobacteria, o__koll13, f__unclassified,k__Bacteria; p__Actinobacteria; c__Actinobacteria; o__koll13; f__unclassified; g__sfD; s__unclassified; 41962; EU491785.1 gg_id:273839 Abundance and microbial life ocean crust seafloor lavas East Pacific Rise clone EPR3967-O2-Bc36, EU491785.1 gg_id:273839 Abundance and microbial life ocean crust seafloor lavas East Pacific Rise clone EPR3967-O2-Bc36,9,95.0,1.0,1.0,0.11494501794676669,1328.0,1003.5699718062069,0.6533789106936937,0.9002109436224224,0.13333333333333333,True,1.0,9831.0,Healthy,Male,Placebo-resistant (STRICT-ADAPTIVE)
34464, g__Corynebacterium, s__unclassified, p__Actinobacteria, c__Actinobacteria, o__Actinomycetales, f__Corynebacteriaceae,k__Bacteria; p__Actinobacteria; c__Actinobacteria; o__Actinomycetales; f__Corynebacteriaceae; g__Corynebacterium; s__unclassified; 34464; GQ083334.1 gg_id:462578 Topographical and Temporal Human Skin Microbiome skin antecubital fossa clone nbw302e06c1, GQ083334.1 gg_id:462578 Topographical and Temporal Human Skin Microbiome skin antecubital fossa clone nbw302e06c1,9,-89.0,0.5703125,1.0,0.018225471771777555,216.0,261.23516412952097,0.6533789106936937,0.9002109436224224,0.13333333333333333,True,1.0,14503.0,Healthy,Male,Placebo-resistant (STRICT-ADAPTIVE)
58669, g__sfA, s__unclassified, p__Firmicutes, c__Clostridia, o__OPB54, f__unclassified,k__Bacteria; p__Firmicutes; c__Clostridia; o__OPB54; f__unclassified; g__sfA; s__unclassified; 58669; AY330129.1 gg_id:95835 methanogenic landfill leachate bioreactor clone AC007, AY330129.1 gg_id:95835 methanogenic landfill leachate bioreactor clone AC007,9,324.0,1.0,1.0,0.07112491248232791,1192.0,777.6984279269182,0.8382564863858263,0.9581536201140475,-0.06666666666666667,True,1.0,11001.0,Healthy,Male,Placebo-resistant (STRICT-ADAPTIVE)
24592, g__Faecalibacterium, s__unclassified, p__Firmicutes, c__Clostridia, o__Clostridiales, f__Ruminococcaceae,k__Bacteria; p__Firmicutes; c__Clostridia; o__Clostridiales; f__Ruminococcaceae; g__Faecalibacterium; s__unclassified; 24592; FJ372239.1 gg_id:362043 feces adult twins and mothers; TS9 clone TS9_a03c11, FJ372239.1 gg_id:362043 feces adult twins and mothers TS9 clone TS9_a03c11,9,-56.0,0.8203125,1.0,0.030874908617841253,412.0,505.1494018384836,0.7750513736700824,0.9376534160753778,0.08888888888888889,True,1.0,14324.0,Healthy,Male,Placebo-resistant (STRICT-ADAPTIVE)
22038, g__unclassified, s__unclassified, p__Firmicutes, c__Clostridia, o__Clostridiales, f__Ruminococcaceae,k__Bacteria; p__Firmicutes; c__Clostridia; o__Clostridiales; f__Ruminococcaceae; g__unclassified; s__unclassified; 22038; GQ897911.1 gg_id:589989 Diets enriched fructans and/or can alter dominant fecal humans but do so non-consistent manner feces human soy protein supplemented diet clone A4-8, GQ897911.1 gg_id:589989 Diets enriched fructans and/or can alter dominant fecal humans but do so non-consistent manner feces human soy protein supplemented diet clone A4-8,9,61.0,1.0,1.0,0.09797678349048212,1317.0,1014.8936785693367,0.7750513736700824,0.9376534160753778,-0.08888888888888889,True,1.0,12409.0,Healthy,Male,Placebo-resistant (STRICT-ADAPTIVE)
49026, g__Bacillus, s__Bacillus amyloliquefaciens, p__Firmicutes, c__Bacilli, o__Bacillales, f__Bacillaceae,k__Bacteria; p__Firmicutes; c__Bacilli; o__Bacillales; f__Bacillaceae; g__Bacillus; s__Bacillus amyloliquefaciens; 49026; GU122961.1 gg_id:527139 Bacillus subtilis str. DBTMAR, GU122961.1 gg_id:527139 Bacillus subtilis str. DBTMAR,9,72.0,1.0,1.0,0.07226714829368583,620.0,726.2489893815879,1.0,1.0,0.0,True,1.0,12358.0,Healthy,Male,Placebo-resistant (STRICT-ADAPTIVE)
55994, g__Akkermansia, s__Akkermansia muciniphila, p__Verrucomicrobia, c__Verrucomicrobiae, o__Verrucomicrobiales, f__Verrucomicrobiaceae,k__Bacteria; p__Verrucomicrobia; c__Verrucomicrobiae; o__Verrucomicrobiales; f__Verrucomicrobiaceae; g__Akkermansia; s__Akkermansia muciniphila; 55994; EU768222.1 gg_id:353694 Pervasive effects antibiotic on human gut microbiota deep sequencing fecal clone C4_566, EU768222.1 gg_id:353694 Pervasive effects antibiotic on human gut microbiota deep sequencing fecal clone C4_566,9,390.0,0.734375,1.0,0.15094100422267473,1476.0,1233.1219194836783,0.7750513736700824,0.9376534160753778,0.08888888888888889,True,1.0,12614.0,Healthy,Male,Placebo-resistant (STRICT-ADAPTIVE)
50614, g__Veillonella, s__Veillonella parvula, p__Firmicutes, c__Clostridia, o__Clostridiales, f__Veillonellaceae,k__Bacteria; p__Firmicutes; c__Clostridia; o__Clostridiales; f__Veillonellaceae; g__Veillonella; s__Veillonella parvula; 50614; GQ086120.1 gg_id:463770 Topographical and Temporal Human Skin Microbiome skin interdigital web space clone nbw285h06c1, GQ086120.1 gg_id:463770 Topographical and Temporal Human Skin Microbiome skin interdigital web space clone nbw285h06c1,9,213.0,0.65234375,1.0,0.22309814574253675,3192.0,2038.5580103592833,0.8382564863858263,0.9581536201140475,-0.06666666666666667,True,1.0,8761.0,Healthy,Male,Placebo-resistant (STRICT-ADAPTIVE)
18294, g__Roseburia, s__Eubacterium rectale, p__Firmicutes, c__Clostridia, o__Clostridiales, f__Lachnospiraceae,k__Bacteria; p__Firmicutes; c__Clostridia; o__Clostridiales; f__Lachnospiraceae; g__Roseburia; s__Eubacterium rectale; 18294; EU768316.1 gg_id:330961 Pervasive effects antibiotic on human gut microbiota deep sequencing fecal clone C5_328, EU768316.1 gg_id:330961 Pervasive effects antibiotic on human gut microbiota deep sequencing fecal clone C5_328,9,-146.0,0.734375,1.0,0.10444281661957702,1238.0,974.0783297958013,0.7750513736700824,0.9376534160753778,0.08888888888888889,True,1.0,12025.0,Healthy,Male,Placebo-resistant (STRICT-ADAPTIVE)
52496, g__sfA, s__unclassified, p__Cyanobacteria, c__4C0d-2, o__YS2, f__unclassified,k__Bacteria; p__Cyanobacteria; c__4C0d-2; o__YS2; f__unclassified; g__sfA; s__unclassified; 52496; EU459480.1 gg_id:301614 capybara feces clone CAP_aah98b01, EU459480.1 gg_id:301614 capybara feces clone CAP_aah98b01,9,148.0,0.8203125,1.0,0.1352435427824253,1434.0,1040.8536097090907,0.967435545139537,0.9928887934220945,-0.022222222222222223,True,1.0,10211.0,Healthy,Male,Placebo-resistant (STRICT-ADAPTIVE)
22677, g__unclassified, s__unclassified, p__Firmicutes, c__Clostridia, o__Clostridiales, f__Lachnospiraceae,k__Bacteria; p__Firmicutes; c__Clostridia; o__Clostridiales; f__Lachnospiraceae; g__unclassified; s__unclassified; 22677; EU451262.1 gg_id:356504 Innate immunity and intestinal microbiota Type 1 diabetes mouse cecum clone H77S3_57g02, EU451262.1 gg_id:356504 Innate immunity and intestinal microbiota Type 1 diabetes mouse cecum clone H77S3_57g02,9,-14.0,1.0,1.0,0.03213296581911457,489.0,370.97958817763066,0.967435545139537,0.9928887934220945,-0.022222222222222223,True,1.0,13772.0,Healthy,Male,Placebo-resistant (STRICT-ADAPTIVE)
25770, g__Faecalibacterium, s__unclassified, p__Firmicutes, c__Clostridia, o__Clostridiales, f__Ruminococcaceae,k__Bacteria; p__Firmicutes; c__Clostridia; o__Clostridiales; f__Ruminococcaceae; g__Faecalibacterium; s__unclassified; 25770; FJ673167.1 gg_id:526881 Synecology primary and secondary habitats Escherichia coli O157:H7 fecal MARC beef cattle feedlot animal #4262 pen 301; was positive STEC O157 clone 130-1K24, FJ673167.1 gg_id:526881 Synecology primary and secondary habitats Escherichia coli O157:H7 fecal MARC beef cattle feedlot animal #4262 pen 301 was positive STEC O157 clone 130-1K24,9,719.0,0.734375,1.0,0.16550112962029248,1859.0,1485.3468198370374,1.0,1.0,0.0,True,1.0,11379.0,Healthy,Male,Placebo-resistant (STRICT-ADAPTIVE)
27260, g__unclassified, s__unclassified, p__Firmicutes, c__Clostridia, o__Clostridiales, f__Ruminococcaceae,k__Bacteria; p__Firmicutes; c__Clostridia; o__Clostridiales; f__Ruminococcaceae; g__unclassified; s__unclassified; 27260; DQ798670.1 gg_id:199475 human fecal clone RL181_aan99g11, DQ798670.1 gg_id:199475 human fecal clone RL181_aan99g11,9,68.0,0.91015625,1.0,0.05143191972383,791.0,694.8830752803749,1.0,1.0,0.0,True,1.0,11760.0,Healthy,Male,Placebo-resistant (STRICT-ADAPTIVE)
26364, g__Faecalibacterium, s__unclassified, p__Firmicutes, c__Clostridia, o__Clostridiales, f__Ruminococcaceae,k__Bacteria; p__Firmicutes; c__Clostridia; o__Clostridiales; f__Ruminococcaceae; g__Faecalibacterium; s__unclassified; 26364; AY983994.1 gg_id:120170 human descending colon mucosal biopsy clone MD11, AY983994.1 gg_id:120170 human descending colon mucosal biopsy clone MD11,9,16.0,0.91015625,1.0,0.07337673301425734,552.0,716.348349896892,0.7750513736700824,0.9376534160753778,0.08888888888888889,True,1.0,13762.0,Healthy,Male,Placebo-resistant (STRICT-ADAPTIVE)
24421, g__Faecalibacterium, s__unclassified, p__Firmicutes, c__Clostridia, o__Clostridiales, f__Ruminococcaceae,k__Bacteria; p__Firmicutes; c__Clostridia; o__Clostridiales; f__Ruminococcaceae; g__Faecalibacterium; s__unclassified; 24421; DQ795862.1 gg_id:181839 human fecal clone RL245_aai83e10, DQ795862.1 gg_id:181839 human fecal clone RL245_aai83e10,9,125.0,0.65234375,1.0,0.06935346942267767,497.0,780.9874919470719,0.8702263458891504,0.9754023282151151,-0.044444444444444446,True,1.0,13679.0,Healthy,Male,Placebo-resistant (STRICT-ADAPTIVE)
25466, g__Faecalibacterium, s__Faecalibacterium prausnitzii, p__Firmicutes, c__Clostridia, o__Clostridiales, f__Ruminococcaceae,k__Bacteria; p__Firmicutes; c__Clostridia; o__Clostridiales; f__Ruminococcaceae; g__Faecalibacterium; s__Faecalibacterium prausnitzii; 25466; FJ364960.1 gg_id:361692 feces adult twins and mothers; TS1 clone TS1_a01c03, FJ364960.1 gg_id:361692 feces adult twins and mothers TS1 clone TS1_a01c03,9,-104.0,1.0,1.0,0.10818752623022104,1231.0,963.9782896126056,0.8382564863858263,0.9581536201140475,0.06666666666666667,True,1.0,14358.0,Healthy,Male,Placebo-resistant (STRICT-ADAPTIVE)
41457, g__sfA, s__unclassified, p__Actinobacteria, c__Actinobacteria, o__MC47, f__unclassified,k__Bacteria; p__Actinobacteria; c__Actinobacteria; o__MC47; f__unclassified; g__sfA; s__unclassified; 41457; EU861970.1 gg_id:305385 effects chronic fertilization on alpine tundra microbial implications carbon and cycling nitrogen amended dry meadow surface soil clone bac2nit92, EU861970.1 gg_id:305385 effects chronic fertilization on alpine tundra microbial implications carbon and cycling nitrogen amended dry meadow surface soil clone bac2nit92,9,304.0,0.42578125,1.0,0.18931392054018206,1872.0,1584.8333049251585,0.8382564863858263,0.9581536201140475,-0.06666666666666667,True,1.0,9215.0,Healthy,Male,Placebo-resistant (STRICT-ADAPTIVE)
71808, g__Lactobacillus, s__unclassified, p__Firmicutes, c__Bacilli, o__Lactobacillales, f__Lactobacillaceae,k__Bacteria; p__Firmicutes; c__Bacilli; o__Lactobacillales; f__Lactobacillaceae; g__Lactobacillus; s__unclassified; 71808; AB186322.1 gg_id:136262 Lactobacillus johnsonii str. DLM 1701, AB186322.1 gg_id:136262 Lactobacillus johnsonii str. DLM 1701,9,84.0,0.5703125,1.0,0.20132274143330242,1365.0,1163.0032187592794,0.6533789106936937,0.9002109436224224,0.13333333333333333,True,1.0,7335.0,Healthy,Male,Placebo-resistant (STRICT-ADAPTIVE)
58993, g__Bradyrhizobium, s__Bradyrhizobium elkanii, p__Proteobacteria, c__Alphaproteobacteria, o__Rhizobiales, f__Bradyrhizobiaceae,k__Bacteria; p__Proteobacteria; c__Alphaproteobacteria; o__Rhizobiales; f__Bradyrhizobiaceae; g__Bradyrhizobium; s__Bradyrhizobium elkanii; 58993; AY904753.1 gg_id:111860 Bradyrhizobium elkanii str. SEMIA 6148, AY904753.1 gg_id:111860 Bradyrhizobium elkanii str. SEMIA 6148,9,552.0,0.1640625,1.0,0.08895091383150992,1269.0,727.4054960229847,1.0,1.0,0.0,True,1.0,12234.0,Healthy,Male,Placebo-resistant (STRICT-ADAPTIVE)
28286, g__unclassified, s__unclassified, p__Firmicutes, c__Clostridia, o__Clostridiales, f__Lachnospiraceae,k__Bacteria; p__Firmicutes; c__Clostridia; o__Clostridiales; f__Lachnospiraceae; g__unclassified; s__unclassified; 28286; CU920499.1 gg_id:559940 Towards definition core microorganisms involved digestion mesophilic anaerobic digester which treats municipal wastewater sludge clone, CU920499.1 gg_id:559940 Towards definition core microorganisms involved digestion mesophilic anaerobic digester which treats municipal wastewater sludge clone,9,-199.0,0.8203125,1.0,0.06876416056560546,1001.0,787.8107761244307,1.0,1.0,0.0,True,1.0,12216.0,Healthy,Male,Placebo-resistant (STRICT-ADAPTIVE)
17883, g__Roseburia, s__Eubacterium rectale, p__Firmicutes, c__Clostridia, o__Clostridiales, f__Lachnospiraceae,k__Bacteria; p__Firmicutes; c__Clostridia; o__Clostridiales; f__Lachnospiraceae; g__Roseburia; s__Eubacterium rectale; 17883; DQ802206.1 gg_id:177793 human fecal clone RL241_aaj04d12, DQ802206.1 gg_id:177793 human fecal clone RL241_aaj04d12,9,-557.0,0.359375,1.0,0.10235600735296732,1563.0,1065.959806142385,0.8382564863858263,0.9581536201140475,0.06666666666666667,True,1.0,12611.0,Healthy,Male,Placebo-resistant (STRICT-ADAPTIVE)
76178, g__Brachyspira, s__unclassified, p__Spirochaetes, c__Brachyspirae, o__Brachyspirales, f__Brachyspiraceae,k__Bacteria; p__Spirochaetes; c__Brachyspirae; o__Brachyspirales; f__Brachyspiraceae; g__Brachyspira; s__unclassified; 76178; DQ922565.1 gg_id:171642 Brachyspira hyodysenteriae str. 91507-8x/01 (T21), DQ922565.1 gg_id:171642 Brachyspira hyodysenteriae str. 91507-8x/01 (T21),9,1.0,0.5703125,1.0,0.0561090588877244,907.0,552.6094072469069,0.7750513736700824,0.9376534160753778,0.08888888888888889,True,1.0,12488.0,Healthy,Male,Placebo-resistant (STRICT-ADAPTIVE)
55405, g__TG5, s__unclassified, p__Synergistetes, c__Synergistia, o__Synergistales, f__Dethiosulfovibrionaceae,k__Bacteria; p__Synergistetes; c__Synergistia; o__Synergistales; f__Dethiosulfovibrionaceae; g__TG5; s__unclassified; 55405; AF125199.2 gg_id:1642 oral cavity clone BH017, AF125199.2 gg_id:1642 oral cavity clone BH017,9,49.0,0.8203125,1.0,0.04423710012447061,563.0,447.0122699782536,0.967435545139537,0.9928887934220945,0.022222222222222223,True,1.0,12905.0,Healthy,Male,Placebo-resistant (STRICT-ADAPTIVE)
72762, g__Clostridium, s__Clostridium acetobutylicum, p__Firmicutes, c__Clostridia, o__Clostridiales, f__Clostridiaceae,k__Bacteria; p__Firmicutes; c__Clostridia; o__Clostridiales; f__Clostridiaceae; g__Clostridium; s__Clostridium acetobutylicum; 72762; AM231183.1 gg_id:151509 Clostridium acetobutylicum str. 7 MSU, AM231183.1 gg_id:151509 Clostridium acetobutylicum str. 7 MSU,9,136.0,1.0,1.0,0.06785203631454176,1114.0,833.9322255435391,0.7133031738784577,0.9207147820005681,0.1111111111111111,True,1.0,12123.0,Healthy,Male,Placebo-resistant (STRICT-ADAPTIVE)
56028, g__Akkermansia, s__Akkermansia muciniphila, p__Verrucomicrobia, c__Verrucomicrobiae, o__Verrucomicrobiales, f__Verrucomicrobiaceae,k__Bacteria; p__Verrucomicrobia; c__Verrucomicrobiae; o__Verrucomicrobiales; f__Verrucomicrobiaceae; g__Akkermansia; s__Akkermansia muciniphila; 56028; FJ369500.1 gg_id:359082 feces adult twins and mothers; TS51 clone TS51_a01c11, FJ369500.1 gg_id:359082 feces adult twins and mothers TS51 clone TS51_a01c11,9,86.0,0.734375,1.0,0.10896295284089427,1429.0,1008.1196954286287,0.7750513736700824,0.9376534160753778,0.08888888888888889,True,1.0,12106.0,Healthy,Male,Placebo-resistant (STRICT-ADAPTIVE)
70400, g__unclassified, s__unclassified, p__Firmicutes, c__Clostridia, o__Clostridiales, f__Lachnospiraceae,k__Bacteria; p__Firmicutes; c__Clostridia; o__Clostridiales; f__Lachnospiraceae; g__unclassified; s__unclassified; 70400; FJ374203.1 gg_id:358826 Inter- and intraspecific humivorous scarab beetle larvae (Pachnoda spp.) larval hindgut clone PeHg31, FJ374203.1 gg_id:358826 Inter- and intraspecific humivorous scarab beetle larvae (Pachnoda spp.) larval hindgut clone PeHg31,9,36.0,0.359375,1.0,0.0610604016457933,700.0,581.8755427065138,0.8382564863858263,0.9581536201140475,0.06666666666666667,True,1.0,12887.0,Healthy,Male,Placebo-resistant (STRICT-ADAPTIVE)
16445, g__Thermomonas, s__unclassified, p__Proteobacteria, c__Gammaproteobacteria, o__Xanthomonadales, f__Xanthomonadaceae,k__Bacteria; p__Proteobacteria; c__Gammaproteobacteria; o__Xanthomonadales; f__Xanthomonadaceae; g__Thermomonas; s__unclassified; 16445; AY218573.1 gg_id:81039 penguin droppings sediments clone KD2-14, AY218573.1 gg_id:81039 penguin droppings sediments clone KD2-14,9,341.0,0.30078125,1.0,0.14422371125048555,1134.0,1032.2066848800732,0.8382564863858263,0.9581536201140475,-0.06666666666666667,True,1.0,9484.0,Healthy,Male,Placebo-resistant (STRICT-ADAPTIVE)
50253, g__Veillonella, s__Veillonella parvula, p__Firmicutes, c__Clostridia, o__Clostridiales, f__Veillonellaceae,k__Bacteria; p__Firmicutes; c__Clostridia; o__Clostridiales; f__Veillonellaceae; g__Veillonella; s__Veillonella parvula; 50253; GQ047868.1 gg_id:451862 Topographical and Temporal Human Skin Microbiome skin popliteal fossa clone nbu513b07c1, GQ047868.1 gg_id:451862 Topographical and Temporal Human Skin Microbiome skin popliteal fossa clone nbu513b07c1,9,666.0,0.91015625,1.0,0.2263172956285694,3251.0,2033.543421561924,0.9025232501776794,0.9754023282151151,-0.044444444444444446,True,1.0,10475.0,Healthy,Male,Placebo-resistant (STRICT-ADAPTIVE)
37291, g__Corynebacterium, s__unclassified, p__Actinobacteria, c__Actinobacteria, o__Actinomycetales, f__Corynebacteriaceae,k__Bacteria; p__Actinobacteria; c__Actinobacteria; o__Actinomycetales; f__Corynebacteriaceae; g__Corynebacterium; s__unclassified; 37291; FJ674631.1 gg_id:523323 Synecology primary and secondary habitats Escherichia coli O157:H7 feedlot surface MARC beef cattle feedlot; top 3 cm behind feedbunk west pen 301; was negative STEC O157 clone LL141-2F6, FJ674631.1 gg_id:523323 Synecology primary and secondary habitats Escherichia coli O157:H7 feedlot surface MARC beef cattle feedlot top 3 cm behind feedbunk west pen 301 was negative STEC O157 clone LL141-2F6,9,386.0,0.5703125,1.0,0.11184848218753093,1626.0,993.6323522197623,0.8382564863858263,0.9581536201140475,0.06666666666666667,True,1.0,10381.0,Healthy,Male,Placebo-resistant (STRICT-ADAPTIVE)
20408, g__Lachnospira, s__unclassified, p__Firmicutes, c__Clostridia, o__Clostridiales, f__Lachnospiraceae,k__Bacteria; p__Firmicutes; c__Clostridia; o__Clostridiales; f__Lachnospiraceae; g__Lachnospira; s__unclassified; 20408; EU763791.1 gg_id:337443 Pervasive effects antibiotic on human gut microbiota deep sequencing fecal clone A5_309, EU763791.1 gg_id:337443 Pervasive effects antibiotic on human gut microbiota deep sequencing fecal clone A5_309,9,90.0,0.734375,1.0,0.1330188155367646,1741.0,1132.8385143130997,0.9025232501776794,0.9754023282151151,-0.044444444444444446,True,1.0,10786.0,Healthy,Male,Placebo-resistant (STRICT-ADAPTIVE)
71629, g__sfA, s__unclassified, p__Tenericutes, c__Mollicutes, o__RF39, f__unclassified,k__Bacteria; p__Tenericutes; c__Mollicutes; o__RF39; f__unclassified; g__sfA; s__unclassified; 71629; EU475428.1 gg_id:297545 springbok feces clone SBSD_aaa04g12, EU475428.1 gg_id:297545 springbok feces clone SBSD_aaa04g12,9,262.0,0.734375,1.0,0.20921559719022798,2981.0,1898.6280271817332,0.8382564863858263,0.9581536201140475,0.06666666666666667,True,1.0,9352.0,Healthy,Male,Placebo-resistant (STRICT-ADAPTIVE)
18137, g__Roseburia, s__Eubacterium rectale, p__Firmicutes, c__Clostridia, o__Clostridiales, f__Lachnospiraceae,k__Bacteria; p__Firmicutes; c__Clostridia; o__Clostridiales; f__Lachnospiraceae; g__Roseburia; s__Eubacterium rectale; 18137; DQ807644.1 gg_id:182440 human fecal clone RL180_aah35d06, DQ807644.1 gg_id:182440 human fecal clone RL180_aah35d06,9,-258.0,0.5703125,1.0,0.07441985224726343,1208.0,1012.992518980822,0.7750513736700824,0.9376534160753778,0.08888888888888889,True,1.0,14838.0,Healthy,Male,Placebo-resistant (STRICT-ADAPTIVE)
243, g__Congregibacter, s__unclassified, p__Proteobacteria, c__Gammaproteobacteria, o__Oceanospirillales, f__OM60,k__Bacteria; p__Proteobacteria; c__Gammaproteobacteria; o__Oceanospirillales; f__OM60; g__Congregibacter; s__unclassified; 243; EU707317.1 gg_id:350845 sulfur oxidizing Wadden Sea sediments Janssand intertidal sandy sediment middle flat clone WS365JS0307, EU707317.1 gg_id:350845 sulfur oxidizing Wadden Sea sediments Janssand intertidal sandy sediment middle flat clone WS365JS0307,9,134.0,0.42578125,1.0,0.0801613351752791,1080.0,680.0545206901511,0.8382564863858263,0.9581536201140475,0.06666666666666667,True,1.0,12042.0,Healthy,Male,Placebo-resistant (STRICT-ADAPTIVE)
56289, g__Akkermansia, s__unclassified, p__Verrucomicrobia, c__Verrucomicrobiae, o__Verrucomicrobiales, f__Verrucomicrobiaceae,k__Bacteria; p__Verrucomicrobia; c__Verrucomicrobiae; o__Verrucomicrobiales; f__Verrucomicrobiaceae; g__Akkermansia; s__unclassified; 56289; GQ491371.1 gg_id:546571 Effect Diet on Human Gut Microbiome: Metagenomic Humanized Gnotobiotic Mice cecal contents Mus musculus strain C57BL/6J; PM9t2 clone PM9t2_a02e11, GQ491371.1 gg_id:546571 Effect Diet on Human Gut Microbiome: Metagenomic Humanized Gnotobiotic Mice cecal contents Mus musculus strain C57BL/6J PM9t2 clone PM9t2_a02e11,9,417.0,0.734375,1.0,0.15663259100582128,2132.0,1854.2726133027056,0.9025232501776794,0.9754023282151151,0.044444444444444446,True,1.0,12381.0,Healthy,Male,Placebo-resistant (STRICT-ADAPTIVE)
26609, g__Faecalibacterium, s__unclassified, p__Firmicutes, c__Clostridia, o__Clostridiales, f__Ruminococcaceae,k__Bacteria; p__Firmicutes; c__Clostridia; o__Clostridiales; f__Ruminococcaceae; g__Faecalibacterium; s__unclassified; 26609; FJ678517.1 gg_id:516135 Synecology primary and secondary habitats Escherichia coli O157:H7 fecal MARC beef cattle feedlot animal #4017 pen 301; was positive STEC O157 clone 4-5H12, FJ678517.1 gg_id:516135 Synecology primary and secondary habitats Escherichia coli O157:H7 fecal MARC beef cattle feedlot animal #4017 pen 301 was positive STEC O157 clone 4-5H12,9,139.0,0.5703125,1.0,0.039367952555876634,349.0,548.3876100391441,0.7133031738784577,0.9207147820005681,0.1111111111111111,True,1.0,13409.0,Healthy,Male,Placebo-resistant (STRICT-ADAPTIVE)
55943, g__Akkermansia, s__Akkermansia muciniphila, p__Verrucomicrobia, c__Verrucomicrobiae, o__Verrucomicrobiales, f__Verrucomicrobiaceae,k__Bacteria; p__Verrucomicrobia; c__Verrucomicrobiae; o__Verrucomicrobiales; f__Verrucomicrobiaceae; g__Akkermansia; s__Akkermansia muciniphila; 55943; AY977862.1 gg_id:117139 human cecum mucosal biopsy clone LF60, AY977862.1 gg_id:117139 human cecum mucosal biopsy clone LF60,9,183.0,1.0,1.0,0.13813199361125322,1386.0,1121.9342421015592,0.967435545139537,0.9928887934220945,0.022222222222222223,True,1.0,12489.0,Healthy,Male,Placebo-resistant (STRICT-ADAPTIVE)
47427, g__unclassified, s__unclassified, p__Firmicutes, c__Bacilli, o__Bacillales, f__Bacillaceae,k__Bacteria; p__Firmicutes; c__Bacilli; o__Bacillales; f__Bacillaceae; g__unclassified; s__unclassified; 47427; AM114102.1 gg_id:145545 Paucisalibacillus globulus str. B22, AM114102.1 gg_id:145545 Paucisalibacillus globulus str. B22,9,-68.0,0.734375,1.0,0.04991970874432525,716.0,520.1755725820957,0.6533789106936937,0.9002109436224224,0.13333333333333333,True,1.0,12877.0,Healthy,Male,Placebo-resistant (STRICT-ADAPTIVE)
28383, g__unclassified, s__unclassified, p__Firmicutes, c__Clostridia, o__Clostridiales, f__Lachnospiraceae,k__Bacteria; p__Firmicutes; c__Clostridia; o__Clostridiales; f__Lachnospiraceae; g__unclassified; s__unclassified; 28383; AY916340.1 gg_id:114041 human stool clone C627, AY916340.1 gg_id:114041 human stool clone C627,9,55.0,0.91015625,1.0,0.16171385141876948,1346.0,1253.8950704105985,0.7750513736700824,0.9376534160753778,-0.08888888888888889,True,1.0,11301.0,Healthy,Male,Placebo-resistant (STRICT-ADAPTIVE)
17744, g__Roseburia, s__Eubacterium rectale, p__Firmicutes, c__Clostridia, o__Clostridiales, f__Lachnospiraceae,k__Bacteria; p__Firmicutes; c__Clostridia; o__Clostridiales; f__Lachnospiraceae; g__Roseburia; s__Eubacterium rectale; 17744; DQ806442.1 gg_id:175827 human fecal clone RL186_aan92e03, DQ806442.1 gg_id:175827 human fecal clone RL186_aan92e03,9,-284.0,0.5703125,1.0,0.08664460740511966,880.0,908.7021985227063,0.7750513736700824,0.9376534160753778,0.08888888888888889,True,1.0,14270.0,Healthy,Male,Placebo-resistant (STRICT-ADAPTIVE)
55059, g__Akkermansia, s__Akkermansia muciniphila, p__Verrucomicrobia, c__Verrucomicrobiae, o__Verrucomicrobiales, f__Verrucomicrobiaceae,k__Bacteria; p__Verrucomicrobia; c__Verrucomicrobiae; o__Verrucomicrobiales; f__Verrucomicrobiaceae; g__Akkermansia; s__Akkermansia muciniphila; 55059; AY982401.1 gg_id:125420 human sigmoid colon mucosal biopsy clone MK66, AY982401.1 gg_id:125420 human sigmoid colon mucosal biopsy clone MK66,9,184.0,0.65234375,1.0,0.07111876586902849,865.0,661.2209060350239,0.967435545139537,0.9928887934220945,-0.022222222222222223,True,1.0,12917.0,Healthy,Male,Placebo-resistant (STRICT-ADAPTIVE)
50574, g__Veillonella, s__Veillonella dispar, p__Firmicutes, c__Clostridia, o__Clostridiales, f__Veillonellaceae,k__Bacteria; p__Firmicutes; c__Clostridia; o__Clostridiales; f__Veillonellaceae; g__Veillonella; s__Veillonella dispar; 50574; GQ027285.1 gg_id:428376 Topographical and Temporal Human Skin Microbiome skin volar forearm clone nbw901g03c1, GQ027285.1 gg_id:428376 Topographical and Temporal Human Skin Microbiome skin volar forearm clone nbw901g03c1,9,-30.0,0.8203125,1.0,0.03729315851180131,497.0,374.3557676863013,0.967435545139537,0.9928887934220945,-0.022222222222222223,True,1.0,13625.0,Healthy,Male,Placebo-resistant (STRICT-ADAPTIVE)
4141, g__Klebsiella, s__unclassified, p__Proteobacteria, c__Gammaproteobacteria, o__Enterobacteriales, f__Enterobacteriaceae,k__Bacteria; p__Proteobacteria; c__Gammaproteobacteria; o__Enterobacteriales; f__Enterobacteriaceae; g__Klebsiella; s__unclassified; 4141; EF608176.1 gg_id:552087 Klebsiella pneumoniae str. HT24, EF608176.1 gg_id:552087 Klebsiella pneumoniae str. HT24,9,69.0,0.49609375,1.0,0.048590960709008174,542.0,640.2156218025299,0.9025232501776794,0.9754023282151151,-0.044444444444444446,True,1.0,11842.0,Healthy,Male,Placebo-resistant (STRICT-ADAPTIVE)
23580, g__unclassified, s__unclassified, p__Firmicutes, c__Clostridia, o__Clostridiales, f__Lachnospiraceae,k__Bacteria; p__Firmicutes; c__Clostridia; o__Clostridiales; f__Lachnospiraceae; g__unclassified; s__unclassified; 23580; EU510036.1 gg_id:273116 cecal contents Mus musculus strain C57BL/6J; WD1 clone WD1_aaf16c05, EU510036.1 gg_id:273116 cecal contents Mus musculus strain C57BL/6J WD1 clone WD1_aaf16c05,9,120.0,1.0,1.0,0.060271410520778335,931.0,576.687689481924,0.9024806826878791,0.9754023282151151,0.044444444444444446,True,1.0,11183.0,Healthy,Male,Placebo-resistant (STRICT-ADAPTIVE)
44578, g__Clostridium, s__unclassified, p__Firmicutes, c__Clostridia, o__Clostridiales, f__Clostridiaceae,k__Bacteria; p__Firmicutes; c__Clostridia; o__Clostridiales; f__Clostridiaceae; g__Clostridium; s__unclassified; 44578; FJ881333.1 gg_id:433124 Diets enriched oat or temporally and alter fecal rat feces animal fed wheat bran diet; day 28 clone R-9814, FJ881333.1 gg_id:433124 Diets enriched oat or temporally and alter fecal rat feces animal fed wheat bran diet day 28 clone R-9814,9,194.0,0.359375,1.0,0.07154552119925617,442.0,807.3663139148453,0.8382564863858263,0.9581536201140475,-0.06666666666666667,True,1.0,11676.0,Healthy,Male,Placebo-resistant (STRICT-ADAPTIVE)
44938, g__Clostridium, s__Clostridium butyricum, p__Firmicutes, c__Clostridia, o__Clostridiales, f__Clostridiaceae,k__Bacteria; p__Firmicutes; c__Clostridia; o__Clostridiales; f__Clostridiaceae; g__Clostridium; s__Clostridium butyricum; 44938; ABDT01000025.2 gg_id:262123 Clostridium butyricum str. 5521, ABDT01000025.2 gg_id:262123 Clostridium butyricum str. 5521,9,465.0,0.734375,1.0,0.16033698939632834,1430.0,1341.943484204905,0.8382564863858263,0.9581536201140475,0.06666666666666667,True,1.0,11375.0,Healthy,Male,Placebo-resistant (STRICT-ADAPTIVE)
55120, g__Akkermansia, s__Akkermansia muciniphila, p__Verrucomicrobia, c__Verrucomicrobiae, o__Verrucomicrobiales, f__Verrucomicrobiaceae,k__Bacteria; p__Verrucomicrobia; c__Verrucomicrobiae; o__Verrucomicrobiales; f__Verrucomicrobiaceae; g__Akkermansia; s__Akkermansia muciniphila; 55120; EF604517.1 gg_id:234298 Salmonella typhimurium Exploits Inflammation Compete Intestinal Microbiota mouse cecum clone 16saw38-1e10.p1k, EF604517.1 gg_id:234298 Salmonella typhimurium Exploits Inflammation Compete Intestinal Microbiota mouse cecum clone 16saw38-1e10.p1k,9,197.0,0.65234375,1.0,0.15974038831499918,1570.0,2301.289061876215,0.6533789106936937,0.9002109436224224,0.13333333333333333,True,1.0,11019.0,Healthy,Male,Placebo-resistant (STRICT-ADAPTIVE)
25913, g__unclassified, s__unclassified, p__Firmicutes, c__Clostridia, o__Clostridiales, f__Ruminococcaceae,k__Bacteria; p__Firmicutes; c__Clostridia; o__Clostridiales; f__Ruminococcaceae; g__unclassified; s__unclassified; 25913; EU766189.1 gg_id:354737 Pervasive effects antibiotic on human gut microbiota deep sequencing fecal clone B5_347, EU766189.1 gg_id:354737 Pervasive effects antibiotic on human gut microbiota deep sequencing fecal clone B5_347,9,44.0,0.734375,1.0,0.040559973531751135,507.0,390.10133714772684,0.6533789106936937,0.9002109436224224,0.13333333333333333,True,1.0,12050.0,Healthy,Male,Placebo-resistant (STRICT-ADAPTIVE)
2407, g__Acidithiobacillus, s__Acidithiobacillus ferrooxidans, p__Proteobacteria, c__Gammaproteobacteria, o__Acidithiobacillales, f__Acidithiobacillaceae,k__Bacteria; p__Proteobacteria; c__Gammaproteobacteria; o__Acidithiobacillales; f__Acidithiobacillaceae; g__Acidithiobacillus; s__Acidithiobacillus ferrooxidans; 2407; AF329205.1 gg_id:33408 Acidithiobacillus ferrooxidans str. ATCC23270, AF329205.1 gg_id:33408 Acidithiobacillus ferrooxidans str. ATCC23270,9,502.0,0.203125,1.0,0.11178158302641528,1053.0,901.0531444925987,0.8382564863858263,0.9581536201140475,-0.06666666666666667,True,1.0,9692.0,Healthy,Male,Placebo-resistant (STRICT-ADAPTIVE)
17424, g__Roseburia, s__Eubacterium rectale, p__Firmicutes, c__Clostridia, o__Clostridiales, f__Lachnospiraceae,k__Bacteria; p__Firmicutes; c__Clostridia; o__Clostridiales; f__Lachnospiraceae; g__Roseburia; s__Eubacterium rectale; 17424; FJ364199.1 gg_id:364692 feces adult twins and mothers; TS150 clone TS150_a04b04, FJ364199.1 gg_id:364692 feces adult twins and mothers TS150 clone TS150_a04b04,9,-388.0,0.49609375,1.0,0.10629788063374081,1453.0,1175.534014669267,0.6533789106936937,0.9002109436224224,0.13333333333333333,True,1.0,13586.0,Healthy,Male,Placebo-resistant (STRICT-ADAPTIVE)
75494, g__unclassified, s__unclassified, p__Cyanobacteria, c__Chloroplast, o__Chlorophyta, f__Ulvophyceae,k__Bacteria; p__Cyanobacteria; c__Chloroplast; o__Chlorophyta; f__Ulvophyceae; g__unclassified; s__unclassified; 75494; FJ203228.1 gg_id:339919 and White Plague Disease-Induced Changes Caribbean Coral Montastraea faveolata diseased tissue clone SHFG639, FJ203228.1 gg_id:339919 and White Plague Disease-Induced Changes Caribbean Coral Montastraea faveolata diseased tissue clone SHFG639,9,73.0,0.91015625,1.0,0.02378414276821817,329.0,273.45319233828667,0.8382564863858263,0.9581536201140475,0.06666666666666667,True,1.0,12886.0,Healthy,Male,Placebo-resistant (STRICT-ADAPTIVE)
49674, g__unclassified, s__unclassified, p__Firmicutes, c__Clostridia, o__Natranaerobiales, f__Natranaerobiaceae,k__Bacteria; p__Firmicutes; c__Clostridia; o__Natranaerobiales; f__Natranaerobiaceae; g__unclassified; s__unclassified; 49674; AJ271452.1 gg_id:72206 Natronoanaerobium aggerbacterium G-M16NWC-4, AJ271452.1 gg_id:72206 Natronoanaerobium aggerbacterium G-M16NWC-4,9,371.0,0.5703125,1.0,0.08750987261268525,828.0,827.5570446668784,0.7750513736700824,0.9376534160753778,0.08888888888888889,True,1.0,9988.0,Healthy,Male,Placebo-resistant (STRICT-ADAPTIVE)
50740, g__Veillonella, s__Veillonella dispar, p__Firmicutes, c__Clostridia, o__Clostridiales, f__Veillonellaceae,k__Bacteria; p__Firmicutes; c__Clostridia; o__Clostridiales; f__Veillonellaceae; g__Veillonella; s__Veillonella dispar; 50740; GQ032561.1 gg_id:379283 Topographical and Temporal Human Skin Microbiome skin volar forearm clone nbw908e04c1, GQ032561.1 gg_id:379283 Topographical and Temporal Human Skin Microbiome skin volar forearm clone nbw908e04c1,9,-53.0,1.0,1.0,0.16976102229391948,1712.0,1541.4492637486032,0.7750513736700824,0.9376534160753778,0.08888888888888889,True,1.0,11837.0,Healthy,Male,Placebo-resistant (STRICT-ADAPTIVE)
24807, g__Faecalibacterium, s__Faecalibacterium prausnitzii, p__Firmicutes, c__Clostridia, o__Clostridiales, f__Ruminococcaceae,k__Bacteria; p__Firmicutes; c__Clostridia; o__Clostridiales; f__Ruminococcaceae; g__Faecalibacterium; s__Faecalibacterium prausnitzii; 24807; FJ677296.1 gg_id:516722 Synecology primary and secondary habitats Escherichia coli O157:H7 fecal MARC beef cattle feedlot animal #4225 pen 301; was negative STEC O157 clone 3-2D19, FJ677296.1 gg_id:516722 Synecology primary and secondary habitats Escherichia coli O157:H7 fecal MARC beef cattle feedlot animal #4225 pen 301 was negative STEC O157 clone 3-2D19,9,-183.0,1.0,1.0,0.09408713879450172,915.0,828.2147272564309,0.6533789106936937,0.9002109436224224,0.13333333333333333,True,1.0,14382.0,Healthy,Male,Placebo-resistant (STRICT-ADAPTIVE)
54456, g__unclassified, s__unclassified, p__Planctomycetes, c__Planctomycea, o__Planctomycetales, f__Planctomycetaceae,k__Bacteria; p__Planctomycetes; c__Planctomycea; o__Planctomycetales; f__Planctomycetaceae; g__unclassified; s__unclassified; 54456; EU386028.1 gg_id:265434 Biogeographical and microbes sediments on subseafloor sediment South China Sea clone MD2894-B34, EU386028.1 gg_id:265434 Biogeographical and microbes sediments on subseafloor sediment South China Sea clone MD2894-B34,9,258.0,0.734375,1.0,0.1873434784627178,1818.0,1522.117182976104,0.967435545139537,0.9928887934220945,-0.022222222222222223,True,1.0,10977.0,Healthy,Male,Placebo-resistant (STRICT-ADAPTIVE)
18049, g__Roseburia, s__Eubacterium rectale, p__Firmicutes, c__Clostridia, o__Clostridiales, f__Lachnospiraceae,k__Bacteria; p__Firmicutes; c__Clostridia; o__Clostridiales; f__Lachnospiraceae; g__Roseburia; s__Eubacterium rectale; 18049; FJ366916.1 gg_id:365844 feces adult twins and mothers; TS28 clone TS28_a01d01, FJ366916.1 gg_id:365844 feces adult twins and mothers TS28 clone TS28_a01d01,9,-459.0,0.65234375,1.0,0.06934344143385278,1494.0,921.1790011598059,0.8382564863858263,0.9581536201140475,0.06666666666666667,True,1.0,14623.0,Healthy,Male,Placebo-resistant (STRICT-ADAPTIVE)
34274, g__Corynebacterium, s__unclassified, p__Actinobacteria, c__Actinobacteria, o__Actinomycetales, f__Corynebacteriaceae,k__Bacteria; p__Actinobacteria; c__Actinobacteria; o__Actinomycetales; f__Corynebacteriaceae; g__Corynebacterium; s__unclassified; 34274; GQ042218.1 gg_id:441987 Topographical and Temporal Human Skin Microbiome skin nare clone nbw937f06c1, GQ042218.1 gg_id:441987 Topographical and Temporal Human Skin Microbiome skin nare clone nbw937f06c1,9,359.0,0.8203125,1.0,0.10835232647745888,1611.0,895.3385621341484,0.6533789106936937,0.9002109436224224,0.13333333333333333,True,1.0,9738.0,Healthy,Male,Placebo-resistant (STRICT-ADAPTIVE)
55810, g__Akkermansia, s__Akkermansia muciniphila, p__Verrucomicrobia, c__Verrucomicrobiae, o__Verrucomicrobiales, f__Verrucomicrobiaceae,k__Bacteria; p__Verrucomicrobia; c__Verrucomicrobiae; o__Verrucomicrobiales; f__Verrucomicrobiaceae; g__Akkermansia; s__Akkermansia muciniphila; 55810; AY271254.1 gg_id:108381 Akkermansia muciniphila, AY271254.1 gg_id:108381 Akkermansia muciniphila,9,153.0,1.0,1.0,0.0803675518690458,1000.0,964.9989529527998,0.9025232501776794,0.9754023282151151,0.044444444444444446,True,1.0,12986.0,Healthy,Male,Placebo-resistant (STRICT-ADAPTIVE)
17543, g__Roseburia, s__Eubacterium rectale, p__Firmicutes, c__Clostridia, o__Clostridiales, f__Lachnospiraceae,k__Bacteria; p__Firmicutes; c__Clostridia; o__Clostridiales; f__Lachnospiraceae; g__Roseburia; s__Eubacterium rectale; 17543; EU767257.1 gg_id:322662 Pervasive effects antibiotic on human gut microbiota deep sequencing fecal clone C2_566, EU767257.1 gg_id:322662 Pervasive effects antibiotic on human gut microbiota deep sequencing fecal clone C2_566,9,-100.0,0.65234375,1.0,0.05155891670533669,689.0,582.2656393777671,0.7133031738784577,0.9207147820005681,0.1111111111111111,True,1.0,13679.0,Healthy,Male,Placebo-resistant (STRICT-ADAPTIVE)
70032, g__unclassified, s__unclassified, p__Firmicutes, c__Clostridia, o__Clostridiales, f__Lachnospiraceae,k__Bacteria; p__Firmicutes; c__Clostridia; o__Clostridiales; f__Lachnospiraceae; g__unclassified; s__unclassified; 70032; DQ326171.1 gg_id:148992 Metagenomic gut microbiome healthy human stool clone C070, DQ326171.1 gg_id:148992 Metagenomic gut microbiome healthy human stool clone C070,9,40.0,0.49609375,1.0,0.11759033539273024,1629.0,1001.791532294907,0.967435545139537,0.9928887934220945,0.022222222222222223,True,1.0,10379.0,Healthy,Male,Placebo-resistant (STRICT-ADAPTIVE)
25673, g__Faecalibacterium, s__unclassified, p__Firmicutes, c__Clostridia, o__Clostridiales, f__Ruminococcaceae,k__Bacteria; p__Firmicutes; c__Clostridia; o__Clostridiales; f__Ruminococcaceae; g__Faecalibacterium; s__unclassified; 25673; DQ801480.1 gg_id:194565 human fecal clone RL388_aao96b02, DQ801480.1 gg_id:194565 human fecal clone RL388_aao96b02,9,103.0,0.25,1.0,0.0915958917516077,815.0,865.9532740281082,0.6533789106936937,0.9002109436224224,-0.13333333333333333,True,1.0,13388.0,Healthy,Male,Placebo-resistant (STRICT-ADAPTIVE)
24534, g__Faecalibacterium, s__Faecalibacterium prausnitzii, p__Firmicutes, c__Clostridia, o__Clostridiales, f__Ruminococcaceae,k__Bacteria; p__Firmicutes; c__Clostridia; o__Clostridiales; f__Ruminococcaceae; g__Faecalibacterium; s__Faecalibacterium prausnitzii; 24534; DQ795919.1 gg_id:182156 human fecal clone RL245_aai84h09, DQ795919.1 gg_id:182156 human fecal clone RL245_aai84h09,9,-87.0,1.0,1.0,0.09131270669852545,877.0,851.1138591542523,0.6533789106936937,0.9002109436224224,0.13333333333333333,True,1.0,13816.0,Healthy,Male,Placebo-resistant (STRICT-ADAPTIVE)
68648, g__Bacteroides, s__unclassified, p__Bacteroidetes, c__Bacteroidia, o__Bacteroidales, f__Bacteroidaceae,k__Bacteria; p__Bacteroidetes; c__Bacteroidia; o__Bacteroidales; f__Bacteroidaceae; g__Bacteroides; s__unclassified; 68648; EU765443.1 gg_id:345104 Pervasive effects antibiotic on human gut microbiota deep sequencing fecal clone B3_267, EU765443.1 gg_id:345104 Pervasive effects antibiotic on human gut microbiota deep sequencing fecal clone B3_267,9,220.0,0.5703125,1.0,0.20021695071074863,1647.0,1530.0991829290022,0.7133031738784577,0.9207147820005681,0.1111111111111111,True,1.0,12864.0,Healthy,Male,Placebo-resistant (STRICT-ADAPTIVE)
17355, g__Succinivibrio, s__unclassified, p__Proteobacteria, c__Gammaproteobacteria, o__Aeromonadales, f__Succinivibrionaceae,k__Bacteria; p__Proteobacteria; c__Gammaproteobacteria; o__Aeromonadales; f__Succinivibrionaceae; g__Succinivibrio; s__unclassified; 17355; FJ679565.1 gg_id:527828 Synecology primary and secondary habitats Escherichia coli O157:H7 fecal MARC beef cattle feedlot animal #4017 pen 301; was positive STEC O157 clone 4-2E10, FJ679565.1 gg_id:527828 Synecology primary and secondary habitats Escherichia coli O157:H7 fecal MARC beef cattle feedlot animal #4017 pen 301 was positive STEC O157 clone 4-2E10,9,-362.0,0.42578125,1.0,0.08253476951102857,1259.0,1161.524960921824,0.9025232501776794,0.9754023282151151,0.044444444444444446,True,1.0,11197.0,Healthy,Male,Placebo-resistant (STRICT-ADAPTIVE)
22419, g__unclassified, s__unclassified, p__Firmicutes, c__Clostridia, o__Clostridiales, f__Ruminococcaceae,k__Bacteria; p__Firmicutes; c__Clostridia; o__Clostridiales; f__Ruminococcaceae; g__unclassified; s__unclassified; 22419; EU507314.1 gg_id:258637 cecal contents Mus musculus strain C57BL/6J; MD23 clone MD23_2aaa01e06, EU507314.1 gg_id:258637 cecal contents Mus musculus strain C57BL/6J MD23 clone MD23_2aaa01e06,9,30.0,0.8203125,1.0,0.08905374025656417,659.0,818.0667210224631,0.967435545139537,0.9928887934220945,-0.022222222222222223,True,1.0,12466.0,Healthy,Male,Placebo-resistant (STRICT-ADAPTIVE)
72581, g__unclassified, s__unclassified, p__Firmicutes, c__Clostridia, o__Clostridiales, f__Clostridiaceae,k__Bacteria; p__Firmicutes; c__Clostridia; o__Clostridiales; f__Clostridiaceae; g__unclassified; s__unclassified; 72581; AM179918.1 gg_id:147513 Identification microflora (Oncorhynchus mykiss) rainbow trout intestine clone G15-1, AM179918.1 gg_id:147513 Identification microflora (Oncorhynchus mykiss) rainbow trout intestine clone G15-1,9,177.0,0.8203125,1.0,0.12636274032446762,1487.0,982.4709095834735,0.6533789106936937,0.9002109436224224,0.13333333333333333,True,1.0,10463.0,Healthy,Male,Placebo-resistant (STRICT-ADAPTIVE)
9619, g__Verminephrobacter, s__Verminephrobacter eiseniae, p__Proteobacteria, c__Betaproteobacteria, o__Burkholderiales, f__Comamonadaceae,k__Bacteria; p__Proteobacteria; c__Betaproteobacteria; o__Burkholderiales; f__Comamonadaceae; g__Verminephrobacter; s__Verminephrobacter eiseniae; 9619; NC_008786.1 gg_id:179440 Verminephrobacter eiseniae str. EF01-2, NC_008786.1 gg_id:179440 Verminephrobacter eiseniae str. EF01-2,9,13.0,0.5703125,1.0,0.1509245139886824,1214.0,1059.643995206776,0.9025232501776794,0.9754023282151151,0.044444444444444446,True,1.0,6850.0,Healthy,Male,Placebo-resistant (STRICT-ADAPTIVE)
56189, g__sfA, s__unclassified, p__Verrucomicrobia, c__Verrucomicrobiae, o__Verrucomicrobiales, f__unclassified,k__Bacteria; p__Verrucomicrobia; c__Verrucomicrobiae; o__Verrucomicrobiales; f__unclassified; g__sfA; s__unclassified; 56189; EU135543.1 gg_id:248805 tallgrass prarie soil clone FFCH18403, EU135543.1 gg_id:248805 tallgrass prarie soil clone FFCH18403,9,124.0,0.5703125,1.0,0.07006619795674862,745.0,751.4420211241257,0.7133031738784577,0.9207147820005681,0.1111111111111111,True,1.0,11947.0,Healthy,Male,Placebo-resistant (STRICT-ADAPTIVE)
18215, g__Roseburia, s__Eubacterium rectale, p__Firmicutes, c__Clostridia, o__Clostridiales, f__Lachnospiraceae,k__Bacteria; p__Firmicutes; c__Clostridia; o__Clostridiales; f__Lachnospiraceae; g__Roseburia; s__Eubacterium rectale; 18215; DQ798553.1 gg_id:198159 human fecal clone RL181_aan98b09, DQ798553.1 gg_id:198159 human fecal clone RL181_aan98b09,9,-233.0,1.0,1.0,0.06742621694511644,1140.0,728.2038343760626,0.7750513736700824,0.9376534160753778,0.08888888888888889,True,1.0,12628.0,Healthy,Male,Placebo-resistant (STRICT-ADAPTIVE)
34318, g__Corynebacterium, s__unclassified, p__Actinobacteria, c__Actinobacteria, o__Actinomycetales, f__Corynebacteriaceae,k__Bacteria; p__Actinobacteria; c__Actinobacteria; o__Actinomycetales; f__Corynebacteriaceae; g__Corynebacterium; s__unclassified; 34318; GQ056289.1 gg_id:466671 Topographical and Temporal Human Skin Microbiome skin external auditory canal clone nbw1048h04c1, GQ056289.1 gg_id:466671 Topographical and Temporal Human Skin Microbiome skin external auditory canal clone nbw1048h04c1,9,3.0,0.7578125,1.0,0.01994166835320287,123.0,187.5171277510404,0.6240539694958962,0.9002109436224224,0.12222222222222222,True,1.0,14417.0,Healthy,Male,Placebo-resistant (STRICT-ADAPTIVE)
24583, g__Faecalibacterium, s__Faecalibacterium prausnitzii, p__Firmicutes, c__Clostridia, o__Clostridiales, f__Ruminococcaceae,k__Bacteria; p__Firmicutes; c__Clostridia; o__Clostridiales; f__Ruminococcaceae; g__Faecalibacterium; s__Faecalibacterium prausnitzii; 24583; DQ801536.1 gg_id:183679 human fecal clone RL388_aao96g06, DQ801536.1 gg_id:183679 human fecal clone RL388_aao96g06,9,-78.0,1.0,1.0,0.05887500654070952,667.0,560.9041111554731,0.9025232501776794,0.9754023282151151,-0.044444444444444446,True,1.0,14393.0,Healthy,Male,Placebo-resistant (STRICT-ADAPTIVE)
25579, g__Faecalibacterium, s__unclassified, p__Firmicutes, c__Clostridia, o__Clostridiales, f__Ruminococcaceae,k__Bacteria; p__Firmicutes; c__Clostridia; o__Clostridiales; f__Ruminococcaceae; g__Faecalibacterium; s__unclassified; 25579; FJ366675.1 gg_id:367013 feces adult twins and mothers; TS27 clone TS27_a02e04, FJ366675.1 gg_id:367013 feces adult twins and mothers TS27 clone TS27_a02e04,9,-9.0,1.0,1.0,0.053459698546619534,420.0,715.9678395011888,0.934896814773755,0.9928887934220945,0.022222222222222223,True,1.0,14123.0,Healthy,Male,Placebo-resistant (STRICT-ADAPTIVE)
72158, g__Lactobacillus, s__Lactobacillus oeni, p__Firmicutes, c__Bacilli, o__Lactobacillales, f__Lactobacillaceae,k__Bacteria; p__Firmicutes; c__Bacilli; o__Lactobacillales; f__Lactobacillaceae; g__Lactobacillus; s__Lactobacillus oeni; 72158; EU821350.1 gg_id:538942 Lactobacillus oeni str. 103, EU821350.1 gg_id:538942 Lactobacillus oeni str. 103,9,-370.0,0.8203125,1.0,0.15744839587842865,1510.0,1246.0686192626436,0.8382564863858263,0.9581536201140475,0.06666666666666667,True,1.0,9088.0,Healthy,Male,Placebo-resistant (STRICT-ADAPTIVE)
26431, g__unclassified, s__unclassified, p__Firmicutes, c__Clostridia, o__Clostridiales, f__Ruminococcaceae,k__Bacteria; p__Firmicutes; c__Clostridia; o__Clostridiales; f__Ruminococcaceae; g__unclassified; s__unclassified; 26431; EU778922.1 gg_id:306633 Black-handed Spider Monkey feces clone SPIM_aaj36g11, EU778922.1 gg_id:306633 Black-handed Spider Monkey feces clone SPIM_aaj36g11,9,-145.0,0.8203125,1.0,0.07919916039594699,1097.0,822.1997025054193,0.9025232501776794,0.9754023282151151,0.044444444444444446,True,1.0,12976.0,Healthy,Male,Placebo-resistant (STRICT-ADAPTIVE)
47019, g__Staphylococcus, s__unclassified, p__Firmicutes, c__Bacilli, o__Bacillales, f__Staphylococcaceae,k__Bacteria; p__Firmicutes; c__Bacilli; o__Bacillales; f__Staphylococcaceae; g__Staphylococcus; s__unclassified; 47019; GQ005715.1 gg_id:503948 Topographical and Temporal Human Skin Microbiome skin external auditory canal clone nbu95h10c1, GQ005715.1 gg_id:503948 Topographical and Temporal Human Skin Microbiome skin external auditory canal clone nbu95h10c1,9,-19.0,0.91015625,1.0,0.07787454223308382,999.0,804.2687056229681,0.967435545139537,0.9928887934220945,-0.022222222222222223,True,1.0,12716.0,Healthy,Male,Placebo-resistant (STRICT-ADAPTIVE)
26285, g__Faecalibacterium, s__Faecalibacterium prausnitzii, p__Firmicutes, c__Clostridia, o__Clostridiales, f__Ruminococcaceae,k__Bacteria; p__Firmicutes; c__Clostridia; o__Clostridiales; f__Ruminococcaceae; g__Faecalibacterium; s__Faecalibacterium prausnitzii; 26285; AY975796.1 gg_id:122273 human ascending colon mucosal biopsy clone Y282, AY975796.1 gg_id:122273 human ascending colon mucosal biopsy clone Y282,9,-172.0,1.0,1.0,0.08083491895195452,839.0,765.0896768353366,0.6533789106936937,0.9002109436224224,0.13333333333333333,True,1.0,13308.0,Healthy,Male,Placebo-resistant (STRICT-ADAPTIVE)
72269, g__Clostridium, s__unclassified, p__Firmicutes, c__Clostridia, o__Clostridiales, f__Clostridiaceae,k__Bacteria; p__Firmicutes; c__Clostridia; o__Clostridiales; f__Clostridiaceae; g__Clostridium; s__unclassified; 72269; AY167950.1 gg_id:75821 Isolation and identification hyper-ammonia producing swine storage pits manure, AY167950.1 gg_id:75821 Isolation and identification hyper-ammonia producing swine storage pits manure,9,135.0,0.49609375,1.0,0.07378637653508736,700.0,707.3830670860026,0.7133031738784577,0.9207147820005681,0.1111111111111111,True,1.0,11986.0,Healthy,Male,Placebo-resistant (STRICT-ADAPTIVE)
50159, g__Veillonella, s__Veillonella dispar, p__Firmicutes, c__Clostridia, o__Clostridiales, f__Veillonellaceae,k__Bacteria; p__Firmicutes; c__Clostridia; o__Clostridiales; f__Veillonellaceae; g__Veillonella; s__Veillonella dispar; 50159; GQ012679.1 gg_id:496988 Topographical and Temporal Human Skin Microbiome skin volar forearm clone nbw800e08c1, GQ012679.1 gg_id:496988 Topographical and Temporal Human Skin Microbiome skin volar forearm clone nbw800e08c1,9,46.0,0.91015625,1.0,0.059031639944205246,893.0,611.5546850446001,0.7133031738784577,0.9207147820005681,0.1111111111111111,True,1.0,13705.0,Healthy,Male,Placebo-resistant (STRICT-ADAPTIVE)
28215, g__unclassified, s__unclassified, p__Firmicutes, c__Clostridia, o__Clostridiales, f__Lachnospiraceae,k__Bacteria; p__Firmicutes; c__Clostridia; o__Clostridiales; f__Lachnospiraceae; g__unclassified; s__unclassified; 28215; FJ680945.1 gg_id:532188 Synecology primary and secondary habitats Escherichia coli O157:H7 fecal MARC beef cattle feedlot animal #4281 pen 301; was positive STEC O157 clone 5-4N18, FJ680945.1 gg_id:532188 Synecology primary and secondary habitats Escherichia coli O157:H7 fecal MARC beef cattle feedlot animal #4281 pen 301 was positive STEC O157 clone 5-4N18,9,70.0,0.91015625,1.0,0.17129548698299346,1442.0,1347.6025905947859,1.0,1.0,0.0,True,1.0,10821.0,Healthy,Male,Placebo-resistant (STRICT-ADAPTIVE)
50768, g__Veillonella, s__Veillonella dispar, p__Firmicutes, c__Clostridia, o__Clostridiales, f__Veillonellaceae,k__Bacteria; p__Firmicutes; c__Clostridia; o__Clostridiales; f__Veillonellaceae; g__Veillonella; s__Veillonella dispar; 50768; GQ009508.1 gg_id:500157 Topographical and Temporal Human Skin Microbiome skin plantar heel clone nbw777d06c1, GQ009508.1 gg_id:500157 Topographical and Temporal Human Skin Microbiome skin plantar heel clone nbw777d06c1,9,-23.0,1.0,1.0,0.17020787374161098,1551.0,1522.1396840996924,0.9025232501776794,0.9754023282151151,0.044444444444444446,True,1.0,11913.0,Healthy,Male,Placebo-resistant (STRICT-ADAPTIVE)
67356, g__Prevotella, s__unclassified, p__Bacteroidetes, c__Bacteroidia, o__Bacteroidales, f__Prevotellaceae,k__Bacteria; p__Bacteroidetes; c__Bacteroidia; o__Bacteroidales; f__Prevotellaceae; g__Prevotella; s__unclassified; 67356; FJ685070.1 gg_id:518228 Synecology primary and secondary habitats Escherichia coli O157:H7 fecal MARC beef cattle feedlot animal #4228 pen 301; was negative STEC O157 clone 6-1P23, FJ685070.1 gg_id:518228 Synecology primary and secondary habitats Escherichia coli O157:H7 fecal MARC beef cattle feedlot animal #4228 pen 301 was negative STEC O157 clone 6-1P23,9,33.0,0.91015625,1.0,0.08112634750228673,1121.0,1023.1570737672687,0.8382564863858263,0.9581536201140475,0.06666666666666667,True,1.0,13519.0,Healthy,Male,Placebo-resistant (STRICT-ADAPTIVE)
2384, g__unclassified, s__unclassified, p__Proteobacteria, c__Gammaproteobacteria, o__Chromatiales, f__Ectothiorhodospiraceae,k__Bacteria; p__Proteobacteria; c__Gammaproteobacteria; o__Chromatiales; f__Ectothiorhodospiraceae; g__unclassified; s__unclassified; 2384; EF157181.1 gg_id:251900 Microbial natural asphalts rancho la brea heavy oil seeps Rancho La Brea tar pits clone 101-185, EF157181.1 gg_id:251900 Microbial natural asphalts rancho la brea heavy oil seeps Rancho La Brea tar pits clone 101-185,9,-38.0,1.0,1.0,0.05742789416463938,569.0,601.6139122209341,0.8382564863858263,0.9581536201140475,0.06666666666666667,True,1.0,11844.0,Healthy,Male,Placebo-resistant (STRICT-ADAPTIVE)
24604, g__Faecalibacterium, s__unclassified, p__Firmicutes, c__Clostridia, o__Clostridiales, f__Ruminococcaceae,k__Bacteria; p__Firmicutes; c__Clostridia; o__Clostridiales; f__Ruminococcaceae; g__Faecalibacterium; s__unclassified; 24604; EU774095.1 gg_id:308016 Chimpanzee feces clone CHIMP1_aaj37h01, EU774095.1 gg_id:308016 Chimpanzee feces clone CHIMP1_aaj37h01,9,-257.0,1.0,1.0,0.167581802409581,1259.0,1271.1955500236775,0.7750513736700824,0.9376534160753778,0.08888888888888889,True,1.0,13334.0,Healthy,Male,Placebo-resistant (STRICT-ADAPTIVE)
40733, g__Actinomyces, s__unclassified, p__Actinobacteria, c__Actinobacteria, o__Actinomycetales, f__Actinomycetaceae,k__Bacteria; p__Actinobacteria; c__Actinobacteria; o__Actinomycetales; f__Actinomycetaceae; g__Actinomyces; s__unclassified; 40733; FM873536.1 gg_id:366843 occupant source house mattress dust clone MA01H12, FM873536.1 gg_id:366843 occupant source house mattress dust clone MA01H12,9,118.0,0.65234375,1.0,0.0722064651701636,910.0,615.2784387937256,0.9025232501776794,0.9754023282151151,-0.044444444444444446,True,1.0,11233.0,Healthy,Male,Placebo-resistant (STRICT-ADAPTIVE)
48410, g__Pelotomaculum, s__unclassified, p__Firmicutes, c__Clostridia, o__Clostridiales, f__Peptococcaceae,k__Bacteria; p__Firmicutes; c__Clostridia; o__Clostridiales; f__Peptococcaceae; g__Pelotomaculum; s__unclassified; 48410; DQ129561.1 gg_id:138436 microarray level air two cities Texas urban aerosol clone AKIW964, DQ129561.1 gg_id:138436 microarray level air two cities Texas urban aerosol clone AKIW964,9,33.0,1.0,1.0,0.11119392184344465,1003.0,804.5033538774093,0.967435545139537,0.9928887934220945,-0.022222222222222223,True,1.0,10005.0,Healthy,Male,Placebo-resistant (STRICT-ADAPTIVE)
50198, g__Veillonella, s__unclassified, p__Firmicutes, c__Clostridia, o__Clostridiales, f__Veillonellaceae,k__Bacteria; p__Firmicutes; c__Clostridia; o__Clostridiales; f__Veillonellaceae; g__Veillonella; s__unclassified; 50198; EF515580.1 gg_id:218801 Electricigen Enrichment MFC full-scale anaerobic bioreactor sludge treating brewery waste clone 30e02, EF515580.1 gg_id:218801 Electricigen Enrichment MFC full-scale anaerobic bioreactor sludge treating brewery waste clone 30e02,9,625.0,0.49609375,1.0,0.21125543752518094,3483.0,1951.097662832671,0.8382564863858263,0.9581536201140475,-0.06666666666666667,True,1.0,11246.0,Healthy,Male,Placebo-resistant (STRICT-ADAPTIVE)
50135, g__Dialister, s__unclassified, p__Firmicutes, c__Clostridia, o__Clostridiales, f__Veillonellaceae,k__Bacteria; p__Firmicutes; c__Clostridia; o__Clostridiales; f__Veillonellaceae; g__Dialister; s__unclassified; 50135; FJ832358.1 gg_id:593767 Microbial Ecology Crop Folivorous Hoatzin crop contents clone P1Q301_87G11, FJ832358.1 gg_id:593767 Microbial Ecology Crop Folivorous Hoatzin crop contents clone P1Q301_87G11,9,-75.0,0.91015625,1.0,0.0513561646756106,585.0,530.9443656144942,0.9674212610240318,0.9928887934220945,-0.022222222222222223,True,1.0,13627.0,Healthy,Male,Placebo-resistant (STRICT-ADAPTIVE)
25598, g__Faecalibacterium, s__Faecalibacterium prausnitzii, p__Firmicutes, c__Clostridia, o__Clostridiales, f__Ruminococcaceae,k__Bacteria; p__Firmicutes; c__Clostridia; o__Clostridiales; f__Ruminococcaceae; g__Faecalibacterium; s__Faecalibacterium prausnitzii; 25598; FJ684923.1 gg_id:519030 Synecology primary and secondary habitats Escherichia coli O157:H7 fecal MARC beef cattle feedlot animal #4228 pen 301; was negative STEC O157 clone 6-1H8, FJ684923.1 gg_id:519030 Synecology primary and secondary habitats Escherichia coli O157:H7 fecal MARC beef cattle feedlot animal #4228 pen 301 was negative STEC O157 clone 6-1H8,9,52.0,0.8203125,1.0,0.0778017752033892,578.0,729.1161109483484,0.774955307165551,0.9376534160753778,0.08888888888888889,True,1.0,13600.0,Healthy,Male,Placebo-resistant (STRICT-ADAPTIVE)
25799, g__unclassified, s__unclassified, p__Firmicutes, c__Clostridia, o__Clostridiales, f__Ruminococcaceae,k__Bacteria; p__Firmicutes; c__Clostridia; o__Clostridiales; f__Ruminococcaceae; g__unclassified; s__unclassified; 25799; GQ491881.1 gg_id:586525 Effect Diet on Human Gut Microbiome: Metagenomic Humanized Gnotobiotic Mice cecal contents Mus musculus strain C57BL/6J; PM2t2 clone PM2t2_a02b06, GQ491881.1 gg_id:586525 Effect Diet on Human Gut Microbiome: Metagenomic Humanized Gnotobiotic Mice cecal contents Mus musculus strain C57BL/6J PM2t2 clone PM2t2_a02b06,9,63.0,1.0,1.0,0.05903452625361002,978.0,619.5263304959506,0.7750513736700824,0.9376534160753778,0.08888888888888889,True,1.0,11378.0,Healthy,Male,Placebo-resistant (STRICT-ADAPTIVE)
30210, g__Corynebacterium, s__unclassified, p__Actinobacteria, c__Actinobacteria, o__Actinomycetales, f__Corynebacteriaceae,k__Bacteria; p__Actinobacteria; c__Actinobacteria; o__Actinomycetales; f__Corynebacteriaceae; g__Corynebacterium; s__unclassified; 30210; GQ046892.1 gg_id:437523 Topographical and Temporal Human Skin Microbiome skin gluteal crease clone nbw1006a10c1, GQ046892.1 gg_id:437523 Topographical and Temporal Human Skin Microbiome skin gluteal crease clone nbw1006a10c1,9,18.0,1.0,1.0,0.03323200473204777,378.0,320.55205325257936,0.967435545139537,0.9928887934220945,-0.022222222222222223,True,1.0,12358.0,Healthy,Male,Placebo-resistant (STRICT-ADAPTIVE)
50569, g__Veillonella, s__unclassified, p__Firmicutes, c__Clostridia, o__Clostridiales, f__Veillonellaceae,k__Bacteria; p__Firmicutes; c__Clostridia; o__Clostridiales; f__Veillonellaceae; g__Veillonella; s__unclassified; 50569; GQ114846.1 gg_id:374291 Topographical and Temporal Human Skin Microbiome skin interdigital web space clone nbw684a11c1, GQ114846.1 gg_id:374291 Topographical and Temporal Human Skin Microbiome skin interdigital web space clone nbw684a11c1,9,40.0,0.8203125,1.0,0.11353694803852202,1440.0,1096.3393346547005,0.7133031738784577,0.9207147820005681,0.1111111111111111,True,1.0,12495.0,Healthy,Male,Placebo-resistant (STRICT-ADAPTIVE)
24683, g__Faecalibacterium, s__unclassified, p__Firmicutes, c__Clostridia, o__Clostridiales, f__Ruminococcaceae,k__Bacteria; p__Firmicutes; c__Clostridia; o__Clostridiales; f__Ruminococcaceae; g__Faecalibacterium; s__unclassified; 24683; FJ678239.1 gg_id:524423 Synecology primary and secondary habitats Escherichia coli O157:H7 fecal MARC beef cattle feedlot animal #4017 pen 301; was positive STEC O157 clone 4-4J21, FJ678239.1 gg_id:524423 Synecology primary and secondary habitats Escherichia coli O157:H7 fecal MARC beef cattle feedlot animal #4017 pen 301 was positive STEC O157 clone 4-4J21,9,304.0,0.30078125,1.0,0.18899803089955447,941.0,1798.7211034633592,0.8382564863858263,0.9581536201140475,-0.06666666666666667,True,1.0,11486.0,Healthy,Male,Placebo-resistant (STRICT-ADAPTIVE)
26915, g__Ruminococcus, s__unclassified, p__Firmicutes, c__Clostridia, o__Clostridiales, f__Ruminococcaceae,k__Bacteria; p__Firmicutes; c__Clostridia; o__Clostridiales; f__Ruminococcaceae; g__Ruminococcus; s__unclassified; 26915; DQ808310.1 gg_id:195868 human fecal clone RL180_aao75b04, DQ808310.1 gg_id:195868 human fecal clone RL180_aao75b04,9,-20.0,0.8203125,1.0,0.16380656444208488,1179.0,1602.4822255488511,0.9025232501776794,0.9754023282151151,-0.044444444444444446,True,1.0,6248.0,Healthy,Male,Placebo-resistant (STRICT-ADAPTIVE)
